,wdsp,prcp,temp,sndp,total_num_of_crimes
1795,5.5,0,76.8,0,0.72406639
373,8.4,0,14.5,3.1,0.483760684
253,3.9,0,69.1,0,0.723104056
714,6.1,0,37.9,0,0.001184965
569,8,0,80,0,0.567521368
1476,6.7,0,76.6,0,0.754455446
1095,7.8,0.52,47.7,0,0.67047619
73,13.9,0.04,39.7,0,0.597883598
1578,7.7,0.52,73.2,0,0.627722772
1349,11.2,0.02,10.5,2,0.558095238
820,9.6,0,80.6,0,0.001464475
654,7.1,0,36.3,0,0.541880342
444,8.4,0.2,67.8,0,0.625641026
124,6.7,0.08,49.7,0,0.700176367
1191,6.7,0,69.2,0,0.796190476
747,8.1,0.05,45.1,0,0.001582577
1625,9.3,0,32.3,0,0.655445545
773,7.9,0.05,46.7,0,0.001299131
137,7,0,67.4,0,0.675485009
1871,9.5,0.5,68.8,0,0.717842324
1566,4.3,0,66.9,0,0.617821782
1052,8,0.08,59.7,0,0.632380952
257,11.5,0,56.9,0,0.661375661
789,8.7,0,47.3,0,0.001413297
215,10.1,0,78.3,0,0.64021164
185,3.8,0,73.1,0,0.677248677
46,14.5,0,12,0,0.546737213
1550,12.8,0,83.1,0,0.76039604
657,9.4,0,41.9,0,0.576068376
1845,11.8,0,69.6,0,0.709543568
1243,5.3,0,63.5,0,0.613333333
905,9.4,0.21,77.3,0,0.00154321
649,10.1,0,42.1,0,0.569230769
1123,6.1,0.03,55.4,0,0.615238095
1440,11.3,0,71.1,0,0.756435644
1601,7.7,0,48.6,0,0.687128713
666,14.7,0.09,34.9,0,0.588034188
490,10.7,0.48,63.1,0,0.625641026
1644,5.2,0,34.3,0,0.625742574
911,9.3,0.01,71.6,0,0.001389676
830,7.2,0,79.5,0,0.001440854
891,6.6,0.36,77.9,0,0.001519589
915,3.6,0.03,72,0,0.001330625
635,16.4,0.01,43.3,0,0.502564103
1745,11.5,0.29,54.1,0,0.804979253
755,9.7,0.12,49.3,0,0.001244016
913,9.6,0,74.1,0,0.001452664
1071,8,0.03,39,1.2,0.613333333
1756,6.9,0,71.4,0,0.778008299
1085,5.6,0,44.2,0,0.723809524
239,9.9,0.01,53.3,0,0.647266314
1808,12.2,0,71.9,0,0.744813278
1918,6.2,0,34.2,0,0.68879668
1911,9.2,0,39.1,0,0.647302905
726,7.9,0,50.1,0,0.001236143
411,9.4,0,50.1,0,0.579487179
47,7.6,0,13.7,0,0.553791887
620,15.2,0.06,42.2,0,0.533333333
184,6,0,72.1,0,0.71957672
511,4.3,0,71.5,0,0.579487179
624,8.9,0,60.3,0,0.687179487
1715,7.8,0.4,39.9,1.2,0.686721992
1276,13.7,0.99,59.5,0,0.582857143
803,10.7,0,74.9,0,0.001492032
439,5.2,0,52.3,0,0.615384615
1896,4.8,0,49.2,0,0.67219917
1289,11,0.51,47.8,0,0.651428571
1653,7.2,0.04,31.3,0,0.63960396
1184,8.4,0.17,78.2,0,0.697142857
661,4.2,0,55.3,0,0.55042735
1604,7.3,0,48.9,0,0.75049505
1205,3.5,0,76.8,0,0.761904762
126,9.7,0,62.7,0,0.693121693
169,6.9,0.17,64.7,0,0.746031746
1667,10.9,0,26.4,3.1,0.657676349
776,12.7,0.38,49.8,0,0.001401487
1944,3.7,0,31.3,0,0.643153527
736,4.8,0,40.1,0,0.001267637
1859,7.9,0,81.6,0,0.746887967
833,10.4,0,69.3,0,0.001432981
541,4.8,0,77.8,0,0.639316239
64,9.4,0,38.6,0,0.703703704
783,9.2,0,57.2,0,0.001480222
177,5.3,0,73.5,0,0.761904762
1120,8.5,0,48,0,0.577142857
853,5.7,0.78,78.8,0,0.001452664
1093,13.5,0,64.8,0,0.697142857
21,8.9,0,8.3,3.1,0.603174603
166,11,0.2,78.7,0,0.693121693
1539,5.1,0.18,75.7,0,0.756435644
1647,5.8,0,36.9,0,0.627722772
502,7.7,0,62.6,0,0.733333333
1166,10.1,0,79.3,0,0.727619048
750,8.5,0,36.1,0,0.001299131
543,4.4,0,72.7,0,0.635897436
1751,6.2,0,70.9,0,0.767634855
1412,10.5,0.09,35.6,0,0.631683168
705,10.4,0,21,0,0.001137724
248,11.4,0.12,65.4,0,0.680776014
1508,7.3,0.17,77,0,0.685148515
1321,6.6,0,38.9,0,0.592380952
937,5.6,0,59.8,0,0.001373929
1104,10.9,0.06,58.4,0,0.681904762
1127,6.2,0,63.3,0,0.668571429
1259,5.7,0,82.3,0,0.662857143
1,8.7,0.01,7.2,9.1,0.48324515
459,10.5,0,51.4,0,0.61025641
1467,7.1,0.01,63.5,0,0.752475248
287,17.2,0,43,0,0.716049383
1181,9.1,0,81.5,0,0.683809524
964,3.5,0,58.3,0,0.001318815
225,8.3,0.02,77.7,0,0.731922399
207,7,1.16,75.1,0,0.701940035
471,15.6,0.77,48.7,0,0.524786325
1690,10.7,0.15,47.1,0,0.659751037
199,4.7,0,76.8,0,0.731922399
1630,5.6,0,31,2,0.621782178
1218,4.8,0,74,0,0.699047619
232,11.4,0.22,81.1,0,0.687830688
430,14.1,0.42,50.8,0,0.61025641
1215,8.5,0,74,0,0.651428571
574,6.8,0.13,60.3,0,0.615384615
1860,6.3,0.37,74.2,0,0.825726141
1167,10.4,0.02,76.7,0,0.634285714
347,11.6,0,8,2,0.509401709
560,5.6,0.22,70.8,0,0.611965812
1119,12.3,0.07,50.5,0,0.634285714
458,12.9,0,74.6,0,0.634188034
668,10.7,0,25.3,0,0.514529915
850,8.5,0,72.6,0,0.001456601
168,9.3,0.03,69.2,0,0.705467372
1363,13.8,0,48.5,0,0.621782178
27,8.7,0.01,7.3,9.1,0.553791887
895,6.2,0,78.4,0,0.001649502
1939,9.6,0,30.1,0,0.641078838
367,9.2,0,29.7,0,0.582905983
83,6.4,0,44.7,0,0.574955908
667,11,0,29.8,0,0.51965812
1877,9,0.73,64.1,0,0.676348548
245,4.3,0,62.3,0,0.735449735
1645,6.4,0.36,40.6,0,0.689108911
1546,8.8,0,69.2,0,0.685148515
1921,4.2,0.03,42.5,0,0.730290456
260,13.5,0.1,44.5,0,0.589065256
1106,11.1,0,50.3,0,0.617142857
1092,9.2,0,51.2,0,0.594285714
1251,7.8,0,77.8,0,0.697142857
144,5,0,73.5,0,0.754850088
1560,9.7,0.46,68.9,0,0.665346535
1822,5.7,0,80.1,0,0.769709544
847,12.1,0,82.9,0,0.001432981
1164,8.8,0.23,66.6,0,0.712380952
435,13.1,0.29,45.9,0,0.567521368
825,11.5,0,84.6,0,0.001669186
1253,7.5,0,69.2,0,0.699047619
553,7.8,0,75.3,0,0.699145299
308,6.9,0,22.9,0,0.610229277
841,7.6,0,79.1,0,0.001393613
1117,11.9,0,48.9,0,0.638095238
1458,4.1,0,83.4,0,0.84950495
963,6.2,0,56.1,0,0.001330625
1177,6.6,0,75.2,0,0.826666667
1490,8.4,0,83.5,0,0.700990099
923,12.7,0.03,67.8,0,0.001436917
301,7.5,0,27.9,0,0.624338624
1683,9.4,0,21.5,0,0.628630705
1606,10.4,0.14,47.7,0,0.621782178
1538,4.5,0.13,77.3,0,0.758415842
125,7.7,0,58.1,0,0.721340388
962,4.6,0,54.9,0,0.001488095
1844,9.7,0.45,72.9,0,0.701244813
1564,3.4,0,67.5,0,0.663366337
79,9,0,41.8,0,0.668430335
778,11.9,0.4,52.2,0,0.001291257
1143,9.7,0,66,0,0.739047619
50,5.7,0,17,2,0.585537919
92,10.3,0.16,31.8,1.2,0.597883598
95,6.6,0,49,0,0.661375661
34,10.4,0,20.4,7.1,0.587301587
764,9.2,0,61.5,0,0.001342435
1626,10.2,0,32.6,0,0.697029703
1069,11,0.02,24.1,3.1,0.579047619
344,5.1,0,28.4,0,0.538461538
744,3.7,0,45.9,0,0.001440854
1457,5.2,0.13,78.3,0,0.851485149
328,7.5,0,30.2,0,0.627865961
330,7.3,0,49.3,0,0.57319224
664,8,0.15,43.2,0,0.601709402
1469,6.8,0,65.6,0,0.693069307
1385,11.9,0.04,31.7,0,0.615841584
892,5,0.06,74.2,0,0.001401487
1379,11.1,0,50.1,0,0.645544554
1314,12.2,0.53,43.7,0,0.611428571
1078,10.6,0.5,43.7,0,0.613333333
676,12.9,1.82,35.5,0,0.514529915
1402,10,0,41.4,0,0.691089109
673,14.3,0.84,43.2,0,0.548717949
1585,14.8,0.06,66.2,0,0.592079208
1815,9.8,0,77.5,0,0.798755187
213,6.9,0,71.7,0,0.633156966
1901,9,0.05,49.2,0,0.68879668
638,8.8,0,53.1,0,0.613675214
1846,10.6,0,71.5,0,0.838174274
1201,8.1,0.07,78.6,0,0.681904762
1692,15.7,0.32,38.6,0,0.699170124
812,9.6,0,64,0,0.001310941
1792,8,0,80.1,0,0.821576763
761,6.1,0,64.7,0,0.001279447
738,11,0,45.7,0,0.001295194
1211,6.6,0,70.5,0,0.723809524
428,7.4,0,62.3,0,0.576068376
89,10.5,0,64.6,0,0.747795414
994,9.5,0.28,27,3.1,0.001161344
932,9.4,0,72.2,0,0.001417234
861,4.4,0,80.9,0,0.001763668
935,5.8,0,54.1,0,0.001291257
1483,12.3,2.56,63.2,0,0.695049505
1743,7.8,0.13,58,0,0.77593361
1608,7.1,0,53.5,0,0.691089109
1884,8.3,0.28,60.3,0,0.647302905
1220,6.5,0,77.1,0,0.697142857
1387,5.8,0,30.1,0,0.732673267
1453,4.3,1.24,60,0,0.774257426
1033,13.6,0.01,38.2,0,0.624761905
1290,7,0.43,44.8,0,0.64
1115,14.9,0.37,46.1,0,0.56952381
240,7.7,0.1,49.8,0,0.566137566
1070,6.3,0,29.8,1.2,0.59047619
495,5,0,72.3,0,0.594871795
1003,14.4,0.26,47.4,0,0.001149534
331,10.1,0,47,0,0.596119929
1536,4.2,0,80.5,0,0.75049505
1029,11.7,0,29,0,0.653333333
800,8.6,1.02,73.2,0,0.001452664
1824,5.9,0,77.8,0,0.751037344
1040,6.8,0.32,46,0,0.617142857
1368,5.7,0,24.5,11,0.615841584
525,6,0,79.2,0,0.699145299
1171,6,0,65.3,0,0.746666667
431,16.2,0,47.6,0,0.547008547
561,4.3,0.15,71,0,0.634188034
1836,3.6,1.37,77.8,0,0.81120332
997,8.1,0,2.2,3.1,0.001133787
1841,8.7,0,69.4,0,0.7593361
314,7.5,0,25.2,0,0.499118166
1612,4.2,0,43,0,0.687128713
677,8.4,0,28.5,3.1,0.51965812
606,9.5,0,57.3,0,0.67008547
602,9.8,0,63.3,0,0.598290598
1857,5.7,0.05,67.5,0,0.742738589
725,9.4,0.06,62.1,0,0.001299131
805,7.9,0,73.4,0,0.001405423
130,4.8,0,60.1,0,0.670194004
1733,10.9,0.41,47.4,0,0.692946058
1461,7.8,0,77.5,0,0.792079208
1723,3.5,0,57.7,0,0.721991701
1511,11.5,0.01,75.7,0,0.734653465
1298,4.9,0.34,47.6,0,0.638095238
209,6.9,0.01,69.9,0,0.733686067
142,7.2,0.1,64.9,0,0.698412698
607,8.8,0,51.1,0,0.523076923
1037,10.7,0,24.1,0,0.552380952
536,5.1,0,75.6,0,0.618803419
1281,7.1,0.31,52.3,0,0.67047619
972,8,0,49,0,0.001236143
460,9.1,0,46.2,0,0.635897436
359,4.8,0,32.2,0,0.618803419
1417,10.6,0.02,59.5,0,0.702970297
323,7.3,0,34.9,0,0.537918871
1344,8,0,35.1,0,0.681904762
420,19.2,0.82,54.5,0,0.613675214
1288,8.6,1.19,53.1,0,0.666666667
67,7.8,0,42.1,0,0.679012346
1948,10.7,0.76,54.3,0,0.701244813
999,7.5,0,28.1,3.1,0.001326688
1157,6.7,0,80.3,0,0.742857143
557,5.3,0,64.2,0,0.596581197
760,6,0,61,0,0.001299131
775,10.6,0.71,46.9,0,0.001472348
846,9.2,0,81.3,0,0.001247953
1757,8.6,0,71.4,0,0.771784232
590,9.3,0,67.6,0,0.576068376
1679,12.9,0,23.7,0,0.709543568
598,5.5,0,62.3,0,0.586324786
696,9,0,30.5,0,0.001259763
1759,7.8,0,58.9,0,0.697095436
1563,9.3,0,66.6,0,0.683168317
106,9.8,0.43,56,0,0.684303351
1061,9,0,33.7,0,0.548571429
968,10.8,0,51.3,0,0.001228269
672,10.7,0.01,50.6,0,0.603418803
1202,12.4,0,74.2,0,0.737142857
619,11.9,0.48,53.8,0,0.555555556
1802,7.1,0.07,77.6,0,0.744813278
1178,7.9,0.01,74.5,0,0.740952381
679,10.5,0,28.5,2,0.001220396
1776,10.6,0.5,60.4,0,0.709543568
529,6.8,0,82.9,0,0.673504274
906,4.3,0.01,75.2,0,0.00140936
307,13.7,0,24.6,0,0.552028219
1028,11.5,0.02,34.3,0,0.592380952
1736,8.8,0,50.1,0,0.77593361
474,6,0,65.3,0,0.666666667
863,4.4,0,78.8,0,0.001472348
363,7.3,0.06,25.9,1.2,0.572649573
1913,11.6,0,30.2,0,0.639004149
942,10,0,61.4,0,0.001401487
1580,6.1,0,59,0,0.601980198
1875,8.5,0,64.7,0,0.630705394
62,17.7,0,24.9,0,0.51675485
1206,5.4,0,77.2,0,0.695238095
506,3.5,0,76,0,0.717948718
374,15.9,0,21.1,3.1,0.47008547
816,9.4,0,85.2,0,0.00154321
1210,6.1,0,71.9,0,0.773333333
1237,4.1,0,64,0,0.67047619
920,6.5,0,74,0,0.001413297
1111,12.2,0.37,54.6,0,0.647619048
1772,5.7,0.2,59.9,0,0.670124481
1465,9.6,0,68,0,0.730693069
56,13,0,45.7,0,0.705467372
473,4.6,0,58,0,0.608547009
818,5.7,0,71.1,0,0.001472348
1391,9.9,0,31.7,0,0.598019802
1279,5,0,64.6,0,0.554285714
1405,7.7,0,39.6,0,0.647524752
368,6.4,0.05,25.4,16.1,0.48034188
890,10.6,0,76.9,0,0.001582577
1552,7.5,0.02,68.5,0,0.786138614
513,5.9,0.09,75,0,0.622222222
1888,7,0,62.9,0,0.639004149
634,19.9,0.74,49.7,0,0.55042735
1854,8.8,0,68.4,0,0.728215768
319,10.4,0,32.4,0,0.627865961
1505,5,0.01,78.3,0,0.669306931
1126,6.4,0,63.2,0,0.634285714
959,9.5,0,67.1,0,0.001712491
1322,4.5,0,46.3,0,0.662857143
1295,11.5,0,45,0,0.634285714
1514,8.8,0.26,73.6,0,0.81980198
1520,4,0,72.4,0,0.695049505
1781,11.4,0.05,74,0,0.807053942
1607,6.3,0.01,46.9,0,0.691089109
1779,8.9,0.12,74.2,0,0.738589212
103,10.6,0.01,51.9,0,0.62962963
981,6.9,0,39,0,0.001271573
365,6.8,0,28.7,0,0.502564103
123,8.9,0.08,42.9,0,0.712522046
161,6,0.13,77.6,0,0.69664903
26,3.7,0,17.4,3.9,0.520282187
1794,7.2,0,73.3,0,0.854771784
383,10.6,0.04,30.7,3.9,0.535042735
793,4.2,0,57.5,0,0.001401487
1769,13.9,0.72,59,0,0.676348548
702,10,0,28.1,0,0.001291257
648,6.9,0,36.8,0,0.487179487
1628,10,0.17,45.4,0,0.59009901
1335,6.5,0,31.5,0,0.697142857
1162,10.8,0.03,75.6,0,0.697142857
1847,7,0,70.8,0,0.680497925
1551,7.6,0.84,72.2,0,0.669306931
88,4.5,0,55.4,0,0.60670194
1694,6.1,0,36.1,0,0.67219917
1855,7.6,0,68.1,0,0.730290456
1593,5.3,0,47.9,0,0.588118812
1742,9.2,0.28,57.5,0,0.771784232
1000,8.5,0,35.6,2,0.001208585
734,7.3,0,39.5,0,0.001181028
1015,8.8,0.03,22.9,0,0.681904762
509,7.2,0.05,62.5,0,0.569230769
1270,4.4,0.06,65.9,0,0.592380952
931,7,0,66.7,0,0.001295194
781,12.2,0,65.1,0,0.001354245
1865,6.9,0,70.3,0,0.755186722
475,7.2,0,71,0,0.623931624
503,9.3,0,62.8,0,0.6
1175,8.8,0.01,76.3,0,0.80952381
685,10.8,0,41.1,0,0.001389676
1780,9.4,0.13,73.2,0,0.794605809
796,5.4,0,67.2,0,0.001326688
296,9.3,0,43.2,0,0.523809524
843,7.5,0.04,78.6,0,0.001440854
1214,7.7,0,75.6,0,0.67047619
1307,7.9,0,30.1,0,0.607619048
219,3.5,3.17,78.9,0,0.707231041
1338,10.7,0,25.2,0,0.622857143
1829,4.4,0,77.3,0,0.703319502
446,5.4,0.01,60.1,0,0.579487179
1035,11,0,22,0,0.571428571
706,11.8,0,11.5,0,0.001169218
695,13.4,0,35.7,0,0.001346372
1113,15,1.88,45.2,0,0.6
1814,10.1,0,81.5,0,0.769709544
167,11.6,0.2,80.4,0,0.682539683
102,11,0.24,57.9,0,0.701940035
1303,10.3,0,43.4,0,0.588571429
626,5.2,0,60.3,0,0.673504274
354,12.1,0,36.8,1.2,0.591452991
1148,7.3,0,81,0,0.699047619
924,11.4,0.02,62.4,0,0.001389676
1020,9.1,0.43,33.6,0,0.636190476
749,16,0,40.4,0,0.001236143
1639,4.5,0,24.5,0,0.611881188
881,6.7,0,75.5,0,0.001476285
1366,14.5,0,35.8,0,0.659405941
1668,8.8,0,32.4,2,0.678423237
1222,10.3,0.07,75.1,0,0.76952381
1708,4.2,0,52.3,0,0.726141079
652,8.4,0.1,34.2,0,0.574358974
1032,9.7,0,24.1,0,0.655238095
616,6.1,0.12,52.8,0,0.555555556
1660,9.8,0,30.8,0,0.753112033
1718,10.9,0.08,58.6,0,0.661825726
1677,16.7,0.01,20.6,1.2,0.639004149
175,6.4,0,73.4,0,0.774250441
1084,15.7,0.88,39.6,0,0.744761905
887,8.9,1.01,68.5,0,0.001480222
564,7.5,0,83.9,0,0.743589744
1266,8.2,0,61.5,0,0.727619048
285,9.5,0.03,48.5,0,0.675485009
1451,9.1,0.01,51.5,0,0.697029703
1258,5.3,0,84.4,0,0.733333333
1516,5.5,0,79.1,0,0.782178218
30,6.7,0,6.9,7.9,0.490299824
1380,9.9,0,51.8,0,0.60990099
1436,7.1,0,70.7,0,0.774257426
1758,7.5,0.03,60.9,0,0.738589212
61,9.7,0,37,0,0.62962963
1930,11.7,0.06,33.3,0,0.661825726
238,10.9,0.57,56.6,0,0.624338624
1125,6.3,0,59,0,0.79047619
258,7.1,0,69.8,0,0.687830688
1635,8.4,0,30.8,0,0.687128713
94,12.7,0,50.7,0,0.767195767
1594,10.5,0.17,44.5,0,0.627722772
1568,5.1,0,70.3,0,0.742574257
1561,15.4,0.08,67.1,0,0.621782178
948,11.5,0,49.5,0,0.001401487
1424,9.2,0,51,0,0.605940594
1513,11.9,0.06,71.6,0,0.778217822
1746,10.2,0.05,49.5,0,0.721991701
139,14.3,0,78.1,0,0.758377425
297,8.3,0,52.6,0,0.62962963
237,12.4,1.04,74.6,0,0.647266314
117,6.6,0.59,64.2,0,0.613756614
325,11.4,0.1,37.4,0,0.552028219
1437,8,0,63.5,0,0.631683168
1785,5.7,0.45,80.4,0,0.834024896
11,8.1,0,15.5,1.2,0.552028219
1239,10.9,0,73.5,0,0.662857143
1466,11.2,0,67.2,0,0.706930693
379,12.6,0,13.9,3.1,0.557264957
1548,6.8,0.06,83.5,0,0.726732673
23,6.4,0,24.9,2,0.589065256
242,4,0,58.4,0,0.636684303
134,8.3,0.08,76,0,0.631393298
1018,4.8,0,34.3,0,0.573333333
114,9.3,0,63.8,0,0.656084656
893,7.8,0.65,75.9,0,0.001582577
227,6.4,0,78.1,0,0.641975309
1225,7,0.06,79.5,0,0.662857143
1329,15.2,0,57.1,0,0.71047619
1926,7.3,0,45.5,0,0.680497925
160,4.8,0.08,73.1,0,0.686067019
1501,8.5,0,82.2,0,0.758415842
711,11.8,0,51.2,0,0.001125913
263,9.8,0,57.2,0,0.627865961
703,6.3,0,30.5,0,0.001208585
960,3.7,0,64.6,0,0.001334562
228,10.9,0,78.8,0,0.814814815
1537,6,0,80.2,0,0.827722772
838,6,0,70.4,0,0.001488095
1614,10.3,0.36,48.3,0,0.691089109
1189,5.2,0,71,0,0.782857143
1848,8.2,0,68.3,0,0.701244813
482,6.2,0.01,72.1,0,0.694017094
927,12.5,0.72,63.3,0,0.001377866
577,8.6,0,73.5,0,0.629059829
956,10.7,0,67.1,0,0.001625882
1051,7.4,0,55.1,0,0.64
189,14.5,0.19,73.4,0,0.71957672
1434,6.4,0.45,65.4,0,0.708910891
886,9.6,0,75.8,0,0.001515653
246,7.9,0,65.4,0,0.710758377
674,9.6,0,41.6,0,0.514529915
1933,5.3,0,36.8,0,0.670124481
78,17.1,0.03,47.1,0,0.78659612
355,10.9,0,38.7,0,0.548717949
662,8,0.05,59.7,0,0.502564103
1791,6.4,0,82.8,0,0.877593361
15,7.6,0,6.9,5.1,0.522045855
1885,7,0,60.1,0,0.692946058
1415,5.7,0,37.1,0,0.659405941
276,8.5,0,55.5,0,0.659611993
757,7.3,0,44.7,0,0.001307004
1790,6.2,0.01,78.8,0,0.728215768
1554,9.3,1.07,76.9,0,0.805940594
1703,11.3,0.61,40.2,0,0.645228216
25,3.5,0,11.4,3.9,0.557319224
1193,6.8,0,80.5,0,0.704761905
933,3.5,0.06,67.8,0,0.001354245
548,6.9,0,81.2,0,0.629059829
628,14.1,0.47,55.8,0,0.642735043
903,9.3,0,83.8,0,0.001519589
1616,14.5,0.01,38.5,0,0.631683168
531,9.5,0,80,0,0.656410256
332,8,0.12,44.3,0,0.529100529
38,7.7,0,38.2,3.9,0.596119929
255,3.5,0,68.9,0,0.694885362
910,7.8,0,74.4,0,0.00140936
499,5,0,70,0,0.545299145
801,8.7,0,76.1,0,0.001417234
1448,5.9,0,65.2,0,0.714851485
1227,8.2,0.05,69.5,0,0.691428571
1839,8,0,74.3,0,0.699170124
1470,4.6,0.28,66.5,0,0.700990099
1684,8.6,0,26.3,0,0.645228216
1905,4,0.03,48.8,0,0.690871369
656,4.4,0,37.2,0,0.591452991
1486,10,0,70.1,0,0.78019802
1498,7,0,71.7,0,0.742574257
1072,12.1,0,42.4,0,0.598095238
1357,10.4,0,39.7,0,0.651485149
110,12.8,0.04,57,0,0.622574956
631,3.4,0,46.1,0,0.564102564
1632,11.6,0,38.5,1.2,0.722772277
538,7.5,0,76.4,0,0.700854701
1867,5.8,0,74.3,0,0.819502075
976,13.7,0,62.8,0,0.001425107
318,8.7,0,27.8,0,0.564373898
41,10.6,0,29.9,1.2,0.507936508
486,6.7,1.54,76.4,0,0.564102564
940,6.6,0.5,49.6,0,0.001291257
587,7.6,0,69.2,0,0.618803419
643,8.8,0,31,2,0.52991453
967,8.8,0.01,51.5,0,0.001177091
629,8.3,0,46.4,0,0.55042735
1209,7.2,0.01,67.7,0,0.84
1763,7.9,0,67.3,0,0.831950207
1305,9,0,39,0,0.582857143
897,8.8,0.17,74.6,0,0.001464475
979,4.9,0,35.5,0,0.00128732
1161,9.1,0.02,80.5,0,0.674285714
1927,5.5,0,42.1,0,0.695020747
1369,7.4,0,34,5.9,0.588118812
1376,10.3,0.14,40.7,0,0.635643564
42,8.9,0,23.8,0,0.513227513
1245,6.9,0,62.5,0,0.643809524
264,9.8,0,57.5,0,0.622574956
13,7.7,0,34,1.2,0.559082892
518,7.8,0.52,80,0,0.630769231
1770,10.6,0.02,66,0,0.79253112
1147,6.2,0,75.2,0,0.727619048
731,19.8,0.22,54.7,0,0.00128732
581,3.2,0.04,62.4,0,0.608547009
1714,11.2,0.13,44.3,0,0.657676349
1624,6.4,0.15,34.4,0,0.596039604
45,12.9,0,8.4,0,0.57319224
433,7.9,0,44.5,0,0.629059829
686,11.2,0.02,30.4,0,0.00114166
1670,10.4,0,20.3,5.1,0.649377593
1908,10.3,0,39.5,0,0.670124481
1663,15.5,0,45.6,0,0.639004149
1283,10.2,0,60,0,0.676190476
317,11.5,0,25.3,0,0.710758377
1351,6,0,30.5,1.2,0.633663366
1016,5.4,0,30.1,0,0.548571429
1048,6.9,0,46.4,0,0.76
1936,10.1,0,39.9,0,0.622406639
1806,12.9,0.01,86,0,0.765560166
109,9.8,0.08,49.1,0,0.728395062
1900,16.1,0.08,50.8,0,0.636929461
763,8.7,0,55.9,0,0.001318815
961,5.3,0.3,57.8,0,0.00142117
408,6.2,0,29.2,0,0.533333333
722,8.9,0,40.8,0,0.001137724
293,15.3,0,48.5,0,0.592592593
419,9.1,0.21,54.6,0,0.553846154
794,6.1,0,60.8,0,0.001495969
1353,15.9,0.01,56.6,0,0.611881188
1534,5.4,0,79.9,0,0.811881188
305,15.2,0,15.6,0,0.552028219
1712,15.8,0.06,45.6,0,0.728215768
1850,3.8,0.67,71.3,0,0.782157676
1088,8.1,0.24,48.6,0,0.683809524
746,15.2,0.39,60.9,0,0.001354245
1524,7.8,0.04,77.7,0,0.861386139
1525,4.9,0,77.1,0,0.851485149
156,6.8,0.84,68.3,0,0.724867725
1176,7.4,0,75.4,0,0.683809524
278,5.8,0,50.4,0,0.590828924
192,7.3,0,75.5,0,0.680776014
639,12,0.03,53.1,0,0.54017094
1739,4,0,55.7,0,0.773858921
427,3.8,0,62.4,0,0.632478632
1688,10.5,0,35,0,0.630705394
341,11.8,0,45.8,0,0.57319224
1863,9.3,0,71.6,0,0.780082988
526,8.2,0,80.8,0,0.64957265
1760,7.6,0,67,0,0.790456432
1744,10.7,0.47,66.1,0,0.736514523
684,8.6,0,33.9,1.2,0.001314878
477,9.6,0,62.4,0,0.564102564
306,12.2,0,24.5,0,0.532627866
407,12.1,0.01,30.8,1.2,0.601709402
1827,5.3,0,75,0,0.734439834
517,6.9,0,69.4,0,0.531623932
595,13,0.02,53.4,0,0.492307692
1386,10,0.01,28.8,0,0.592079208
1887,7.5,0,61.7,0,0.728215768
1666,4.4,0,26.7,0,0.730290456
519,8,0.03,82.5,0,0.613675214
1661,8.4,0,37.9,0,0.70746888
1286,11.3,0,68.6,0,0.672380952
954,7.4,0.63,49,0,0.001283384
1787,6.9,0.26,79.2,0,0.919087137
1398,13,0,34.3,0,0.60990099
366,12.7,0.03,36.1,0,0.582905983
613,7.5,0,61.2,0,0.618803419
1046,12.1,0,34.4,0,0.596190476
974,2.9,0,49.6,0,0.001429044
1394,9.7,0.14,36.7,0,0.691089109
532,9.9,0,80.7,0,0.668376068
39,6.5,0.27,37,2,0.590828924
280,5.1,0,59.1,0,0.693121693
806,6,1.09,69.9,0,0.001751858
423,10.5,0.11,63.3,0,0.625641026
797,5.7,0,68.5,0,0.001495969
36,8.7,0,23.9,11,0.504409171
352,9.1,0,23.5,3.1,0.664957265
1139,5.4,0,60.8,0,0.672380952
1280,12.9,5.2,60.9,0,0.563809524
1293,10.9,0,38.7,0,0.56952381
1418,9.5,0.02,45.8,0,0.702970297
1512,10.8,0.52,71.5,0,0.693069307
1481,6.3,0.03,70.4,0,0.930693069
33,6.8,0,22.2,7.1,0.507936508
345,4.9,0.08,34.3,0,0.478632479
1226,11.1,0.69,75.2,0,0.740952381
436,10.7,0.34,47.1,0,0.606837607
745,11.2,0,51.4,0,0.00140936
146,7.3,0.21,65.9,0,0.701940035
1729,10.4,0.32,48.6,0,0.751037344
163,6,0.02,66.1,0,0.712522046
580,9.6,1.7,66.8,0,0.622222222
322,11,0,39,0,0.567901235
335,4.1,0,31.2,0,0.67372134
1592,7.3,0,41.6,0,0.63960396
700,9.2,0,37.1,0,0.001153471
902,8.1,0,77.6,0,0.001488095
1748,13.1,0.02,72.1,0,0.825726141
1294,7.6,0.01,40,0,0.632380952
99,10.9,0.51,53.3,0,0.634920635
295,11.3,0,45.1,0,0.58377425
907,7.8,0.02,70.3,0,0.001314878
1500,7.3,0,80.1,0,0.752475248
623,10.9,0.74,54.7,0,0.709401709
1425,9.1,0,51.9,0,0.63960396
1319,10,0,44.8,0,0.605714286
165,9.2,0,81.3,0,0.708994709
729,4.7,0.79,46.3,0,0.001318815
857,7.7,0.74,81.1,0,0.001488095
1914,7.6,0,24.6,0,0.649377593
1006,13.4,0,35,0,0.001244016
1832,7.9,0.45,71.5,0,0.742738589
380,6.7,0,10,5.9,0.492307692
222,5,0.78,77.1,0,0.705467372
147,6.4,0,63.3,0,0.564373898
1441,9.5,0.21,66.1,0,0.712871287
636,7,0,42.3,0,0.555555556
831,8.7,0,82.8,0,0.001346372
1001,6.1,0,32.2,2,0.001314878
1087,6.5,0,49.3,0,0.620952381
925,9.4,0.01,57.3,0,0.001184965
1081,9.6,0,43.1,0,0.607619048
1518,8.3,0,71.1,0,0.764356436
1456,6.6,0,78.5,0,0.772277228
743,9.7,0.17,46.2,0,0.00155502
1156,11.8,0,84.7,0,0.64952381
829,7.3,0,73.3,0,0.001429044
1931,10.1,0,33.5,0,0.632780083
1089,12.7,0.12,44.9,0,0.603809524
470,10.3,0.23,66,0,0.565811966
494,9,0.04,77.2,0,0.601709402
1464,10.8,0.54,67.5,0,0.78019802
840,6.3,0,77.2,0,0.001771542
926,13.7,0.52,62.7,0,0.00125189
1709,7.3,0,59.4,0,0.699170124
1572,8.7,0,71.1,0,0.726732673
721,8,0.03,34.6,1.2,0.001149534
196,5.5,0,70.1,0,0.627865961
151,6.3,0,68.6,0,0.691358025
188,9.9,0,81.1,0,0.716049383
172,9.9,0.01,75.3,0,0.721340388
24,5.2,0.07,26.8,3.9,0.677248677
785,5.4,0.35,60.4,0,0.001507779
288,13.5,0.04,40,0,0.723104056
621,4.5,0,46.9,0,0.622222222
832,8.8,0.2,81.9,0,0.001480222
1065,19.4,0,46.3,0,0.584761905
690,6.5,0.01,30,1.2,0.001220396
391,6.5,0,44.7,0,0.584615385
770,11.8,0.01,54.5,0,0.0012637
1876,9.3,1.54,63.6,0,0.649377593
74,13.7,0.1,43.5,0,0.633156966
1671,4.3,0.03,9.2,7.1,0.773858921
1372,8.9,0,44.5,0,0.617821782
814,6.4,0,63.9,0,0.001468411
1730,6.6,0.02,50.9,0,0.657676349
1027,9.9,0.03,38.9,0,0.664761905
1717,8.5,0,57.9,0,0.692946058
362,10.3,0,34.1,1.2,0.535042735
298,12.5,0,50.5,0,0.532627866
945,14.2,0,74.3,0,0.001480222
655,5.2,0,38.7,0,0.538461538
1650,9.3,0,40.1,0,0.679207921
988,7.7,0.02,38.6,0,0.001346372
1495,6.9,0,83.9,0,0.740594059
454,8.7,0,55.3,0,0.641025641
1416,9.6,0,48.5,0,0.76039604
1852,9.3,0.17,68.4,0,0.674273859
483,6.1,0.28,65.9,0,0.687179487
1589,8,0.12,77.3,0,0.710891089
1238,6.3,0.26,68.4,0,0.657142857
194,13.3,0.04,68,0,0.733686067
229,6.8,0,77,0,0.677248677
584,4.6,0,70.6,0,0.663247863
1735,10.6,0.38,63.2,0,0.721991701
1801,10,0,82.3,0,0.771784232
1941,5.1,0,34.2,0,0.670124481
141,9,0.02,67,0,0.647266314
1725,9.6,0.4,46.8,0,0.701244813
1287,12.5,0,66,0,0.628571429
1463,8.7,0,60.9,0,0.736633663
943,7.8,0.54,69.4,0,0.001413297
1558,10.1,0,83.1,0,0.643564356
612,10.1,0.09,66.2,0,0.658119658
1347,9.3,0,32.8,0,0.634285714
1919,5.4,0,37.9,0,0.676348548
678,10.9,0,28.8,2,0.00112985
554,9.9,0,74.1,0,0.603418803
1509,7.8,0,72.6,0,0.792079208
270,8.3,0.48,64.7,0,0.633156966
559,4.9,0,68.8,0,0.611965812
765,6.4,0.35,62.8,0,0.00127551
1248,5.2,0,67.6,0,0.626666667
1917,5,0,34.7,1.2,0.636929461
254,4.5,0,69.6,0,0.742504409
1231,7.4,0,70.3,0,0.598095238
1316,11.8,0,39.2,0,0.653333333
1103,8.1,0,64.5,0,0.71047619
1309,5.2,0.09,37.9,0,0.636190476
275,6.1,0.02,45.9,0,0.615520282
1090,18.7,1.35,42.9,0,0.605714286
1273,9.4,0.44,65.5,0,0.617142857
1310,7.3,0,40.8,0,0.643809524
193,10.3,0,79.2,0,0.735449735
203,7.2,0,74.4,0,0.767195767
1494,6.1,0,78.5,0,0.788118812
1553,5.9,0,72.4,0,0.720792079
84,6.9,0,46,0,0.643738977
1893,8,0,52.3,0,0.736514523
1213,3.5,0,74.6,0,0.725714286
1244,8.9,0,64.5,0,0.60952381
1825,10.1,0,80.2,0,0.79253112
1137,9.6,0.7,57,0,0.681904762
1600,6.7,0,47.8,0,0.655445545
969,12.4,0,51.4,0,0.001342435
515,9.3,0.66,78,0,0.58974359
658,7.8,0,48.2,0,0.517948718
1648,6.8,0,35.6,0,0.621782178
1074,9.5,0,43.3,0,0.619047619
914,8.8,0.06,74.8,0,0.001499906
1364,13.2,0,28.4,0,0.617821782
1083,12.2,1.33,44.1,0,0.615238095
1786,5.7,0,78.4,0,0.713692946
704,7.3,0,32.3,0,0.00110623
1419,16.9,0.29,40.4,0,0.586138614
1050,2.2,0,51.4,0,0.64
1208,12.4,0.66,62.9,0,0.887619048
375,9.1,0,18.2,3.1,0.509401709
1943,10.2,0,26.6,0,0.653526971
1724,14.5,0.06,56.5,0,0.786307054
1521,5.7,0,72.5,0,0.734653465
1937,9.1,0.01,47.2,0,0.639004149
412,8.5,0,55.9,0,0.753846154
1397,17,0,33.8,0,0.633663366
417,6.3,0,55,0,0.560683761
1929,9.1,0.16,40.5,0,0.686721992
665,11.9,0,45.1,0,0.564102564
795,8.4,0,64.5,0,0.001480222
437,11.9,0,49.1,0,0.6
488,4,0,63.5,0,0.617094017
1579,9.3,0.24,61.5,0,0.693069307
751,10.6,0.08,46.3,0,0.001153471
1711,9.8,0,60.9,0,0.649377593
1256,5.9,0,84,0,0.647619048
1615,12.8,0.29,48.3,0,0.738613861
1837,4.6,0,75.9,0,0.686721992
377,6.3,0,23.4,3.1,0.512820513
1131,16.6,0.48,75.5,0,0.67047619
1672,8.6,0,26.6,3.9,0.643153527
1367,11.5,0,28.8,0,0.736633663
710,20.9,0,50.2,0,0.001318815
1599,14.5,0.06,47.4,0,0.695049505
992,12.9,0,28.1,0,0.001244016
1869,9,0,76.6,0,0.7406639
1649,4.5,0,30.5,0,0.615841584
1531,7.9,0.01,78.5,0,0.718811881
1535,4,0,77.9,0,0.78019802
1923,8.2,0.31,37.2,0,0.665975104
900,6.5,0,70.2,0,0.001401487
1499,4.7,0,75.6,0,0.76039604
138,7,0,72.9,0,0.638447972
1818,5.5,0,71,0,0.883817427
632,3.5,0,48.9,0,0.531623932
1075,14.1,0,32.3,0,0.63047619
1455,5.3,0,71.8,0,0.805940594
953,9.9,0.23,48.3,0,0.001224332
394,8.2,0,52.5,0,0.582905983
732,14.1,0.13,50,0,0.001279447
1657,10.6,0,27,0,0.637623762
1105,12.6,0,50.6,0,0.72
1296,12.2,0,37.8,0,0.695238095
1012,10.4,0,23.1,0,0.56952381
1086,6.2,0,50.3,0,0.580952381
1695,7.7,0,42.5,0,0.653526971
1789,6,1.34,77.3,0,0.753112033
111,9.6,0,56.1,0,0.603174603
118,7.7,0,71.2,0,0.652557319
728,4.3,0,46.1,0,0.001255826
466,10.9,0.06,73.3,0,0.625641026
1192,3.3,0,76,0,0.702857143
1410,14.6,0.07,32.8,0,0.63960396
1427,12.1,0,49,0,0.695049505
159,4.7,0.73,71.6,0,0.747795414
741,6.5,0,42.7,0,0.001271573
80,11.5,0.42,38.8,0,0.594356261
1761,8.7,0.53,75.5,0,0.755186722
730,7.4,0.11,52.1,0,0.001440854
1140,6.7,0.26,63.4,0,0.723809524
867,6.1,0,76.5,0,0.001641629
1324,6.8,0,44.3,0,0.664761905
1031,9,0,27.6,0,0.586666667
1532,6.3,0.07,77.8,0,0.803960396
1686,6.5,0,30.8,0,0.645228216
792,6.4,0.01,54.2,0,0.001488095
1765,6.8,0,69.7,0,0.763485477
200,6.8,0,77.5,0,0.693121693
87,11.8,0,57.6,0,0.682539683
1007,10.9,0,30.9,0,0.001362119
1674,8.6,0.33,35.9,0,0.695020747
256,4.5,0,69.6,0,0.64021164
1080,7.4,0.1,50,0,0.697142857
1186,8.2,0.05,77.3,0,0.60952381
173,10.7,0.48,81.5,0,0.776014109
1873,11.8,0,70.8,0,0.670124481
1710,6.9,0.08,62.7,0,0.744813278
1665,6.8,0,19.4,0,0.657676349
357,4.3,0,36.6,0,0.608547009
601,5,0,55.6,0,0.58974359
1333,12.4,0.01,30,1.2,0.605714286
815,8.5,0.06,77.2,0,0.001244016
1340,7.9,0,39.5,0,0.714285714
1669,7.9,0,31.5,1.2,0.678423237
1828,6.8,0,75.7,0,0.794605809
350,9.1,0.03,19.3,3.1,0.548717949
1381,11.7,0,39.5,0,0.702970297
302,5.5,0,27.3,0,0.624338624
1036,9.6,0,20.7,0,0.588571429
1678,9,0,36.8,1.2,0.753112033
1337,11.3,0,27.9,0,0.586666667
279,6.4,0,50.3,0,0.596119929
1906,7.4,0.11,42.3,0,0.65560166
1077,12.9,0,59.9,0,0.712380952
1055,9.1,0.22,40.8,0,0.596190476
1731,4.9,0,58.8,0,0.738589212
282,4.7,0,55.5,0,0.626102293
919,3.8,0.24,75,0,0.001468411
692,7.2,0,34.3,0,0.001362119
445,7.2,0.78,56.1,0,0.558974359
205,9.1,0,75.3,0,0.687830688
1636,9.1,0,28.3,0,0.699009901
1216,8.4,0,69.4,0,0.72952381
292,8.1,0,49.5,0,0.671957672
400,7.8,0,44,0,0.629059829
1529,3.9,0.06,76.5,0,0.699009901
1375,12.7,0.11,34.6,0,0.675247525
434,4.3,0,47.5,0,0.67008547
1544,9.2,0.03,71.1,0,0.722772277
1882,9.6,0.18,54.1,0,0.682572614
1022,7,0.86,38.7,0,0.693333333
1234,4.4,0,70.3,0,0.699047619
909,7.4,0,70.7,0,0.001523526
1727,9.1,1.29,52.9,0,0.807053942
1311,10.6,0.05,47.9,0,0.636190476
1228,7.5,0,67.7,0,0.71047619
271,8.4,1.2,54.9,0,0.679012346
1017,2.5,0,28.1,0,0.537142857
1947,8.6,0,38.3,0,0.690871369
1813,11.8,0,80.2,0,0.765560166
1662,6.8,0,39.8,0,0.7406639
653,8.9,0,38.3,0,0.558974359
1740,3.1,0,63.6,0,0.778008299
1571,5.3,0,75.3,0,0.706930693
1493,6.4,0.01,77.2,0,0.835643564
333,11.1,0.02,29.5,0,0.620811287
1446,8.2,0.92,64,0,0.708910891
170,5.9,0.05,70.1,0,0.680776014
1429,10.2,0,51.9,0,0.720792079
1925,8.9,0,39.4,0,0.701244813
1428,3.2,0,49.3,0,0.695049505
1629,5.4,0,22.1,2,0.663366337
603,12.6,0,68.2,0,0.582905983
1502,6.7,0,78.3,0,0.732673267
899,9.1,0,69.8,0,0.001495969
140,9.9,0.2,76.5,0,0.770723104
600,10.9,0,62,0,0.6
869,4.2,0,81.8,0,0.001515653
1497,11.1,0.52,74.8,0,0.752475248
642,10.5,0,38.2,0,0.576068376
599,7.7,0,64.5,0,0.502564103
1447,5.6,0,62.6,0,0.702970297
1620,8,0,33,0,0.588118812
1414,6.8,0.03,34.5,1.2,0.641584158
1796,8.9,0,85,0,0.807053942
1689,9.9,0,33.3,0,0.678423237
539,6.5,0,78.1,0,0.663247863
1383,13.8,0,37.9,0,0.643564356
90,11.2,0,61.3,0,0.590828924
1200,6.8,0,76.6,0,0.657142857
782,4,0,57.2,0,0.001358182
484,5.8,0.09,69.7,0,0.646153846
406,8.1,0.13,39.7,0,0.555555556
1422,9.4,0.1,41.1,0,0.653465347
1179,6.4,0,78.3,0,0.824761905
313,5.2,0,25.5,0,0.562610229
113,11.5,0,53.1,0,0.689594356
1268,10.7,0,72.2,0,0.619047619
1169,11,0,65.4,0,0.68952381
1142,10.6,0.01,70.1,0,0.723809524
733,9.1,0,42.9,0,0.001389676
1317,13.3,0,42.1,0,0.651428571
583,4.8,0,67.8,0,0.603418803
858,4.5,0.01,86,0,0.001484158
349,8.7,0.15,26.3,3.9,0.526495726
566,6.2,0,76.9,0,0.572649573
384,10.4,0.06,26.6,3.9,0.499145299
1362,12.3,0,43.4,0,0.691089109
575,9.3,0,67.4,0,0.6
990,8.1,0.45,33.4,2,0.001346372
550,12.2,0.94,73.9,0,0.618803419
1693,10.3,0,35.5,0,0.659751037
709,9.5,0,32.5,0,0.001204649
1100,12,0.34,67.8,0,0.626666667
1144,8.3,0,64.8,0,0.628571429
131,4.1,0,61.2,0,0.64021164
1382,6,0.32,37.4,0,0.702970297
1355,8.2,0,14.3,1.2,0.607920792
1138,10.4,0.01,58.3,0,0.725714286
153,6.9,0,80.1,0,0.758377425
358,7.2,0.01,34.2,0,0.6
1752,6.7,0.01,62.7,0,0.746887967
533,12.6,0,82.5,0,0.676923077
315,10.9,0,40.9,0,0.574955908
1160,9.4,0.06,77.8,0,0.712380952
1697,10.4,0,40.6,0,0.678423237
1798,4.6,0,74.1,0,0.769709544
97,8.9,0,61.2,0,0.560846561
1680,7.6,0,22.2,0,0.647302905
234,3.9,0,69.3,0,0.670194004
1935,5.8,0,32,0,0.630705394
1810,5,0,71.7,0,0.736514523
1842,8.8,0,70,0,0.699170124
1165,5.8,0.01,68.5,0,0.72952381
1675,6.5,0,13.5,0,0.690871369
1583,7.1,0.01,62.5,0,0.831683168
1163,8.1,0,70.7,0,0.678095238
604,10.7,0,57.5,0,0.598290598
1577,6.7,0,65.1,0,0.742574257
1700,7.8,0,42.8,0,0.668049793
1373,11.5,1.94,59.3,0,0.598019802
14,13.6,0,12.2,5.1,0.502645503
1098,7.4,0.15,55.4,0,0.702857143
1907,8.8,0.02,33.1,2,0.798755187
327,8.4,0,30.6,0,0.488536155
31,5.1,0,5.4,7.9,0.476190476
273,9.9,0,56.4,0,0.710758377
597,5.7,0,60.8,0,0.627350427
958,6.9,0,50.4,0,0.001653439
880,4.7,0.04,78.4,0,0.001484158
1308,3.5,0.01,39,0,0.573333333
819,7.3,0,77.2,0,0.001499906
1439,6,0,69.8,0,0.728712871
236,6.6,0.01,73.1,0,0.633156966
1623,5.8,0,34.8,0,0.586138614
594,17.7,0.02,52.9,0,0.598290598
551,14,0,67.2,0,0.635897436
1045,11,0,41.4,0,0.651428571
195,6.2,0,69.3,0,0.687830688
1442,12,0.04,53.5,0,0.669306931
978,4.5,0,32,0,0.0012637
1146,5.4,0,71.9,0,0.779047619
1897,7.7,0,56.3,0,0.65560166
69,9.8,0,27.3,0,0.537918871
826,7.4,0,77.1,0,0.001480222
1136,7.7,0.01,60.9,0,0.674285714
1753,7.9,1.28,65.7,0,0.763485477
1197,5.2,0.03,80.3,0,0.739047619
404,9.1,0.08,32.4,2,0.548717949
980,8.5,0.1,40.7,0,0.001220396
737,11.9,0,52.1,0,0.001425107
1949,13.7,0.85,39,0,0.628630705
585,6,0,69.7,0,0.591452991
76,5.8,0,38.7,0,0.624338624
1341,3.3,0,38.8,0,0.622857143
1145,5.3,0,67.1,0,0.817142857
540,4.3,0,74.6,0,0.553846154
132,3.5,0,68,0,0.634920635
842,6.1,0.13,78.4,0,0.001464475
176,4.6,0,71.3,0,0.698412698
512,3.7,0,73.7,0,0.618803419
455,9.8,0.16,67.6,0,0.707692308
1034,10.1,0,35.9,0,0.773333333
1903,3.8,0,46.9,0,0.695020747
1485,6.3,0,73.7,0,0.805940594
286,4.9,0,45.3,0,0.661375661
1336,14,0.03,25.2,1.2,0.603809524
860,8.3,0.17,79.6,0,0.00156683
416,10.3,0,56.3,0,0.538461538
1406,11.5,0,46,0,0.63960396
508,12.3,0.76,69,0,0.594871795
1473,6,0,70.6,0,0.772277228
904,9.5,0,85.1,0,0.001299131
1150,12.1,0,64.8,0,0.740952381
1219,6.6,0,76.5,0,0.708571429
1652,13.1,0.06,36.9,0,0.655445545
1246,5.1,0,64,0,0.64952381
1749,7.1,0.06,64.5,0,0.838174274
1223,6,0,74.8,0,0.767619048
1389,7.7,0,36.9,0,0.601980198
610,13.2,0,57.7,0,0.652991453
1229,5.5,0,64.4,0,0.622857143
1799,8.7,0,82.4,0,0.834024896
1474,7,0,75.1,0,0.742574257
1334,9,0,26.9,0,0.556190476
243,5.3,0,57.9,0,0.617283951
1170,10.5,0,64.7,0,0.68952381
1129,10.5,0,76.9,0,0.647619048
1063,15.3,0,54.6,0,0.628571429
1641,5.2,0,24,0,0.695049505
573,10.5,0.24,59.2,0,0.541880342
989,6.3,0,34.5,0,0.001425107
1840,10.1,0,70.6,0,0.713692946
501,6.6,0.06,70.7,0,0.576068376
57,6.8,0,44,0,0.604938272
133,6.3,0,76.5,0,0.619047619
682,6.2,0.18,40.5,0,0.001228269
1265,9.5,0,61.8,0,0.603809524
521,5.8,0,77.6,0,0.697435897
739,9.4,0.17,38.7,0,0.001303068
675,14.5,0.39,41.2,0,0.507692308
1817,8.5,0,70.3,0,0.709543568
402,10,0,34.8,0,0.538461538
862,3.9,0,81.5,0,0.001432981
274,9.3,0.01,50.3,0,0.670194004
206,7.7,0,75.4,0,0.71957672
1567,4.6,0,70.6,0,0.75049505
190,8.2,0,67.7,0,0.742504409
303,6.4,0,30.2,0,0.552028219
469,8.7,0,75.7,0,0.682051282
1922,14.6,0.18,47.8,0,0.680497925
922,7.4,0,74,0,0.001511716
211,5.2,0,66.9,0,0.703703704
1122,5.8,0.3,48.3,0,0.643809524
1478,9.3,0,86.3,0,0.742574257
1721,9.6,0.19,59.1,0,0.697095436
1174,6,0.21,73.7,0,0.685714286
1182,7.5,0,71.5,0,0.693333333
777,5.4,0,55,0,0.001389676
18,16.7,0.01,23.5,3.1,0.53968254
107,8.2,0.07,52,0,0.666666667
164,8,0,74,0,0.770723104
885,7.2,1.2,76.6,0,0.00139755
985,11.6,0.65,51.5,0,0.001326688
413,11,0.02,60.6,0,0.615384615
1510,7.4,0,76.7,0,0.724752475
1899,12.3,0,58.3,0,0.699170124
1343,11.1,0.02,44.2,0,0.704761905
1312,10.4,0.18,36.2,0,0.601904762
1575,10.7,0,60.3,0,0.748514851
387,10.6,0,34.1,2,0.557264957
977,17.7,0.12,38.9,0,0.001169218
1044,8.6,0,36.1,0,0.638095238
22,15.3,0,24,2,0.60670194
549,7.1,0.7,75.8,0,0.678632479
966,7.4,0.01,57.1,0,0.001295194
1217,3.2,0,69.3,0,0.655238095
898,10.7,0,70.2,0,0.001759732
1507,4.7,0,83,0,0.77029703
670,12.8,0.03,47.8,0,0.543589744
329,7.5,0,41.5,0,0.641975309
1942,7.8,0,24.8,0,0.678423237
1519,4.8,0,71.9,0,0.744554455
112,11.7,0.01,50.9,0,0.758377425
338,8.1,0,36,0,0.536155203
1767,6.8,0,69.9,0,0.796680498
191,7.6,0,68.3,0,0.765432099
1116,6,0.1,48.1,0,0.664761905
713,4.2,0,36.7,0,0.00111804
1702,7,0.01,47.5,0,0.624481328
1775,5.5,0,67.4,0,0.761410788
1488,7.4,0.96,73.3,0,0.768316832
1738,7.8,0.08,50.4,0,0.782157676
389,4.7,0,40,1.2,0.6
740,8.5,1,35.8,0,0.001330625
1895,5.3,0,47,0,0.67219917
393,6.3,0,50.6,0,0.663247863
101,11,0.03,50.5,0,0.617283951
576,10.2,0,73.7,0,0.683760684
1880,8.6,0,68.3,0,0.709543568
1728,7.6,0.04,45.8,0,0.717842324
876,4.2,0,83.1,0,0.001307004
1432,9.5,0,57.9,0,0.774257426
440,12.1,0,48,0,0.548717949
921,9.3,0,70.8,0,0.001539273
397,15,0,44.1,0,0.565811966
63,8.4,0,26.5,0,0.615520282
983,8.1,0,39.4,0,0.001220396
1134,9.8,0.4,62.1,0,0.63047619
1831,5.3,0.23,73.8,0,0.748962656
1543,7.3,0.29,73.1,0,0.691089109
807,6.5,0.18,72.6,0,0.001539273
1811,4.7,0,74.3,0,0.786307054
1262,10.1,0,70.8,0,0.659047619
1701,11.3,0.08,53.5,0,0.67219917
1472,8.7,0.1,64.1,0,0.736633663
1778,8.3,0,69.1,0,0.790456432
929,6,1.29,61.9,0,0.001169218
1332,10.3,0,25.2,0,0.643809524
348,10,0,27.7,3.1,0.511111111
810,9.9,0.03,70.5,0,0.001413297
1452,5.8,0.12,54.8,0,0.702970297
1726,7.8,1.14,46.1,0,0.755186722
688,2.7,0,21.3,1.2,0.001224332
58,16.1,0.5,30.2,3.1,0.541446208
202,5.8,0.07,72.9,0,0.670194004
1374,10.2,1.22,32.8,0,0.62970297
399,7.4,0,44.4,0,0.58974359
827,6.5,0,73.3,0,0.001499906
1812,7.9,0,76.7,0,0.798755187
65,9.7,0.15,43.9,0,0.682539683
1938,13.8,0.01,23.2,0,0.663900415
949,6.2,0,48,0,0.001279447
179,8.6,3.31,77.7,0,0.684303351
272,7.6,0.01,55.4,0,0.608465608
1444,7.1,0.43,54.4,0,0.625742574
1849,5.2,0.78,67.4,0,0.817427386
447,7.8,0,71.2,0,0.61025641
1066,8.5,0,39.3,0,0.580952381
371,13.4,0,29.3,3.9,0.488888889
1102,9,0,58.1,0,0.699047619
100,9.1,0,43,0,0.633156966
1275,11.8,0,63.9,0,0.620952381
265,6.3,0,56.6,0,0.555555556
1396,11.8,0,41.5,0,0.625742574
429,8.7,0,57.5,0,0.562393162
461,7.3,0.02,54.7,0,0.579487179
1565,5.4,0,68.5,0,0.647524752
1934,9.6,0,39.2,0,0.692946058
1719,16,0,50.6,0,0.70746888
766,10.5,0.02,52.2,0,0.001413297
1450,5.1,0.03,61.1,0,0.637623762
1830,5.4,0.54,76.1,0,0.761410788
1713,14.9,0.47,50.6,0,0.699170124
724,12.2,0,63.2,0,0.001401487
1720,10.5,0,68.4,0,0.661825726
698,7.6,0,44.6,0,0.001216459
66,9.3,0.24,37.3,0,0.700176367
1503,7.7,0,79.3,0,0.746534653
1059,10,0.05,32.4,0,0.540952381
1574,14.2,0,78.4,0,0.77029703
609,2.8,0,46.8,0,0.509401709
98,8.3,0,67.5,0,0.611992945
1542,9.2,0,75.8,0,0.691089109
115,10.3,0,75.5,0,0.641975309
1462,9.1,0.22,77.7,0,0.833663366
1892,7.4,0,46.5,0,0.699170124
1685,4.9,0,28.6,0,0.705394191
1862,6.9,0.01,68.4,0,0.757261411
691,7.5,0,29.1,0,0.001236143
1236,12.7,0,64.5,0,0.765714286
1180,5.1,0,82.2,0,0.653333333
889,8.5,0,73.6,0,0.001413297
262,9,0.01,55,0,0.571428571
808,5.3,0,72.7,0,0.001468411
119,11.2,0.41,73.6,0,0.701940035
758,7.7,0,50.2,0,0.001373929
1257,6,0,85.2,0,0.712380952
451,9.4,0.05,59.9,0,0.625641026
828,7.6,0.69,72.3,0,0.001456601
1819,5.6,0,74.2,0,0.98340249
1345,7.5,0,36.1,0,0.636190476
641,15.8,0.12,46,0,0.535042735
1515,4.8,0,75.7,0,0.752475248
116,14.9,0.84,72.5,0,0.740740741
930,3.9,0,63.7,0,0.00142117
369,9.4,0,20.2,14.2,0.535042735
1872,8.2,0,68.1,0,0.721991701
442,5.8,0,64.9,0,0.521367521
1611,8.9,0,45.2,0,0.734653465
1698,3.6,0,37.9,0,0.692946058
534,9.5,1.06,77.8,0,0.629059829
478,9.3,0,68.2,0,0.547008547
1282,9.9,0,57.4,0,0.632380952
290,12.4,0,53,0,0.668430335
1783,6.8,0.16,77.9,0,0.784232365
1883,8.9,0,56,0,0.709543568
1523,5.8,0.01,73.7,0,0.869306931
1004,13.2,0.02,29.9,0,0.001177091
334,4.6,0,26.8,0,0.580246914
1807,9.1,0.32,75.7,0,0.757261411
1741,8,0,67,0,0.751037344
694,9.8,0,29.1,0,0.001322751
1631,3.4,0,36.2,1.2,0.689108911
1940,6.9,0,39.7,0,0.757261411
1868,3.7,0.01,76,0,0.788381743
1108,6.6,0,57.7,0,0.662857143
128,6.9,0.65,77.4,0,0.643738977
1480,6.6,0.08,73.3,0,0.716831683
1173,11.5,0.24,76.2,0,0.681904762
1141,5.2,0,67,0,0.643809524
708,5.9,0.03,30.8,1.2,0.001153471
178,8.1,0.18,76.6,0,0.710758377
1603,4.4,0,44.9,0,0.633663366
231,10.9,0,77.6,0,0.613756614
1426,6.3,0,55.8,0,0.643564356
993,9.4,0,23.8,0,0.001177091
1267,9,0,70.5,0,0.6
424,5.1,0.03,58.2,0,0.658119658
1401,13.4,0,34.6,0,0.611881188
855,5.8,0,80.7,0,0.001547147
415,10.7,0,42.9,0,0.582905983
1445,8.3,0.37,63.8,0,0.798019802
568,7.5,0,83.6,0,0.647863248
247,10.8,0,69.8,0,0.682539683
791,8.4,0,55.4,0,0.001385739
1377,9.5,0,37.7,0,0.594059406
1304,4.6,0,37.8,0,0.695238095
712,9.3,0,41.5,0,0.001169218
1454,3.2,0.05,63.7,0,0.720792079
1054,11.5,0,51.6,0,0.603809524
452,15.3,0.14,54.2,0,0.620512821
1360,10.1,0.29,36,0,0.673267327
1755,5.7,0.13,66.9,0,0.697095436
1597,5.8,0,45.5,0,0.64950495
537,7.9,0,76.2,0,0.683760684
1097,8.3,0.04,50.9,0,0.615238095
1109,9.8,0,66.4,0,0.718095238
1433,14.8,0,77.2,0,0.738613861
197,7.1,0,73,0,0.69664903
82,8.4,0.01,40,0,0.634920635
1928,11.3,0.02,38.5,0,0.622406639
353,6,0,29.3,3.1,0.581196581
1390,9.2,0,31.8,1.2,0.60990099
489,7.8,0.33,74.5,0,0.661538462
438,5.4,0,49.1,0,0.564102564
1664,11.9,0.38,42.8,0,0.682572614
1886,3,0,59.8,0,0.726141079
1617,5.7,0,35.9,0,0.598019802
1342,8.5,0,43.7,0,0.607619048
224,7.3,0,72.4,0,0.670194004
546,6.2,0.29,78,0,0.617094017
1185,4.4,0.22,78.2,0,0.681904762
1221,12.4,0.21,78.3,0,0.687619048
493,8.7,0,78.3,0,0.646153846
1773,6.7,0.09,59.8,0,0.755186722
1247,7.2,0,67,0,0.651428571
1569,6.8,0,74.9,0,0.691089109
618,9.6,0,54.7,0,0.552136752
55,7.9,0.01,28.9,0,0.507936508
950,8.2,0,58,0,0.001389676
1278,6.2,0,62.1,0,0.676190476
1479,11.4,0,86.7,0,0.857425743
1149,9,0,71.3,0,0.67047619
85,5.9,0.02,49.6,0,0.654320988
37,10.2,0.38,32.2,5.9,0.527336861
1487,9.7,0,74.9,0,0.762376238
401,11.4,0,43,0,0.521367521
326,9,0.02,33.9,0,0.649029982
1562,15.3,0,65,0,0.596039604
1038,10.2,0,34,0,0.577142857
1196,8.7,1.21,78,0,0.681904762
1399,6,0,35.3,0,0.641584158
1021,6.3,0,35.6,0,0.660952381
1492,11.2,0,84.9,0,0.885148515
1250,7.5,0,74.9,0,0.725714286
198,4.9,0.21,73.6,0,0.777777778
409,12.4,0,34.9,0,0.478632479
1858,10,0.01,79.4,0,0.701244813
1005,8.2,0,32.7,0,0.001299131
834,6.8,0,67.9,0,0.00156683
614,9.7,0,57.4,0,0.625641026
496,6.7,0,73.4,0,0.652991453
122,13.1,0.24,47.6,0,0.597883598
1153,8.6,0.05,75.6,0,0.742857143
70,4.9,0,26.3,0,0.601410935
432,12.7,0,42.2,0,0.51965812
1658,8,0,36.4,0,0.641584158
1053,8.2,0.05,57.9,0,0.615238095
1621,6.5,0,34.5,0,0.611881188
836,10.3,0,69.6,0,0.001696744
640,17,0.44,60.1,0,0.562393162
984,13.3,0.36,46.3,0,0.001338498
93,10.2,0,39.6,0,0.67372134
360,10.2,0,31.7,0,0.675213675
1318,8,0.04,29.2,0,0.561904762
1634,12,0.04,34.8,0,0.762376238
1706,8.5,0.16,46.7,0,0.641078838
1613,13.3,0.1,49,0,0.59009901
995,10.7,0,11.7,3.1,0.00110623
1014,11.6,0.24,33.9,0,0.552380952
1496,6.7,0.15,80.3,0,0.776237624
1023,7.1,0.01,49.6,0,0.64952381
241,4.6,0.01,56.1,0,0.610229277
1835,7.6,0.07,75.1,0,0.755186722
1118,15.1,0,49,0,0.691428571
1622,10.3,0.08,34.2,0,0.681188119
1263,7.8,0,62.9,0,0.666666667
1491,9.9,0,87.3,0,0.801980198
155,9.9,0,79.7,0,0.664902998
312,13.8,0.25,26.3,0,0.541446208
186,3.3,0,74.8,0,0.668430335
1889,11.1,0.11,60,0,0.680497925
1651,6.4,0,45.4,0,0.675247525
388,6.7,0,37.1,1.2,0.488888889
571,4.5,0,66.6,0,0.548717949
376,8.8,0,7,3.1,0.507692308
1002,5.2,0.05,35.8,1.2,0.001145597
754,12.2,0.08,31.1,1.2,0.001184965
1313,8.8,0,39.5,0,0.681904762
28,9.6,0,3,7.9,0.569664903
1041,12.1,0,26.7,0,0.664761905
1346,6.6,0,38.7,0,0.678095238
772,9.8,0.63,47.7,0,0.001413297
1264,9.6,0,64.3,0,0.687619048
1522,6.7,0,74.3,0,0.778217822
651,7.5,0.03,36.5,0,0.577777778
497,7.9,0.02,66.3,0,0.594871795
516,10,0,68.2,0,0.632478632
464,5.4,0.01,68.8,0,0.555555556
217,6.3,0.24,76.5,0,0.650793651
1557,7.5,0.44,79.9,0,0.76039604
468,5.3,0.06,72,0,0.675213675
848,7.9,0,79.1,0,0.001303068
136,8.5,0.68,65.3,0,0.608465608
382,6.6,0.01,23.8,5.1,0.535042735
294,8.4,0,41.1,0,0.668430335
1407,8.8,0.05,33.8,0,0.673267327
381,5.1,0,22,5.9,0.593162393
204,9.3,0,75.6,0,0.62962963
1230,5.7,0,68.6,0,0.647619048
864,5.9,0.15,75.3,0,0.001436917
316,11.8,0,48.8,0,0.650793651
1851,9.5,0,73.1,0,0.636929461
52,7.6,0.02,23.1,3.1,0.53968254
971,8.9,0,45.7,0,0.001133787
965,4.8,0,57.6,0,0.001350309
567,6.9,0.02,82.8,0,0.627350427
1128,6.7,0,64.9,0,0.820952381
1704,9.6,0,36.5,0,0.782157676
523,4.1,0,75.9,0,0.652991453
1403,10.4,0.39,49.9,0,0.64950495
852,10.2,0,73.9,0,0.001342435
1734,10.8,0.1,53.7,0,0.755186722
871,6.7,0,80.1,0,0.00156683
615,11.9,0.04,63.8,0,0.577777778
894,5.2,0.27,78.5,0,0.001503842
742,7.2,0,50.2,0,0.001177091
418,7.6,0.04,47.2,0,0.603418803
622,8.8,0,48.8,0,0.547008547
1172,10.6,0,69.8,0,0.695238095
1809,7.1,0,70.8,0,0.796680498
1737,6.1,0,48.1,0,0.661825726
939,10,0.01,63.8,0,0.001338498
20,9.2,0,-4.5,3.9,0.48324515
1559,9.7,0.45,70.6,0,0.689108911
268,7.8,0,53.9,0,0.574955908
562,2.3,0,74.8,0,0.622222222
1327,4.9,0,44.2,0,0.659047619
671,6.9,0.3,41.6,0,0.52991453
1277,6.9,0.16,58.1,0,0.634285714
1299,10.4,0.07,45.9,0,0.674285714
1874,9.3,0,66.8,0,0.668049793
378,8.7,0,24.3,3.1,0.471794872
896,4.6,0,78.9,0,0.001385739
859,10.8,1.33,80.4,0,0.001472348
210,7.7,0,68.9,0,0.654320988
479,11.3,0.44,74.9,0,0.560683761
321,4.7,0,36.6,0,0.686067019
1392,7.3,0,39.9,0,0.653465347
1359,9,0.4,48.9,0,0.665346535
1800,7.4,0.14,80.2,0,0.732365145
1784,8.6,0,78.5,0,0.798755187
324,8.2,0,36.2,0,0.599647266
86,5.7,0,49.6,0,0.666666667
1411,7.1,0,32.3,0,0.651485149
1596,10.4,0,47.6,0,0.601980198
647,12.3,0.09,39,0,0.531623932
1101,5,0,59.7,0,0.643809524
593,19.1,0,56.6,0,0.632478632
181,10,0.37,64.8,0,0.712522046
872,6.7,0,76.6,0,0.001492032
1404,5.3,0.04,45.7,0,0.584158416
556,8.6,0,65.4,0,0.656410256
1274,3.2,0,67.5,0,0.693333333
1591,6.9,0,40.2,0,0.592079208
1699,6.4,0,36.1,0,0.684647303
1328,3.6,0,44.6,0,0.596190476
1482,10.6,0.11,66.5,0,0.663366337
1154,12.3,0.02,76.1,0,0.68
627,10.1,0,65.6,0,0.634188034
1354,16.8,0.14,24.3,0,0.63960396
882,7.2,0.29,76.4,0,0.00142117
774,11.6,0,46.6,0,0.001133787
582,5.6,0,64.5,0,0.582905983
1540,7,0.06,76.7,0,0.772277228
1582,6.8,0.03,59.3,0,0.63960396
780,5.4,0,61.6,0,0.001385739
1517,8.9,0,77.5,0,0.724752475
752,11.9,0.38,41.3,0,0.001484158
955,7.2,0,51.6,0,0.001413297
1696,9.2,0.08,40.4,0,0.626556017
715,10.1,0,32.7,0,0.001338498
1584,5.6,1.39,64.1,0,0.625742574
975,9.8,0,58.2,0,0.001460538
1378,8.1,0.03,41.9,0,0.637623762
81,13.4,0.66,40.6,0,0.652557319
916,7.6,0,74.9,0,0.001314878
269,7,0.01,62.9,0,0.590828924
1408,5.9,0,33.1,0,0.625742574
1581,6.8,0,58.2,0,0.714851485
873,5.1,0,75.6,0,0.001535336
592,16.8,0,57.4,0,0.711111111
1011,14.2,0.01,19.1,0,0.544761905
1946,7.5,0,42.8,0,0.713692946
1114,11.6,1.11,51.7,0,0.761904762
723,11.1,0,52.6,0,0.001499906
1805,10.4,1.43,86.5,0,0.786307054
1199,7.3,0,73.1,0,0.725714286
1782,6.3,0,79.3,0,0.809128631
941,5.3,0,53.9,0,0.001590451
309,10.1,0.04,40,0,0.571428571
342,8.1,0,31.3,0,0.497354497
1024,4.5,0,43.9,0,0.655238095
591,15.2,0,59.2,0,0.572649573
1326,4.6,0,42.2,0,0.792380952
68,11.7,0,41.9,0,0.617283951
697,8.9,0,39.9,0,0.001228269
1676,11.1,0.44,31.6,1.2,0.697095436
625,5.7,0,61,0,0.598290598
1838,5.5,0.17,74,0,0.697095436
250,5.1,0,61.8,0,0.689594356
784,9.7,0.58,57.4,0,0.001358182
48,7.4,0.02,26.3,0,0.582010582
1655,15.6,0.52,43.2,0,0.685148515
633,8.1,0,51.7,0,0.52991453
996,7.2,0,14.4,3.1,0.001303068
9,12.6,0,26,0,0.557319224
491,5.9,0,67.4,0,0.656410256
1047,6.7,0,35.1,0,0.552380952
1323,13.9,0,55.8,0,0.691428571
1271,5.7,0.13,65.2,0,0.624761905
854,4,0.01,79.6,0,0.001653439
947,10.2,0,57,0,0.001362119
779,12.6,0,49.5,0,0.001220396
414,8.9,0.25,52,0,0.593162393
849,12,0.35,76.5,0,0.001535336
1124,9.3,0.82,54.7,0,0.626666667
154,12.9,0,84.8,0,0.779541446
1121,6.3,0,46.6,0,0.607619048
986,8.6,0,42.1,0,0.001279447
1590,10.6,0.09,72.9,0,0.689108911
1026,6.6,0,38.4,0,0.685714286
888,3.5,0,69.6,0,0.00142117
835,7.2,0,72.3,0,0.001480222
403,11.5,0.07,31.4,3.1,0.487179487
884,6.2,0.22,79.1,0,0.001358182
1348,5.1,0,7.2,2,0.539047619
230,5,0,75.8,0,0.627865961
1640,2.7,0,25.1,0,0.655445545
1602,3.2,0,44.3,0,0.734653465
823,5.5,0,76.3,0,0.0012637
1576,5,0,61.2,0,0.683168317
879,7.2,2.25,78.4,0,0.001499906
759,7.3,0,55.2,0,0.001425107
75,9.6,0.02,35.5,0,0.643738977
251,5.3,0,65.5,0,0.717813051
1013,17.9,0,39.8,0,0.685714286
552,7.4,0,71.7,0,0.71965812
4,10.7,0.93,37.6,2,0.527336861
1861,10.7,0.63,75.1,0,0.757261411
1642,7,0,30.5,0,0.60990099
1573,6.6,0,78.1,0,0.778217822
1430,13.4,0.03,43.9,0,0.669306931
1443,10.5,0.02,49.1,0,0.588118812
392,6.5,0,44.9,0,0.623931624
957,10.1,0.3,56.2,0,0.001417234
693,14.3,0.06,33.5,0,0.001173154
1555,9.9,0.04,82.3,0,0.742574257
868,5.4,0,79.2,0,0.001527463
1605,5.4,0,49.8,0,0.681188119
304,13.3,0,21.1,0,0.534391534
699,5.4,0.02,37.1,0,0.00154321
426,7.1,0.34,54.8,0,0.572649573
32,4.7,0,10.6,7.1,0.485008818
462,7.5,0,60.5,0,0.673504274
762,4.8,0,68.2,0,0.001342435
918,7.5,0,73.1,0,0.001366056
390,6.2,0,43.9,0,0.644444444
1261,7.5,0,82,0,0.695238095
1135,12.1,0.07,59.1,0,0.718095238
1945,7.3,0,39,0,0.663900415
645,9.3,0,44.7,1.2,0.500854701
120,10.4,0.17,67.2,0,0.64021164
1240,11,0,64.1,0,0.622857143
1198,10.2,0.03,71.5,0,0.700952381
1526,7.9,0,83.2,0,0.906930693
1477,9,0.63,82.2,0,0.706930693
1302,10.3,0.01,41.7,0,0.63047619
1082,9.9,0,42.3,0,0.626666667
152,12.7,0,75.1,0,0.728395062
60,14.3,0,42.9,1.2,0.661375661
1067,12.1,0,31.8,0,0.588571429
1339,9.1,0,26.8,0,0.643809524
386,10.4,0,14.7,3.9,0.558974359
1132,17.3,0.01,48.3,0,0.678095238
524,4.1,0,77.7,0,0.676923077
1409,9.5,0,40.2,0,0.584158416
973,3,0,48.2,0,0.001247953
1528,7.1,0.07,79.3,0,0.762376238
617,4.8,0,52.2,0,0.651282051
578,9.3,0,75,0,0.593162393
465,12.8,0.43,74.3,0,0.582905983
510,7.2,0.04,66.3,0,0.54017094
689,7.6,0,27.3,1.2,0.001279447
1881,8.2,0.59,63.1,0,0.711618257
1804,8.5,0.28,79.2,0,0.860995851
1438,5.9,0,60.3,0,0.772277228
281,8.8,0,64.2,0,0.634920635
1879,8.2,0,79.7,0,0.875518672
1610,10.1,0.26,50.7,0,0.853465347
952,5.3,0,48.5,0,0.001377866
1916,6,0,28.5,1.2,0.717842324
1910,9.8,0,48.6,0,0.624481328
530,8,0.07,83.3,0,0.601709402
385,8.9,0,15.2,3.9,0.500854701
786,8.4,0.02,63.4,0,0.001291257
1207,7.6,0,76.8,0,0.84952381
267,4.1,0,51,0,0.636684303
1788,8.1,0,84.9,0,0.715767635
150,7.7,0.01,66.6,0,0.793650794
877,8.6,0,84.6,0,0.001570767
987,12.4,0,38.9,0,0.00142117
54,10.4,0,32.9,0,0.566137566
59,7.8,0.13,22.7,3.1,0.611992945
767,7.2,0,49.4,0,0.00125189
40,22.8,0.5,35,1.2,0.567901235
507,8.5,0,78.4,0,0.594871795
1866,7.1,0,72.6,0,0.668049793
148,7.5,0.45,64.2,0,0.604938272
1099,13.8,0.15,70.3,0,0.704761905
1168,11.6,0.01,70,0,0.702857143
1435,14.7,0.19,67.9,0,0.772277228
1320,10.4,0,48.8,0,0.660952381
441,5.5,0,52.2,0,0.765811966
1068,8.2,0,24,0,0.542857143
1793,11.8,0,72,0,0.744813278
883,6.4,0.04,79.1,0,0.001653439
951,8.4,0,54.3,0,0.001413297
91,14.9,0.45,49.5,0,0.566137566
1204,4.9,0,73.5,0,0.708571429
504,6.3,0,68,0,0.656410256
467,11.7,0.42,70.9,0,0.627350427
1777,5.1,0.01,63,0,0.765560166
1750,10.2,0.05,76.4,0,0.794605809
498,9.2,0.7,66.5,0,0.593162393
547,7.1,0.05,80.7,0,0.71965812
878,6.6,0,81.5,0,0.00140936
449,7.2,0.59,60.4,0,0.541880342
1064,18.8,0.31,54.5,0,0.594285714
1820,4,0,76.5,0,0.842323651
938,8,0,66.5,0,0.001342435
720,7.2,0.01,31.9,1.2,0.001255826
1112,5.4,0.11,49.6,0,0.700952381
72,7.7,0,26.7,0,0.608465608
1152,4.3,0,70.4,0,0.672380952
44,8.7,0,19.3,0,0.546737213
1754,7.1,0.74,60,0,0.755186722
528,6.8,0,80.3,0,0.668376068
1073,9.6,0.43,47.9,0,0.611428571
520,7,0.03,82.1,0,0.608547009
1932,11.4,0,37.6,0,0.709543568
405,11,0.17,40.7,0,0.553846154
514,9.1,0.06,78,0,0.687179487
201,5.3,1.89,73.2,0,0.633156966
1235,11.1,0,70.1,0,0.615238095
35,5.1,0,15.2,5.9,0.479717813
1637,9.3,0,30.7,0,0.631683168
1459,6.5,0,84.1,0,0.823762376
1042,6.8,0,42.7,0,0.584761905
1431,5.8,0,44.5,0,0.637623762
1826,5.2,0,73.8,0,0.757261411
340,9.9,0,43.3,0,0.520282187
681,5.8,0,41.9,1.2,0.00139755
1254,5.7,0.16,70.3,0,0.651428571
1091,11.8,0.36,43.8,0,0.619047619
1094,14.3,0,68,0,0.601904762
1449,9.1,0,58.4,0,0.695049505
1183,7,0,74.7,0,0.740952381
717,14.4,0,52.2,0,0.001133787
659,12.2,0,50,0,0.533333333
233,7.7,0.43,68.7,0,0.647266314
337,7.8,0,35.1,0,0.523809524
218,6.3,4.22,79.1,0,0.701940035
450,7.7,0.18,50.3,0,0.567521368
1821,5.1,0,79.4,0,0.813278008
1646,7.5,0.14,38.5,0,0.679207921
187,6.5,0,77.9,0,0.668430335
472,9.2,0.02,53.5,0,0.782905983
1870,10.1,0.55,73.2,0,0.641078838
821,10,0.1,75.2,0,0.00156683
644,4,0,34.7,1.2,0.524786325
1506,4.7,0.22,81,0,0.702970297
476,11,0,66.8,0,0.635897436
596,7.4,0,58.4,0,0.622222222
300,10.4,0,28.2,0,0.532627866
1043,14.3,0,41.3,0,0.571428571
1633,7.2,0.85,43.4,0,0.623762376
1413,8.7,0,29.2,0,0.6
822,9.1,0,72.5,0,0.001425107
1541,5.4,0,76.5,0,0.75049505
421,7.2,0,50.5,0,0.601709402
6,12.2,0,42.4,1.2,0.659611993
53,6.4,0,31.1,2,0.649029982
343,7.2,0,29.7,0,0.569664903
1547,9.1,0.11,72.9,0,0.76039604
1853,4.4,0,64.8,0,0.649377593
1212,4.4,0,70.4,0,0.706666667
683,8.2,0,9,2,0.001232206
259,12,0.72,61.9,0,0.590828924
1774,4.1,0,65.1,0,0.705394191
1352,10.6,0,38.6,1.2,0.671287129
10,10.8,0,18.3,0,0.636684303
787,9.8,1.03,59.3,0,0.001373929
522,7.4,0,77.1,0,0.639316239
396,11.7,0,61.3,0,0.637606838
162,4.1,1.1,70.8,0,0.671957672
1823,7.5,0.27,77.1,0,0.746887967
908,4.8,0.03,66.8,0,0.001310941
837,4.7,0,67.9,0,0.001366056
544,7.8,0,75.6,0,0.666666667
17,14,0,6,3.1,0.525573192
753,10.3,0.01,38.9,0,0.001110166
1915,10.1,0,34.8,0,0.647302905
1423,4.6,0.03,46.8,0,0.702970297
1833,7.4,0,73.2,0,0.711618257
851,6.4,0.01,69.3,0,0.001476285
570,6.2,1.01,72.4,0,0.557264957
19,10.4,0.09,16.4,3.9,0.500881834
1768,9,0,69.5,0,0.736514523
252,3.3,0,66.8,0,0.634920635
174,11.2,0.48,78.9,0,0.708994709
558,3.8,0,65.5,0,0.630769231
928,6.2,0.1,62.1,0,0.001527463
12,10.8,0.04,21.2,1.2,0.546737213
1393,11.4,0,32.6,0,0.64950495
1306,8.4,0,24.9,0,0.624761905
1301,2.9,0.44,51.5,0,0.632380952
727,5.4,0,44.1,0,0.00128732
545,8.3,0,79.4,0,0.623931624
1587,8.6,0.19,59.2,0,0.62970297
1856,8.2,0,66.1,0,0.744813278
221,6.7,0,81.3,0,0.677248677
1595,10,0.08,44,0,0.603960396
453,9.3,0,49.6,0,0.591452991
1187,8.5,0.7,78.4,0,0.693333333
1468,6.4,0.04,73.8,0,0.78019802
1056,6.8,0,42.8,0,0.575238095
1330,22.4,0.01,41.3,0,0.674285714
1530,4.2,0.63,74.6,0,0.706930693
917,7.8,0,77.3,0,0.001499906
1195,6.1,0.65,81.5,0,0.666666667
443,8.5,0,70.1,0,0.593162393
1260,5.6,0,81.1,0,0.733333333
1891,12.2,0,48.1,0,0.628630705
425,9.6,0,56,0,0.647863248
261,9.9,0.05,48,0,0.576719577
1504,7.9,0,82.1,0,0.76039604
707,3.6,0,29.2,1.2,0.00112985
912,7.4,0,70.8,0,0.00142117
1130,15.5,0,78.9,0,0.72952381
934,9.3,0.7,67,0,0.0015314
