,day,wdsp,total_num_of_crimes
409,6,10.5,0.630705394
1564,7,3.6,0.670634921
1645,2,8.2,0.875518672
283,1,8.7,0.504409171
973,2,6.8,0.796680498
2069,1,6.5,0.697142857
1057,2,11.4,0.807053942
706,4,9.8,0.712301587
2158,1,14.4,0.579365079
1629,2,9.3,0.576068376
1830,4,10.1,0.853465347
219,6,7.3,0.557539683
1765,1,12.3,0.699170124
275,4,5.8,0.625742574
827,4,16.6,0.67047619
1152,3,6.7,0.732673267
305,2,11.5,0.598019802
137,2,10.1,0.673267327
849,5,7.5,0.673504274
1522,7,4.8,0.660714286
536,1,11.7,0.590828924
1412,7,5.8,0.634920635
228,4,8.6,0.695020747
624,6,16.9,0.586138614
1386,7,5.4,0.75049505
1189,3,4.3,0.757261411
1977,4,12.9,0.499145299
1091,6,8.8,0.80952381
133,4,13,0.541446208
189,1,5.4,0.777777778
781,5,8.8,0.77593361
1121,4,5.1,0.653333333
1928,2,15.2,0.552028219
282,6,7.6,0.647302905
897,6,10.3,0.565811966
998,1,6.9,0.758377425
736,2,5.4,0.700396825
1479,5,6.1,0.64957265
2139,3,10.7,0.603418803
312,4,12.3,0.711618257
365,4,10,0.540952381
1724,3,8.4,0.679012346
535,6,11.3,0.645228216
1235,2,7.3,0.725714286
1594,5,6.5,0.712301587
1934,3,12.2,0.532627866
1824,3,7.5,0.869306931
440,6,9.7,0.62962963
737,3,6,0.664761905
1115,3,6.4,0.824761905
1440,2,12.8,0.76039604
453,2,15,0.565811966
855,6,6.7,0.647863248
1434,1,13.8,0.77029703
1623,1,5.2,0.611965812
846,1,5.8,0.702970297
487,5,10.4,0.678423237
1331,4,7.7,0.67047619
479,2,9.5,0.619047619
263,2,5.7,0.615841584
236,1,13.4,0.488888889
771,6,7.2,0.541880342
1300,5,6.7,0.78968254
1373,4,12.4,0.687619048
1664,7,9.9,0.576719577
1276,1,6.1,0.827380952
1309,2,7.5,0.746887967
100,2,7.7,0.619047619
1348,6,7.2,0.755952381
1666,3,9.4,0.714285714
428,4,7.8,0.611992945
2041,5,9.6,0.692946058
1627,6,9.3,0.649377593
2011,7,9.1,0.686721992
1967,5,10,0.605714286
1451,3,4.4,0.699047619
1384,5,7.2,0.704365079
1932,7,6.4,0.596039604
1650,2,5.6,0.625742574
318,5,6,0.697095436
1580,7,11.4,0.680776014
992,7,12.7,0.728395062
1976,3,5.2,0.562610229
581,5,11.8,0.619047619
178,1,9.7,0.655238095
1730,4,7.6,0.608465608
1151,2,4.4,0.681904762
663,2,16.2,0.547008547
1631,5,9.6,0.687619048
1842,6,4.2,0.687128713
1511,6,8.9,0.60952381
1865,2,10.3,0.588571429
619,6,11.2,0.657676349
1061,1,10.5,0.68952381
1308,1,7.1,0.762376238
412,4,7.9,0.623015873
1849,1,9.8,0.624481328
1108,1,6.1,0.777777778
2102,3,11.1,0.620811287
1556,3,4.2,0.714285714
924,7,10.8,0.78019802
853,3,12.8,0.7406639
739,5,10.4,0.751037344
1336,4,8.6,0.791666667
657,1,14.1,0.61025641
609,7,8,0.611965812
1505,5,5.3,0.613333333
1984,7,8.1,0.615079365
2087,4,10.7,0.622857143
790,4,8.4,0.650793651
1478,4,10.9,0.613756614
2016,7,7.2,0.623762376
1404,3,9.2,0.722772277
1895,7,3.5,0.573333333
2031,6,7.1,0.541880342
1334,1,7,0.701940035
1144,7,4.7,0.692460317
1684,6,5.8,0.650793651
1150,1,9.2,0.628968254
1145,1,8.4,0.697142857
417,3,6.5,0.584615385
1256,2,6.2,0.687830688
1793,4,7.5,0.68952381
1066,1,8.8,0.746031746
943,4,5.5,0.697095436
1707,1,12.6,0.582905983
621,2,5.1,0.658119658
1502,1,4.8,0.555555556
871,6,10.2,0.794605809
1866,3,14.5,0.631683168
504,7,13.4,0.611881188
2054,2,11.4,0.552028219
1855,2,9.2,0.647302905
936,2,11.2,0.706930693
2056,5,9.4,0.593253968
181,5,6.4,0.589065256
2098,5,7.2,0.656746032
2190,1,8,0.641584158
1882,4,10.8,0.619047619
481,4,9.2,0.626556017
112,4,6.3,0.660952381
1871,3,4.6,0.695238095
2131,6,7.3,0.663900415
1762,5,11.5,0.706349206
580,4,11.9,0.748015873
1926,6,5.8,0.586138614
1806,7,10.4,0.621782178
1466,2,6.8,0.677248677
2070,2,7,0.60990099
127,3,7.6,0.522045855
1876,3,8.8,0.593253968
740,7,9.6,0.603174603
1010,3,9.9,0.664902998
259,4,6.8,0.507936508
1798,4,7.4,0.646825397
470,4,9.3,0.700176367
942,3,7.1,0.752475248
1116,4,6.7,0.776237624
1381,7,7.6,0.755186722
638,4,12.7,0.767195767
355,1,14.6,0.619047619
711,3,5.2,0.615384615
559,3,8.9,0.634854772
432,2,9.2,0.60990099
1257,3,8,0.601709402
1699,4,7,0.639004149
1064,5,8,0.770723104
1689,5,10.9,0.6
1538,7,4.6,0.610229277
329,6,9.5,0.594059406
840,7,9.1,0.697029703
682,7,7,0.662698413
1097,7,7.4,0.683809524
1299,3,5.1,0.618803419
1203,1,5.8,0.697435897
1912,2,3,0.628968254
1294,4,5.6,0.765873016
1574,6,10.8,0.682539683
2049,2,9.4,0.576068376
1279,4,5.5,0.883817427
403,5,5.2,0.670124481
1781,2,11,0.651428571
503,6,10.6,0.613333333
476,5,7.8,0.679012346
12,3,6.7,0.630705394
554,4,11.5,0.594356261
894,2,4.6,0.827722772
88,7,2.5,0.537142857
21,1,10.5,0.615079365
2132,1,8.1,0.536155203
996,5,6.7,0.754455446
1224,1,8.8,0.81980198
1919,4,10.4,0.601904762
1313,1,6.6,0.723809524
921,3,6,0.666666667
1542,5,4.6,0.75049505
81,4,8.6,0.662698413
1853,7,2.9,0.632380952
856,1,5.7,0.753968254
1946,5,6.9,0.610229277
1353,5,8.3,0.623931624
2035,4,5.3,0.670124481
1426,5,5,0.706349206
55,5,7.2,0.50617284
2012,2,8.7,0.564373898
1200,4,7.4,0.724752475
1213,7,9.1,0.757261411
722,4,12.1,0.756613757
1473,4,7.5,0.743589744
381,4,8.9,0.500854701
1622,7,3.5,0.694885362
820,2,8.4,0.698412698
1443,6,5.6,0.611965812
605,2,7.8,0.67047619
1970,2,13.8,0.541446208
1268,4,7.1,0.69664903
416,2,6.8,0.604938272
394,1,11.1,0.755952381
1250,1,13.3,0.733686067
1168,4,12,0.773809524
1495,5,8.8,0.728215768
1379,5,10.3,0.76952381
608,6,10.5,0.747795414
1873,5,7.6,0.649377593
764,4,10.3,0.641975309
1338,6,6.1,0.796039604
743,4,11.9,0.638095238
927,4,7.2,0.623931624
2086,3,10.7,0.557539683
50,5,15,0.488888889
1663,5,9.6,0.682572614
1898,4,10.4,0.532627866
1474,6,6.5,0.706349206
944,6,5,0.754850088
738,4,6.4,0.708910891
985,4,13.9,0.676348548
1701,7,9.8,0.598290598
1178,3,6.7,0.761904762
1582,3,7.5,0.688492063
587,6,9.2,0.594285714
419,6,8.2,0.542857143
672,7,9.2,0.605940594
890,4,8.5,0.608465608
775,4,10.6,0.721991701
1112,6,7.5,0.705467372
1774,7,8.2,0.700396825
411,2,6.2,0.644444444
1012,6,5.5,0.636904762
748,4,12.6,0.615079365
632,3,10.2,0.67372134
495,2,9.1,0.548717949
124,6,7.1,0.64952381
1784,6,8.8,0.634920635
1534,2,7.8,0.71031746
214,7,10.2,0.577142857
548,3,9,0.668430335
814,1,10.2,0.759920635
1320,3,4.2,0.706930693
948,4,6.4,0.78019802
1464,6,9.3,0.805940594
1657,4,8.2,0.711618257
1954,2,4.9,0.648809524
837,3,9.1,0.635897436
864,4,5.3,0.805940594
1366,2,7.2,0.716269841
720,1,9.5,0.774257426
1554,7,6.8,0.691089109
2100,7,5.8,0.627722772
255,5,10.4,0.573412698
1772,4,6.4,0.596119929
613,5,14.9,0.699170124
649,4,10.9,0.661825726
2127,1,12.8,0.543589744
2072,5,7.5,0.627865961
1597,1,9.5,0.717842324
1560,1,3.9,0.675247525
1220,3,14.5,0.71957672
697,5,14.5,0.786307054
788,1,11.2,0.701940035
1945,3,4.2,0.730290456
1551,3,8.6,0.629059829
684,2,6.3,0.643564356
600,2,5.7,0.659405941
207,4,10,0.650793651
1786,2,5.3,0.694444444
1539,1,9.3,0.6
1033,5,5.1,0.765560166
348,3,8.6,0.645228216
647,2,9,0.699047619
1933,1,5.4,0.676348548
595,2,9.8,0.649377593
1397,1,7,0.662857143
208,6,10.7,0.552380952
1516,6,7.8,0.662698413
1660,2,7,0.652777778
185,3,14.5,0.659405941
265,5,10.4,0.587301587
893,1,10.6,0.723809524
1383,3,12.2,0.618803419
832,4,4.2,0.706349206
1262,3,5.5,0.627865961
1957,5,8.2,0.665975104
1687,2,3,0.726141079
759,4,7.8,0.61025641
886,6,12.8,0.736111111
2105,7,3.3,0.622857143
592,6,12.2,0.597222222
438,3,9.9,0.598019802
776,6,6.6,0.613756614
1436,4,7.3,0.670194004
542,2,17.1,0.78659612
1316,5,9.3,0.62962963
1531,4,6.3,0.825726141
527,3,9.9,0.626666667
997,6,9.5,0.7406639
1964,1,12.4,0.532627866
1725,4,9.5,0.67008547
1923,2,12,0.54017094
1583,4,5.9,0.647619048
799,1,7.8,0.782157676
848,4,8.3,0.687830688
488,7,9.8,0.537918871
1251,2,6.8,0.673504274
1002,6,9,0.706930693
1408,2,8.5,0.712301587
583,7,7.3,0.699170124
557,1,6.5,0.620952381
2164,2,13.2,0.593253968
1811,7,7.6,0.632380952
1927,7,6.2,0.68879668
1140,1,7.3,0.752475248
1062,2,9.7,0.762376238
1269,5,9.9,0.668376068
1828,2,9.5,0.863095238
179,2,6.8,0.588118812
311,3,10.2,0.62970297
1789,5,3.8,0.695020747
930,1,9.6,0.730693069
1141,2,5.5,0.72406639
1018,7,6.7,0.714285714
183,7,7.6,0.613095238
1242,4,8.9,0.724752475
1633,7,9,0.676348548
1642,6,6.2,0.76984127
413,5,12.1,0.588571429
281,5,10.6,0.621782178
247,2,5.1,0.476190476
945,7,9.3,0.547008547
1815,5,4.5,0.622222222
463,1,6.1,0.67219917
1577,3,7.3,0.761904762
279,2,3.6,0.569444444
2108,4,4.6,0.580246914
1058,4,6,0.712522046
565,4,8.5,0.641078838
1672,4,3.5,0.682539683
480,3,13,0.60990099
615,1,10.5,0.625641026
90,2,10.9,0.657676349
1486,1,8.1,0.75
1667,4,4.4,0.592380952
410,1,13,0.705467372
1592,2,5.1,0.689594356
1526,5,9.9,0.647266314
1371,1,6.9,0.629059829
1167,2,9.3,0.58974359
956,1,7.3,0.701940035
1931,6,12.2,0.611428571
1105,3,6,0.753112033
543,3,8.5,0.753846154
322,4,11.5,0.603809524
1393,2,4.6,0.686721992
950,7,13.9,0.610229277
1182,1,4.7,0.77029703
496,4,9.4,0.656746032
1343,6,8.4,0.72952381
299,1,8.9,0.617821782
404,7,7.9,0.507936508
1166,1,6.7,0.684303351
1489,4,4.4,0.649377593
1156,2,12.1,0.722222222
2053,7,10.1,0.622406639
825,1,12.9,0.634188034
1587,2,4.8,0.603418803
1163,4,8.5,0.693333333
2043,1,4.4,0.591452991
1801,7,12.2,0.657676349
895,3,7.1,0.755186722
1545,2,10.2,0.683760684
1157,3,8.2,0.60952381
878,2,8.3,0.631393298
1521,5,7.2,0.553846154
860,6,4.1,0.64021164
1433,7,7.4,0.598095238
13,5,8.7,0.48324515
226,2,6.8,0.617142857
104,7,10.9,0.548717949
2176,4,13.4,0.626984127
1302,7,11.4,0.794059406
478,1,4.8,0.638888889
1455,1,2.3,0.622222222
629,6,13.8,0.704761905
374,2,5.7,0.585537919
309,7,9.3,0.589285714
1615,4,9.3,0.668049793
1661,3,9.2,0.624761905
1692,2,8,0.710891089
1392,1,9.2,0.691089109
2117,2,11.1,0.704761905
2084,7,7.3,0.57319224
859,4,13.1,0.825726141
531,1,9,0.611965812
854,5,4.8,0.670194004
1372,3,6.4,0.833333333
1913,3,10.6,0.636190476
1441,3,11.8,0.709543568
1785,7,6.1,0.555555556
534,5,7.7,0.647524752
1484,5,11.4,0.687830688
276,5,12.9,0.709543568
445,5,15.7,0.699170124
1044,6,5.4,0.708910891
681,5,4.3,0.67008547
791,5,6.3,0.79047619
1376,1,5.4,0.647266314
2094,6,7.5,0.679207921
547,1,9.6,0.782157676
2022,1,12,0.762376238
1809,4,15.2,0.533333333
831,2,10.5,0.61025641
1085,5,6,0.685714286
1491,7,6.9,0.627350427
618,5,9.5,0.702970297
549,4,11,0.615384615
1328,7,7.7,0.71957672
1500,5,9.7,0.665346535
2157,6,9.6,0.514529915
1485,6,6.2,0.572649573
1457,4,11.1,0.615238095
1917,1,8.8,0.613675214
1288,3,4.2,0.763888889
1223,7,5.2,0.739047619
508,6,6.5,0.640873016
1272,2,6.7,0.778217822
1879,6,10.1,0.647302905
151,7,10.4,0.500881834
1187,1,6.7,0.796190476
1682,3,9.8,0.622574956
1816,7,10.1,0.714285714
2095,7,7.8,0.678423237
1872,4,5.7,0.598019802
1004,2,12.9,0.779541446
1358,5,5.2,0.703703704
836,2,10.6,0.633156966
1128,6,7,0.742574257
2182,5,10.9,0.686507937
1771,2,16.1,0.636929461
904,2,7.9,0.708333333
512,4,13.9,0.597883598
356,6,7.4,0.582010582
1155,7,5.9,0.622222222
1727,7,12.9,0.563809524
991,5,10.6,0.79253112
171,5,9,0.634920635
302,5,8.8,0.507692308
2129,4,7.5,0.636190476
2067,5,8.3,0.564102564
959,5,8.6,0.742857143
1040,1,4.8,0.686067019
899,2,9.7,0.739047619
940,1,10.2,0.706349206
1174,5,8.5,0.734126984
1833,1,8.9,0.687179487
1293,2,6.1,0.581196581
158,2,6.1,0.586324786
1674,6,6.9,0.637623762
458,2,9.4,0.703703704
1753,6,7.7,0.65560166
1598,3,5.3,0.717813051
42,1,15.5,0.639004149
772,1,9.2,0.746031746
1553,6,7.8,0.697142857
984,3,7,0.742574257
1449,7,4.3,0.634188034
2060,3,9,0.649029982
934,7,9.9,0.712301587
1890,7,8,0.588118812
1287,1,9.5,0.629059829
1148,5,5.3,0.761904762
676,6,7.2,0.630952381
510,1,10,0.691089109
2005,6,11.3,0.622406639
1591,7,10.1,0.641078838
1407,7,9.9,0.603418803
131,1,9,0.665346535
882,7,4.1,0.84950495
101,3,8.2,0.607920792
1770,1,6.7,0.655445545
1503,2,8,0.567521368
1654,1,3.9,0.716269841
1989,6,12.3,0.531623932
106,3,9.1,0.636190476
1249,6,11.8,0.765560166
24,5,8.4,0.70746888
1228,7,10.8,0.742063492
1839,2,5.7,0.598290598
1593,3,4.6,0.663247863
1054,6,7.2,0.726190476
128,4,4.8,0.618803419
1206,5,11.5,0.734653465
154,4,11.5,0.592380952
115,1,7.7,0.559082892
1691,1,3.2,0.693333333
213,5,6.3,0.609126984
173,1,13.2,0.617821782
2172,5,15.6,0.685148515
749,5,15.1,0.691428571
319,7,8.9,0.513227513
578,1,6.9,0.643738977
1130,2,11.2,0.708994709
631,1,7.8,0.686721992
537,2,9.4,0.579487179
911,4,5.3,0.817142857
1922,1,13.3,0.534391534
1512,7,15.3,0.596039604
1860,2,12.8,0.738613861
1046,2,6,0.69664903
1743,7,2.8,0.509401709
1068,3,7.4,0.768316832
201,3,9.8,0.654761905
823,5,9.2,0.771784232
804,1,8.3,0.798019802
1867,4,11.6,0.639004149
572,7,6.4,0.574955908
2066,4,8.4,0.488536155
1658,6,13.5,0.589065256
923,6,6.2,0.727619048
1851,4,10.1,0.634188034
768,2,6,0.728712871
308,6,6.3,0.512820513
1480,7,6.7,0.702380952
491,4,9.4,0.596190476
1477,2,9.5,0.636929461
1030,2,7.4,0.746031746
987,7,7.2,0.68034188
2021,7,3.6,0.596190476
315,1,4.2,0.563492063
1971,3,9.3,0.500854701
375,3,10.4,0.499145299
357,7,5.1,0.593162393
1731,5,8.8,0.523076923
1322,6,9.1,0.687830688
2055,3,7.8,0.517948718
1735,3,13.8,0.751037344
1467,3,7.6,0.620512821
1009,1,6.7,0.755186722
280,4,6.7,0.552380952
1364,6,7.1,0.643738977
2010,6,11.6,0.722772277
1874,7,9.3,0.523809524
999,2,8.5,0.700854701
1448,6,11.5,0.707231041
1127,5,9.1,0.683809524
455,5,8,0.613333333
2130,5,13.1,0.655445545
1106,5,5.9,0.680776014
935,1,9,0.67047619
979,3,9,0.736514523
980,5,7.7,0.793650794
1959,1,8.8,0.52991453
1715,5,6.2,0.676190476
761,7,8.5,0.577142857
191,4,11.5,0.736633663
1067,2,6,0.746666667
668,2,10.9,0.634920635
845,7,9.8,0.63047619
396,3,11.9,0.615841584
1356,2,4.2,0.75049505
824,7,7.7,0.721340388
1639,1,6.6,0.736514523
602,5,4.5,0.60670194
1181,7,10.3,0.68952381
1190,5,6,0.71957672
1624,3,9.4,0.597222222
1496,7,3.9,0.670194004
1314,2,3.9,0.699009901
993,1,6.7,0.564102564
1813,2,7.4,0.65560166
635,7,12,0.626666667
1078,3,6.8,0.78968254
1604,4,3.3,0.634920635
1649,1,9,0.6
1838,1,12.4,0.668430335
366,5,6,0.702970297
620,1,14.9,0.566137566
887,7,5.2,0.643809524
224,6,7.2,0.502564103
1546,4,7.4,0.716269841
664,4,6.4,0.642857143
1259,6,11.4,0.678095238
1038,5,12.3,0.695049505
870,5,6.6,0.772277228
1810,6,10.7,0.819444444
1850,3,8.1,0.671957672
363,1,6.6,0.535042735
461,6,12.1,0.598095238
473,1,9.6,0.611428571
1284,4,7.8,0.861386139
2093,5,9.1,0.643809524
968,3,7.5,0.604938272
2008,4,12.4,0.716269841
1452,4,7.5,0.786138614
1098,1,6.4,0.835643564
1137,4,7.2,0.54017094
1766,3,5.8,0.590828924
1014,1,11.4,0.857425743
1026,3,6.3,0.930693069
808,7,8.7,0.712301587
1435,2,9.7,0.701244813
533,4,12.2,0.615238095
752,2,11.5,0.689594356
153,2,14.3,0.591269841
545,6,5.6,0.723809524
727,3,9.1,0.807053942
386,4,7.6,0.53968254
1708,3,10,0.674603175
447,1,11.7,0.637606838
1248,5,8.3,0.764356436
2036,6,11,0.567901235
1612,1,12.7,0.724206349
658,3,9.2,0.676587302
2133,2,6.9,0.52991453
1225,2,7.1,0.796680498
594,1,6.8,0.641584158
1998,4,5.6,0.621782178
1665,1,7.4,0.622222222
271,6,5.1,0.479717813
1368,4,4.5,0.758415842
885,4,5.3,0.675213675
1113,7,3.5,0.717948718
500,2,11.7,0.596119929
218,5,9.4,0.535042735
813,6,6,0.765811966
2075,2,14,0.603809524
1561,2,6.9,0.755186722
1680,7,8.6,0.62970297
448,3,19.8,0.648809524
418,5,5.4,0.648809524
1296,6,7.9,0.906930693
949,5,7.9,0.831950207
270,4,9,0.753112033
2090,1,10.1,0.596119929
159,3,9.8,0.666666667
160,5,11.7,0.653333333
1586,1,6.2,0.686067019
314,7,8.7,0.471794872
1800,6,5.4,0.681188119
735,7,8.5,0.593162393
1380,6,7,0.772277228
834,6,5.1,0.637623762
891,5,8.7,0.682051282
240,6,6.5,0.690871369
1579,5,3.7,0.788381743
744,5,14.7,0.772277228
1305,4,7.9,0.683760684
1653,6,17.7,0.598290598
1095,4,9.3,0.6
937,3,8.7,0.755186722
1359,6,6.2,0.617094017
2120,6,4.7,0.62962963
1565,1,7.5,0.699047619
2029,3,11.4,0.709543568
1613,2,7.5,0.695238095
582,6,8.7,0.6
1219,1,12.2,0.744813278
1196,6,3.8,0.677248677
2078,6,7.5,0.641975309
852,2,4.3,0.774257426
665,5,12.6,0.72
2114,5,4.1,0.67372134
1396,7,8.9,0.746031746
914,1,14.3,0.758377425
235,7,6,0.522045855
2097,3,11.9,0.564102564
1848,7,13.3,0.59009901
1295,5,12.4,0.887619048
1375,6,5.3,0.738589212
71,5,16.8,0.63960396
971,7,13.8,0.68952381
113,5,12.5,0.635643564
797,6,6.4,0.634285714
1963,6,4.8,0.67219917
262,1,8.6,0.638095238
755,6,12.3,0.634285714
486,4,6,0.641584158
1335,2,6.9,0.629059829
18,4,9.8,0.753112033
1169,5,7.6,0.731428571
800,3,8.9,0.677248677
972,1,8.7,0.736633663
1360,1,6.7,0.744047619
889,2,7.9,0.763485477
1216,5,7.7,0.75
85,3,11.7,0.619047619
2145,4,14.3,0.548717949
1086,6,9.9,0.801980198
1191,6,8,0.613675214
1055,7,11,0.68952381
1337,5,8.5,0.651428571
2103,4,14.7,0.588034188
932,4,7.2,0.698412698
1481,1,10.9,0.662857143
983,2,6.7,0.742857143
1690,7,6.2,0.601190476
1120,3,7.6,0.702380952
1039,6,8.3,0.790456432
1013,7,10.8,0.697142857
337,3,12.9,0.57319224
1736,5,9.9,0.710758377
627,3,9.6,0.647863248
264,3,16.7,0.639004149
1124,1,10.7,0.776014109
1948,1,4.5,0.636904762
562,1,16,0.623015873
2038,2,5.9,0.634920635
1943,1,11.8,0.653333333
97,5,10.8,0.636684303
1345,1,4.4,0.703319502
1422,6,9.1,0.76039604
654,4,9.4,0.653465347
1021,3,5.5,0.761410788
1122,5,11.1,0.752475248
1015,2,4.1,0.705394191
1857,5,14.1,0.642735043
1518,1,9.3,0.683168317
1659,7,13,0.492307692
1548,6,5.1,0.742574257
742,3,11.9,0.650793651
2123,3,8,0.681904762
1723,1,7.4,0.699170124
1236,3,5.5,0.782178218
205,2,3.7,0.520282187
1540,3,9.3,0.700396825
1357,3,5.3,0.748962656
1027,4,10.6,0.709543568
2028,2,8.4,0.687128713
268,2,11,0.651428571
1382,2,10.1,0.64021164
1975,1,7.3,0.680497925
766,7,4,0.68452381
1677,3,5.5,0.586324786
1183,2,7.1,0.744813278
842,3,6.9,0.643738977
1949,2,13.3,0.651428571
513,5,12.1,0.601709402
1569,6,9.6,0.622222222
1769,7,12.5,0.628571429
317,4,12.7,0.675247525
1641,4,16.8,0.711111111
1939,2,4.2,0.738589212
538,4,15.2,0.682539683
1339,7,6.8,0.794605809
1915,5,6,0.717842324
1093,1,6.9,0.919087137
511,2,6.4,0.684647303
690,3,12.1,0.695049505
506,3,7.7,0.608465608
604,1,9.7,0.626984127
1571,2,5.7,0.651428571
705,2,5.4,0.564102564
1552,5,9.6,0.732142857
782,7,7.7,0.652557319
1184,4,3.9,0.657848325
1647,5,19.1,0.632478632
140,6,8.5,0.565811966
1991,2,13.9,0.691428571
398,6,10.4,0.566137566
1868,6,11.3,0.58377425
1208,1,6.5,0.668430335
1369,5,7.4,0.711618257
671,6,11.1,0.617142857
1918,3,2.9,0.720238095
484,2,11.9,0.718253968
568,2,8.5,0.654761905
1084,4,7.2,0.746031746
1755,2,11.5,0.618803419
451,6,10.3,0.659751037
321,2,6.1,0.597222222
361,5,4.9,0.705394191
1960,3,8.5,0.615079365
1263,4,9.5,0.656410256
1073,3,10.6,0.695238095
1559,7,7.1,0.683809524
1995,7,6.9,0.487179487
857,2,7.7,0.674285714
2088,5,6.4,0.689108911
1037,4,10.1,0.727619048
326,2,12.6,0.557264957
1803,3,11.9,0.555555556
660,5,4.6,0.702970297
1394,4,6.3,0.650793651
426,1,7.7,0.601980198
650,6,8.4,0.590828924
645,6,7.4,0.576068376
1794,5,7.3,0.75049505
1286,7,4.7,0.731922399
1527,6,10.5,0.541880342
217,4,8.7,0.553791887
1160,7,8.6,0.684303351
343,4,14.5,0.546737213
677,7,4,0.647619048
1883,5,8.4,0.624761905
1775,1,8.6,0.666666667
66,5,4.4,0.730290456
424,6,4.3,0.632936508
1846,5,4.6,0.75
1465,7,5.2,0.817427386
1978,6,6.3,0.638888889
325,1,11.1,0.534391534
939,6,9.6,0.564102564
145,6,16.7,0.53968254
244,5,12.1,0.664761905
1388,3,6.7,0.717813051
1644,1,7.1,0.831683168
877,7,6.2,0.767634855
22,3,14.2,0.544761905
1011,4,7.8,0.661538462
1395,5,7.4,0.71965812
5,1,9.2,0.83960396
965,6,12.3,0.68
1101,5,6.3,0.656410256
806,4,13.1,0.597883598
1029,7,7.8,0.632478632
816,3,5.6,0.702970297
1330,3,4.2,0.658730159
986,6,6.3,0.691358025
177,6,8.9,0.619047619
175,4,15.3,0.60670194
1221,4,4.1,0.676923077
1238,6,7.3,0.680776014
1595,6,5.3,0.733333333
1271,1,3.5,0.761904762
560,5,13.4,0.652557319
1327,5,5.2,0.757261411
2188,6,13.4,0.609126984
1994,6,10.9,0.574955908
796,5,9.8,0.692460317
1446,3,7.6,0.669306931
577,6,4.2,0.726141079
1082,1,11.6,0.682539683
1267,2,6.3,0.778008299
1237,4,4.7,0.786307054
1896,1,6.5,0.611881188
1599,4,6,0.591452991
763,2,10.9,0.692946058
1589,5,6,0.712380952
1537,5,10.7,0.757261411
1126,4,6.1,0.738095238
540,6,11.5,0.63960396
1714,4,6.6,0.650793651
1760,2,10.2,0.659611993
938,5,4.7,0.756613757
502,5,8.5,0.670634921
8,5,5.1,0.538461538
1280,6,4.9,0.777777778
1420,4,6.6,0.765873016
2001,1,10.1,0.569230769
1742,6,9.3,0.670194004
2046,5,7.3,0.62970297
1052,3,4.1,0.671957672
1930,5,13.7,0.718253968
1453,5,7,0.680497925
551,7,6.2,0.580952381
261,6,11.8,0.589285714
1323,7,4.3,0.553846154
964,5,8.5,0.626984127
1510,5,4.3,0.71031746
597,5,19.2,0.613675214
1437,5,4.9,0.611965812
1756,4,10.2,0.686507937
1283,3,5.4,0.695238095
1972,5,6.9,0.640873016
2006,1,11.5,0.710758377
1065,6,9.2,0.593162393
2134,4,8.5,0.609126984
75,3,8.2,0.621031746
1036,3,6.5,0.755952381
1836,5,8.9,0.734653465
1826,6,13.5,0.723104056
292,6,8.2,0.64
1837,6,10.3,0.670124481
1017,5,10.7,0.625641026
139,5,14,0.525573192
152,1,7.3,0.572649573
1843,7,8,0.742738589
960,6,4.6,0.700990099
730,1,12.7,0.706349206
1432,6,7.8,0.797619048
1429,1,9.4,0.72406639
1344,7,5.4,0.811881188
1955,3,8,0.561904762
1788,4,4.4,0.633663366
1722,7,5.3,0.588118812
909,1,9.2,0.782905983
371,5,10,0.582857143
388,7,8.9,0.573412698
1858,7,3.5,0.66468254
902,6,7,0.638447972
1114,2,6.3,0.892857143
1634,2,11.5,0.661375661
1421,5,5.5,0.622857143
1442,5,8.3,0.731922399
1110,3,6.9,0.740594059
141,7,7.5,0.623015873
798,7,7.1,0.625742574
1900,7,8.9,0.571428571
260,5,8.4,0.483760684
1921,6,5,0.636929461
1341,3,4.4,0.635897436
1411,5,10.1,0.713692946
1119,1,8.5,0.594871795
192,5,4.3,0.773858921
1090,5,10.3,0.85515873
464,3,9.7,0.682539683
721,2,7.8,0.755186722
1215,3,4.1,0.652991453
532,3,11.2,0.71031746
1869,7,3.6,0.54017094
347,2,11.1,0.645544554
692,6,10.6,0.62962963
1875,1,3.4,0.564102564
1229,1,10.2,0.700952381
2116,1,8.1,0.571428571
757,1,7,0.821576763
1197,7,7,0.608547009
1234,1,8.3,0.78968254
977,1,11.8,0.64952381
1071,7,5,0.545299145
976,7,10.9,0.740079365
483,7,10,0.538461538
2109,5,11,0.51965812
933,5,11,0.635897436
289,2,10.2,0.527336861
1533,7,6.8,0.615384615
1515,4,4.5,0.548717949
769,3,10.8,0.755186722
1636,5,12.5,0.694444444
405,1,4.7,0.6
1075,5,8.6,0.798755187
1001,5,9.4,0.712380952
1992,3,5.4,0.663366337
1201,5,10.4,0.786307054
2044,3,12.9,0.626984127
1906,1,8,0.623015873
762,1,5.9,0.772277228
316,3,8.2,0.615238095
1291,6,4,0.842323651
147,1,7.2,0.686507937
2126,7,7.8,0.523809524
509,7,7.4,0.64952381
546,7,8.8,0.673267327
2111,1,8.5,0.607619048
1916,7,6.4,0.552028219
844,6,8.4,0.746031746
651,7,8.7,0.562393162
1602,1,6.7,0.742574257
1790,7,4.7,0.626102293
858,3,3.2,0.720792079
1406,6,3.5,0.707231041
1312,7,5.1,0.773809524
79,2,10.9,0.578483245
342,2,9.4,0.628630705
165,4,13.4,0.678571429
1752,5,9.7,0.712871287
2065,2,13.8,0.663900415
286,5,6.9,0.76
443,3,11,0.579047619
1863,6,8.3,0.55042735
1462,4,10.7,0.886904762
1180,6,6.4,0.744047619
1746,4,5.8,0.64950495
274,3,12.1,0.596190476
1016,4,6.8,0.724867725
953,4,4.3,0.672380952
967,1,10.3,0.765560166
1125,2,12.3,0.594871795
1776,2,7.7,0.687128713
1628,1,4.5,0.64021164
1823,2,12.2,0.695238095
1255,7,10.1,0.769709544
1070,6,9.2,0.708994709
1758,6,14.5,0.695049505
1365,7,7.1,0.71965812
1820,5,17.2,0.716049383
523,4,11.3,0.67219917
1243,5,7.9,0.798755187
1517,7,6.9,0.643809524
795,3,9.3,0.591452991
2184,7,10.6,0.637623762
1171,7,7.4,0.732365145
2040,4,9.3,0.631683168
155,5,12.3,0.691089109
1458,5,5.9,0.720792079
16,2,6.6,0.617142857
529,5,7,0.624481328
351,7,14.4,0.571428571
1092,7,11.2,0.885148515
122,3,7.2,0.6
1324,2,5.7,0.668650794
94,1,4.8,0.573333333
2027,1,15.2,0.71047619
53,2,6,0.633663366
1635,3,15.2,0.572649573
199,1,3.5,0.557319224
826,3,6.4,0.75
626,2,10.3,0.597883598
1754,1,8.5,0.659611993
928,6,7.2,0.71031746
838,5,6.1,0.753968254
2007,2,9.6,0.608547009
1199,3,6.8,0.704761905
1246,3,3.9,0.722222222
376,5,7.2,0.632936508
323,5,10.3,0.635643564
2171,4,5.1,0.539047619
303,6,11.8,0.567460317
1673,5,5.7,0.624761905
1370,7,6.9,0.633156966
1831,5,8.8,0.798755187
1244,7,10.3,0.735449735
1056,1,10,0.78019802
2138,2,10.8,0.546737213
1492,2,9.3,0.765873016
558,2,9.5,0.584158416
603,6,7.2,0.601709402
198,6,8.6,0.643153527
974,4,7.1,0.694885362
1307,7,6.1,0.773333333
756,7,8,0.631683168
2037,7,5.2,0.538461538
2175,2,12.9,0.514529915
1610,5,3.9,0.723104056
1239,7,4.7,0.682051282
879,3,11.7,0.627350427
2122,2,14.1,0.603174603
393,6,10.6,0.557264957
1621,5,8.5,0.630705394
1087,7,5.7,0.713692946
612,4,10.6,0.702970297
1979,7,6.6,0.592380952
1607,1,5.6,0.733333333
1301,6,7.2,0.84
1403,2,11.1,0.740952381
522,3,5.3,0.584158416
989,3,7.4,0.72952381
593,7,13.5,0.697142857
1354,7,4.7,0.748015873
1920,5,10.3,0.681188119
2118,3,9.3,0.679207921
685,3,4.9,0.690871369
872,1,6.3,0.619047619
686,5,11,0.701940035
399,7,6.7,0.488888889
833,5,17.3,0.678095238
1482,2,7.5,0.76039604
1450,2,4.6,0.698412698
501,3,11,0.553846154
1227,5,6,0.699145299
1172,2,10,0.712522046
489,1,11.5,0.487179487
1886,2,12.5,0.532627866
2112,2,4.5,0.615841584
719,7,15,0.6
970,6,9.4,0.777777778
765,5,7.8,0.652991453
783,1,9.4,0.625641026
1854,1,10.3,0.691089109
1990,1,13.3,0.674603175
52,1,10.4,0.56952381
1118,7,9.9,0.721340388
1469,6,4.1,0.67047619
1202,7,3.3,0.668430335
1405,4,8,0.699170124
1501,6,7.6,0.730290456
1520,4,10.9,0.624338624
2121,7,10.9,0.552136752
1315,3,5.9,0.751037344
1261,1,9.8,0.798755187
86,4,9.1,0.664957265
2083,5,6.9,0.757261411
898,1,6.1,0.751984127
680,4,11,0.617283951
1573,4,5.8,0.819502075
785,4,9.3,0.626666667
792,6,10.5,0.588118812
1136,3,6.4,0.774250441
707,5,5.4,0.700952381
1423,7,8.8,0.699170124
1889,6,7.9,0.607619048
802,6,12.5,0.662698413
493,6,3.6,0.692946058
1211,5,6.1,0.666666667
1779,6,11.9,0.577777778
119,6,10.4,0.651485149
1609,3,11.8,0.670124481
466,6,7.3,0.595238095
773,2,5.8,0.643809524
465,4,7.4,0.58974359
812,5,8.9,0.712522046
2002,3,8.6,0.64484127
1679,6,13,0.603809524
1685,7,9.4,0.617142857
129,5,7.6,0.64484127
2061,4,12.2,0.533333333
1588,4,3.8,0.740079365
435,6,8.2,0.582905983
1214,2,9.9,0.716049383
724,7,10.6,0.742063492
2057,6,12.4,0.605714286
1697,2,11.8,0.620952381
821,3,15.5,0.72952381
1175,6,5.2,0.782857143
760,6,12.2,0.682539683
1099,2,8.1,0.715767635
1104,2,6.1,0.788118812
485,3,14.1,0.63047619
1751,4,7.2,0.683809524
1059,5,7.9,0.594871795
58,2,17.9,0.685714286
441,7,6.7,0.632478632
220,1,6.1,0.708571429
947,3,10,0.716190476
1471,1,3.8,0.782157676
652,2,8.7,0.66468254
1290,5,4.9,0.851485149
313,6,10.6,0.507936508
919,7,7.5,0.738589212
1362,3,6,0.827722772
490,3,11,0.652777778
585,3,7.6,0.603418803
1600,6,9.3,0.775793651
2128,3,7.5,0.668650794
1847,6,8.3,0.678095238
1626,5,6.8,0.714851485
2018,3,10.4,0.627865961
1158,4,7.7,0.746534653
2004,5,3.4,0.689108911
1134,7,4.7,0.76039604
1525,3,7.9,0.746887967
242,2,7.1,0.524786325
1969,7,8.9,0.701244813
819,7,11.3,0.711111111
1162,3,7.9,0.656746032
1176,7,4.7,0.702970297
1968,6,10,0.59009901
1154,6,8.1,0.710758377
2148,1,9.8,0.588118812
754,5,5.4,0.698412698
61,6,10.7,0.527336861
1333,6,5.3,0.734439834
699,1,11.9,0.6
926,3,9,0.647266314
39,4,6.3,0.676587302
729,6,5.8,0.521367521
284,2,9.1,0.509401709
210,1,9.5,0.705394191
301,4,6.5,0.590828924
387,5,10.4,0.558974359
1817,1,11.5,0.634285714
382,6,8,0.579365079
644,5,6.6,0.661375661
516,2,10.4,0.64950495
745,6,6.6,0.657676349
883,1,6.7,0.746887967
990,4,3.9,0.661386139
1427,6,5.7,0.647619048
1414,3,10.6,0.797619048
1951,4,14.6,0.680497925
1230,2,4.8,0.752475248
1834,3,3.7,0.672619048
524,6,9.6,0.643738977
830,1,9.7,0.693121693
1562,4,4.3,0.735449735
1737,6,8.5,0.536752137
2124,4,6.4,0.675247525
1814,4,4.9,0.661375661
1726,6,10,0.706349206
1576,2,7.8,0.755952381
642,2,10.7,0.671287129
1646,4,7.1,0.687830688
1705,5,11.1,0.680497925
1973,6,10.4,0.660952381
774,3,11.3,0.756435644
48,2,11.9,0.682572614
656,7,8.9,0.560846561
1195,4,8.5,0.860995851
1389,4,14,0.635897436
1347,4,7.8,0.666666667
1109,2,7.9,0.740952381
1493,3,8,0.548571429
841,1,11.5,0.804979253
1149,6,3.7,0.618803419
1425,3,5.3,0.596581197
1856,4,15.3,0.592592593
1173,3,10,0.632478632
1488,3,10.1,0.643564356
716,3,8.2,0.666666667
920,2,9.9,0.770723104
1878,5,7.7,0.657425743
555,5,8.9,0.593162393
1076,7,11,0.693121693
1007,6,9.1,0.674285714
1996,2,11.6,0.668650794
406,3,9.4,0.654761905
786,5,12,0.669306931
905,3,8.3,0.628571429
801,4,8.7,0.641025641
2009,5,4.6,0.792380952
611,3,5.6,0.672380952
389,1,15.3,0.628571429
442,2,7.4,0.726190476
1401,6,7.8,0.699145299
2183,6,11.2,0.558095238
1507,7,8.2,0.744813278
1688,4,6.3,0.555555556
873,2,10.9,0.625641026
780,4,9.5,0.712871287
2025,5,8.9,0.558974359
1662,4,14.8,0.592079208
741,1,8.4,0.625641026
1524,2,3.4,0.663366337
1081,6,5.7,0.834024896
45,5,5.8,0.704365079
815,2,10.5,0.647619048
1444,1,6.2,0.831349206
307,5,22.8,0.567901235
896,5,7,0.675485009
1962,5,10.1,0.673267327
617,4,8.3,0.615238095
2178,6,7.2,0.61980198
1712,1,7,0.590828924
2136,6,7.2,0.63960396
1952,6,10.1,0.571428571
1535,3,5.2,0.626666667
1142,4,4.6,0.698412698
1812,1,6.3,0.691089109
1905,6,7,0.555555556
1575,7,3.2,0.608547009
1233,6,8.2,0.64957265
439,4,15,0.676348548
1266,1,5.7,0.734653465
1768,6,6.2,0.64484127
1352,4,7.7,0.654320988
1536,4,4.3,0.617821782
1514,3,12.4,0.647266314
636,1,13.2,0.669306931
958,4,6.4,0.740079365
1585,6,9,0.7406639
328,5,9.1,0.596190476
639,5,3.8,0.632478632
1025,2,8.8,0.712380952
863,3,9.6,0.681904762
876,6,5.2,0.851485149
566,6,8.4,0.634920635
146,7,10.3,0.535042735
1164,5,7.9,0.76039604
1638,7,6.8,0.63960396
444,4,7.3,0.653465347
1965,2,4,0.524786325
573,1,6.3,0.560683761
1419,2,8.6,0.656410256
2042,7,7.3,0.537918871
1019,1,8.1,0.678095238
1549,7,9.3,0.780082988
118,5,7,0.693333333
1079,4,11.5,0.681904762
1431,4,3.8,0.630769231
732,3,14.8,0.738613861
750,6,7.1,0.774257426
454,4,14.1,0.64484127
674,3,9.1,0.633156966
1260,7,4,0.695049505
256,7,14.3,0.571428571
331,2,8.7,0.546737213
1355,1,4.8,0.699047619
380,3,10.4,0.57319224
1438,7,5.2,0.757936508
30,6,6.8,0.7406639
1273,3,8.5,0.709543568
679,2,9.6,0.697095436
1361,2,6.6,0.708571429
954,5,6.8,0.693069307
1862,5,8.4,0.668430335
1783,4,5.9,0.717842324
941,2,12.1,0.740952381
591,4,9.1,0.553846154
829,6,7.8,0.77593361
715,1,9.6,0.701244813
390,2,8.4,0.615841584
1706,7,7.8,0.574955908
1240,2,4.4,0.888888889
475,3,7.7,0.653526971
1049,6,11.6,0.702857143
1100,4,6.9,0.746031746
576,5,10.5,0.631683168
1523,1,5.1,0.64952381
718,6,11.6,0.571428571
1721,6,5,0.554285714
1402,1,3.5,0.716269841
1253,5,12.4,0.737142857
446,7,17.7,0.51675485
169,3,8.9,0.603174603
875,5,5.4,0.672380952
402,4,10,0.592079208
1759,7,5.6,0.690871369
1346,3,6.9,0.733686067
2170,3,8.2,0.654761905
2099,6,7.9,0.714285714
494,1,4.9,0.601410935
521,2,9.6,0.607619048
164,3,6.8,0.502564103
1861,3,8.4,0.626556017
346,1,6.8,0.575238095
345,6,10.6,0.583333333
1864,1,4.8,0.680555556
507,4,8.1,0.555555556
135,6,6.5,0.615079365
73,1,12.2,0.659611993
497,5,12.9,0.712380952
1342,5,6.6,0.71031746
422,3,16.1,0.541446208
640,7,6.1,0.64484127
865,5,7.1,0.838174274
1925,5,8.8,0.681904762
746,1,11.7,0.758377425
1006,5,9.1,0.718253968
1123,6,8,0.821576763
1904,5,7.5,0.624338624
789,2,15.3,0.620512821
1031,3,5.8,0.72952381
202,5,9.6,0.588571429
1799,5,13.6,0.752380952
1139,7,7,0.740952381
408,5,5.8,0.732673267
767,1,6.3,0.607619048
1264,6,9,0.884920635
1398,2,7.3,0.691089109
1415,4,7.5,0.71047619
929,7,7.3,0.699047619
1133,6,7.5,0.693333333
1570,1,7.6,0.662698413
1567,3,7.1,0.668049793
539,5,15.7,0.744761905
1581,1,5.6,0.582905983
2179,7,10.7,0.701244813
1702,2,8,0.676587302
1102,7,6,0.75
641,1,5,0.643809524
449,4,6.3,0.59047619
68,1,8.7,0.526495726
695,3,11.2,0.685714286
1676,2,9.8,0.627865961
574,3,10.6,0.581349206
1625,4,7.8,0.666666667
866,7,3.5,0.634920635
130,7,4.5,0.655238095
1739,2,9.9,0.632380952
1198,2,4,0.833333333
1741,4,5.3,0.67219917
2033,2,22.4,0.674285714
176,5,9.2,0.582905983
1117,5,6.4,0.877593361
1159,5,4.6,0.769709544
1350,1,4,0.78019802
975,5,6.1,0.687179487
121,2,13.6,0.502645503
835,7,10.7,0.736514523
784,3,5.4,0.759920635
1608,2,7.7,0.627722772
1808,3,9.5,0.675485009
170,4,12.7,0.582905983
1468,5,9.1,0.753968254
1340,2,11,0.596119929
98,6,12.1,0.591452991
1077,1,4.4,0.617094017
584,2,5.9,0.654320988
614,7,11.2,0.590828924
847,2,10.2,0.721991701
1530,3,5.4,0.647524752
1129,7,11.8,0.744813278
1950,3,10.2,0.697029703
1859,1,10.3,0.63047619
575,4,18.7,0.605714286
810,2,8.2,0.708910891
1226,4,8.2,0.742504409
1252,4,4.4,0.742063492
623,5,7.4,0.702857143
1008,7,9.3,0.742574257
450,5,11.4,0.64950495
589,1,6.9,0.744813278
1247,4,8.1,0.681904762
747,2,7.2,0.558974359
1791,1,4.8,0.651282051
1732,7,7.8,0.712301587
1470,7,9.9,0.742574257
915,2,4.6,0.608547009
1506,6,15.4,0.621782178
1733,1,7.1,0.67047619
1303,1,5.7,0.769709544
794,2,10.4,0.64021164
1278,3,5.8,0.869306931
712,5,7.9,0.654761905
525,7,12.4,0.478632479
1385,6,6,0.767619048
520,1,9.7,0.783730159
132,2,10.4,0.649377593
1829,3,6.8,0.727619048
1695,6,5,0.58974359
1281,7,12.6,0.676923077
1080,5,8.4,0.700990099
787,6,6.1,0.661825726
1409,3,8.2,0.691428571
1177,1,10,0.771784232
1475,7,6.3,0.657142857
955,6,9.2,0.809128631
818,6,6.7,0.700176367
828,5,9.1,0.695049505
809,1,6.7,0.820952381
1447,4,10.6,0.838174274
862,2,8.7,0.761904762
1614,3,9.3,0.693069307
1053,4,6.7,0.652991453
1311,5,7.5,0.700854701
149,4,7.6,0.657425743
1428,7,6.8,0.726732673
1282,2,5.4,0.76984127
1988,5,7.5,0.499118166
477,6,11.4,0.521367521
1547,5,7.5,0.725714286
777,7,7.7,0.567521368
734,6,12.8,0.622574956
1454,7,6.4,0.641975309
694,2,11.8,0.636904762
1146,2,8.5,0.758415842
1107,6,3.1,0.705982906
1207,6,12.9,0.765560166
1981,2,5.5,0.695020747
92,5,6,0.581196581
518,5,13.7,0.633156966
1204,3,5.8,0.779761905
1652,5,12,0.590828924
1818,2,7.1,0.691089109
2019,4,8.4,0.574358974
1165,6,8.7,0.834024896
978,2,6,0.772277228
1069,4,6.8,0.784232365
1696,1,5.6,0.692460317
1997,3,6.8,0.664761905
1780,1,8.4,0.712301587
1285,5,5.6,0.98340249
358,2,16.2,0.744047619
659,4,10.9,0.681904762
108,5,7.9,0.678423237
981,6,5.8,0.646153846
196,4,11,0.571428571
2013,3,7.5,0.577777778
1718,2,8.3,0.633156966
1023,6,5.9,0.656410256
2051,5,10.3,0.643809524
1777,3,9,0.68879668
266,6,15.9,0.47008547
2106,1,6.8,0.621782178
1089,3,7.7,0.733333333
910,3,6,0.882936508
526,2,3.7,0.726190476
76,5,8.8,0.681904762
1143,5,4.3,0.579487179
1703,3,13.7,0.582857143
184,2,13.6,0.624761905
1557,4,9.3,0.593162393
646,1,4.8,0.676587302
2143,1,7.5,0.713692946
2077,4,9.6,0.641078838
2135,5,6.6,0.678095238
1410,4,5.8,0.627722772
2081,3,11.3,0.586666667
392,5,6.4,0.649029982
471,5,7.8,0.629059829
2076,3,10.3,0.724752475
1617,7,6.5,0.61025641
2064,1,5.2,0.695049505
1845,3,5.2,0.673504274
1827,7,10.9,0.709401709
2079,7,8,0.502564103
563,2,8.1,0.683809524
341,1,8.1,0.637623762
1550,2,5.3,0.617283951
628,5,7.3,0.718253968
1245,1,6.8,0.668376068
1844,2,14.8,0.636684303
1349,7,3.2,0.655238095
1940,4,13.7,0.552028219
586,5,10.3,0.55952381
869,4,10.4,0.725714286
187,6,5.2,0.677248677
704,1,14.5,0.636684303
1603,2,8.2,0.721991701
1028,6,5.8,0.698412698
1186,7,10.2,0.676587302
1941,5,10.5,0.576068376
1693,3,7.5,0.728215768
1459,6,8.2,0.701244813
913,6,8.6,0.771784232
1192,1,5.7,0.732142857
1020,2,6.6,0.716831683
123,4,2.7,0.617063492
1497,1,7.5,0.647863248
2024,4,6.7,0.592592593
1958,7,10.1,0.599647266
1170,6,5,0.669306931
698,7,13.8,0.562610229
59,3,10.6,0.671287129
1513,1,5.7,0.742738589
250,6,6.8,0.584761905
861,7,5.4,0.555555556
2146,6,5.2,0.577380952
2163,7,14.5,0.507692308
1043,5,10.4,0.634285714
421,1,9.9,0.678423237
995,4,7.9,0.752380952
1528,1,7.4,0.767857143
1558,6,8.8,0.755952381
1185,5,7.8,0.630769231
474,2,17,0.633663366
811,3,3.1,0.778008299
223,5,9.6,0.569664903
1985,1,4.5,0.662857143
87,5,10.8,0.700396825
423,4,6.5,0.623931624
1590,6,10.7,0.748514851
1326,4,7.9,0.718811881
917,5,5.4,0.779047619
285,3,5.9,0.581349206
136,1,9.6,0.691428571
1910,6,5.5,0.624338624
163,2,9.2,0.48324515
519,6,6.2,0.533333333
1694,5,4.4,0.624338624
1232,5,7.6,0.765432099
701,4,12.2,0.647619048
1719,3,6.6,0.641025641
2003,4,8.8,0.662857143
2000,7,11.8,0.650793651
803,7,6.2,0.668571429
633,4,7.1,0.572649573
2032,1,8.1,0.678571429
436,1,4.7,0.66468254
368,1,6.5,0.509700176
1773,5,9.7,0.625641026
93,6,11.2,0.575396825
1683,4,7.7,0.502564103
1063,3,6.3,0.809128631
1605,5,7.1,0.65982906
74,2,9.1,0.548717949
1258,5,5.9,0.724206349
610,2,7.6,0.652777778
2185,1,13.7,0.628630705
1003,7,5.7,0.670124481
669,3,12.7,0.51965812
1047,3,5,0.594871795
962,2,6.4,0.564373898
253,3,4.7,0.485008818
1265,7,4.9,0.708571429
258,2,11.1,0.697095436
1476,1,6.5,0.748514851
1651,3,8.6,0.709543568
1686,1,8.2,0.657425743
15,7,10.9,0.569444444
1179,4,6.9,0.531623932
2107,2,10.2,0.653526971
2140,5,6.1,0.662698413
1509,3,6.2,0.557264957
1050,7,6.3,0.805940594
1620,4,6.1,0.601980198
1787,3,7,0.64
1472,3,5,0.627865961
1852,6,6.2,0.670634921
1041,2,9,0.601709402
653,3,8.1,0.71047619
1390,6,9.6,0.763888889
1887,3,8.1,0.52991453
492,5,7.8,0.702970297
1094,3,9.3,0.705467372
1060,7,8.7,0.678571429
1606,7,7.4,0.761904762
1924,4,9.8,0.736111111
1711,6,14.2,0.711618257
472,7,9.4,0.617063492
349,5,7.6,0.553791887
414,6,5.4,0.594059406
109,7,10.8,0.546737213
1729,2,8,0.736514523
1417,6,8.7,0.7593361
731,2,14.9,0.56952381
2082,4,5.2,0.625742574
1289,4,7.6,0.84952381
310,2,8,0.632380952
1572,3,8.7,0.726732673
1042,4,7.6,0.734126984
67,7,11.8,0.555555556
1096,6,4.7,0.688492063
570,4,7.1,0.651485149
400,2,12.2,0.706349206
103,6,8.1,0.552028219
817,4,8,0.751037344
1670,1,9,0.571428571
691,4,3.5,0.721991701
1619,3,10.1,0.659047619
1821,6,8.8,0.547008547
851,1,12.1,0.718095238
683,1,6.6,0.662857143
1024,1,11.5,0.841269841
1378,4,6.2,0.68452381
407,4,8.5,0.580952381
1611,6,7.6,0.618803419
1541,4,3.9,0.632380952
60,4,6.8,0.657676349
1508,2,6.6,0.633156966
675,4,7.9,0.629059829
10,1,6.1,0.567619048
723,5,5.5,0.765811966
1413,1,11.4,0.579487179
901,4,5.7,0.697095436
1399,3,5.5,0.697095436
1504,4,9.4,0.777777778
2014,5,7.7,0.678571429
1888,5,12.4,0.676587302
2168,7,8.1,0.497354497
125,7,4.7,0.627722772
91,4,12.6,0.557319224
367,6,6.5,0.645228216
1325,3,3.5,0.725714286
1566,2,5.3,0.706930693
1748,7,6.1,0.615520282
1700,6,4.1,0.636684303
1747,5,4.8,0.67219917
1363,4,7.9,0.742738589
434,5,14.3,0.661375661
1494,4,9.7,0.689108911
134,5,10.2,0.675213675
678,1,9.1,0.63960396
1637,6,9.5,0.603809524
2058,7,2.7,0.655445545
867,1,12.8,0.582905983
2156,5,9.9,0.520282187
1840,4,5.3,0.716269841
1161,1,9.1,0.687179487
1717,7,12.2,0.628630705
80,3,5.3,0.543589744
700,3,14.1,0.648809524
1310,4,7.2,0.767195767
1487,2,11,0.622857143
868,3,9.4,0.746031746
1306,6,6.7,0.751984127
1749,1,13.2,0.652991453
1193,2,3.3,0.702857143
190,3,10.1,0.773333333
2030,5,4.7,0.686067019
111,2,6.4,0.593253968
1744,2,14.2,0.746031746
1763,6,11.3,0.672380952
710,2,9.8,0.684303351
344,5,6.7,0.492307692
64,3,11.6,0.552380952
148,3,9.9,0.664761905
982,1,5.7,0.742063492
687,6,13.1,0.567521368
1147,3,8.9,0.807053942
1210,4,7.8,0.724206349
1596,7,5,0.683168317
1222,6,4.5,0.748015873
1675,7,8.3,0.647302905
670,5,10.5,0.712301587
1937,7,12.3,0.601904762
1463,5,12.7,0.765714286
994,3,9.6,0.738095238
1032,4,10.6,0.663366337
456,6,9.7,0.691089109
1424,2,5,0.705467372
1892,3,12.5,0.532627866
1671,2,5.7,0.627350427
1881,2,3.5,0.531623932
383,7,12.1,0.575238095
1103,1,6.6,0.826666667
1460,1,10.9,0.814814815
1498,3,9.5,0.654761905
963,3,11.5,0.652991453
65,4,15.9,0.611881188
807,5,9.8,0.707692308
1698,3,10.6,0.689108911
1138,6,9.9,0.674603175
903,7,15.6,0.524786325
1944,2,9.3,0.655445545
1805,6,10.9,0.56952381
725,1,11.6,0.761904762
1738,1,12.6,0.742063492
1884,6,12.5,0.6
384,1,13.8,0.643564356
1005,3,4,0.617094017
1212,6,10.8,0.693069307
1430,3,5.7,0.659611993
459,3,4.3,0.521367521
1911,7,8.3,0.555555556
753,3,5.4,0.579487179
2047,6,5.8,0.630705394
907,5,6.9,0.778008299
1456,3,8.8,0.738095238
1929,3,17,0.562393162
951,1,11.3,0.560683761
1135,1,7.2,0.854771784
850,7,5.4,0.668650794
360,4,11.7,0.702970297
1051,1,9.4,0.794605809
1710,5,6.9,0.592079208
1782,3,3.2,0.734653465
906,4,9.1,0.833663366
544,5,8.1,0.797619048
161,6,13.8,0.621782178
1907,2,7.3,0.643809524
918,6,8.7,0.736633663
110,1,4.5,0.570940171
1270,7,7.1,0.71031746
2091,2,8,0.601709402
952,3,6.9,0.694444444
616,3,7.3,0.658730159
916,4,6.5,0.775793651
564,3,14.6,0.63960396
839,6,10.6,0.580952381
1578,4,6.6,0.778217822
1483,3,9.3,0.674273859
1400,5,6.3,0.701940035
1796,1,10.1,0.626102293
1678,5,9.3,0.771825397
2063,7,9,0.556190476
1792,3,9.9,0.617063492
969,4,6.2,0.694017094
880,5,8.7,0.714285714
1835,4,4.9,0.638095238
1490,6,7.7,0.647266314
843,4,7.3,0.579487179
1298,2,5.3,0.633156966
561,6,10.7,0.582905983
874,4,8.6,0.732142857
1321,4,10.1,0.79253112
1304,3,5.8,0.670194004
1000,4,10,0.78968254
1648,7,6,0.589285714
298,7,2.2,0.64
1745,3,10.2,0.676190476
1532,6,7.7,0.566137566
1935,4,15.8,0.535042735
514,7,7.2,0.593253968
1131,3,7.2,0.569230769
433,3,10.7,0.659751037
1563,5,8.8,0.67008547
1022,5,7.3,0.728395062
195,2,9.2,0.581349206
452,1,8.4,0.615520282
751,7,4.9,0.738589212
339,5,10.1,0.674603175
688,1,12,0.71031746
2085,1,14.6,0.593162393
2017,1,11.7,0.661825726
304,1,7.4,0.64
2141,6,9.3,0.634285714
468,1,11.8,0.625742574
728,5,9.8,0.728395062
1391,7,5.8,0.672380952
696,4,3.2,0.695049505
1555,1,5.1,0.817427386
1035,1,8.7,0.646153846
460,5,9.1,0.700396825
62,7,10,0.511111111
1439,1,4.6,0.6
708,6,13.4,0.669306931
1418,1,6.7,0.677248677
552,1,5.9,0.625742574
1734,2,10,0.603960396
1034,7,4.7,0.747795414
51,6,6.2,0.619047619
1804,5,7.2,0.712301587
1807,1,4,0.690871369
1241,3,6.8,0.657142857
922,5,5.3,0.740079365
1713,2,10.7,0.598290598
1209,2,7.4,0.639316239
1377,2,7.1,0.678632479
1374,5,5.1,0.756435644
643,3,8.5,0.692946058
1194,3,7.8,0.792079208
1445,2,4.1,0.676190476
1297,7,5.1,0.813278008
517,3,7.8,0.668049793
1797,2,9.6,0.552136752
1231,3,5,0.736514523
166,6,11.8,0.68952381
988,2,7.3,0.755952381
297,5,20.9,0.66468254
1319,2,4.4,0.706666667
1543,6,6.9,0.757261411
482,6,11.7,0.617283951
599,1,14.3,0.601904762
1074,4,3.2,0.807920792
596,4,11.8,0.682539683
925,1,7.8,0.697095436
569,3,12.7,0.603809524
401,3,19.4,0.584761905
881,6,6.7,0.723809524
931,2,7.6,0.790456432
1218,7,11.9,0.778217822
2089,6,5.1,0.670124481
1584,5,14.2,0.77029703
142,2,6.6,0.685714286
805,2,4,0.773858921
717,4,12.1,0.548717949
2015,6,4.9,0.659047619
295,3,7.7,0.596119929
1870,2,7.4,0.652777778
1318,1,9.6,0.744047619
957,2,5.9,0.637606838
515,1,7.4,0.697142857
1757,5,7.4,0.706666667
1367,3,6.5,0.697142857
429,5,6.3,0.663247863
2034,3,9.1,0.699009901
1832,7,6,0.615520282
1329,1,4.8,0.639316239
1332,5,6.3,0.803960396
900,3,7.8,0.792079208
884,3,7.2,0.634920635
693,7,10.7,0.606837607
2162,6,11.8,0.57319224
1048,5,7.3,0.720238095
1802,2,13.7,0.675485009
1217,6,8.7,0.681904762
1901,1,5.2,0.636190476
590,3,5.7,0.666666667
172,7,9,0.586666667
530,7,5.8,0.624338624
702,5,10.2,0.720792079
2020,6,6.3,0.718253968
662,1,8.3,0.611992945
1045,7,8.9,0.738589212
1750,3,3.5,0.696428571
778,2,9.7,0.68452381
241,1,6.7,0.490299824
1416,5,8.8,0.685148515
82,6,5.4,0.548571429
1188,2,7.3,0.685148515
1630,4,13.7,0.630952381
1767,4,7.5,0.618803419
2048,1,8.2,0.599647266
1709,4,6.9,0.634285714
779,3,6.1,0.615238095
1720,5,5.3,0.801587302
758,3,9.3,0.656084656
1132,5,7.5,0.726190476
377,6,9,0.548571429
1894,6,7.1,0.708333333
661,6,16,0.70746888
961,7,6.8,0.763485477
1292,1,6.8,0.693121693
714,7,5.8,0.637623762
1317,6,6.5,0.663247863
1899,5,16.4,0.502564103
2115,6,10.7,0.514529915
1643,7,8.2,0.727619048
1568,5,7.9,0.710758377
1153,4,7.8,0.786307054
395,2,18.8,0.594285714
116,2,4.3,0.608547009
1544,1,4,0.636684303
1601,7,5.7,0.662857143
966,7,5.5,0.64950495
206,3,6.4,0.48034188
892,7,10.7,0.751984127
556,7,12,0.615079365
1616,6,4.5,0.742504409
888,1,6.5,0.823762376
2074,1,9.5,0.58531746
2174,1,7.2,0.569664903
634,6,6,0.654761905
2023,2,10.1,0.632780083
2167,5,8.6,0.690871369
637,2,9.4,0.647302905
1618,2,11.4,0.700396825
946,2,9.6,0.660714286
96,3,8.8,0.678423237
