,day,wdsp,temp,total_num_of_crimes
580,4,11.9,41.3,0.748015873
1367,3,6.5,77.1,0.697142857
2108,4,4.6,26.8,0.580246914
571,5,4.9,45,0.684647303
891,5,8.7,75.7,0.682051282
2002,3,8.6,42.1,0.64484127
1580,7,11.4,65.4,0.680776014
1851,4,10.1,65.6,0.634188034
1994,6,10.9,40.9,0.574955908
1007,6,9.1,80.5,0.674285714
1826,6,13.5,40,0.723104056
549,4,11,60.6,0.615384615
1498,3,9.5,85.1,0.654761905
271,6,5.1,15.2,0.479717813
401,3,19.4,46.3,0.584761905
1702,2,8,66.5,0.676587302
660,5,4.6,46.8,0.702970297
223,5,9.6,3,0.569664903
1360,1,6.7,75.5,0.744047619
269,3,7.4,34,0.588118812
916,4,6.5,72.6,0.775793651
452,1,8.4,26.5,0.615520282
1880,1,8.3,52.6,0.62962963
1264,6,9,74.2,0.884920635
1426,5,5,74.2,0.706349206
1639,1,6.6,73.9,0.736514523
754,5,5.4,61.6,0.698412698
124,6,7.1,49.6,0.64952381
1797,2,9.6,54.7,0.552136752
1410,4,5.8,70.9,0.627722772
531,1,9,49.1,0.611965812
1870,2,7.4,57.1,0.652777778
1514,3,12.4,74.6,0.647266314
159,3,9.8,29.1,0.666666667
1679,6,13,70.5,0.603809524
1985,1,4.5,46.3,0.662857143
1893,4,19.9,49.7,0.55042735
706,4,9.8,47.7,0.712301587
1462,4,10.7,70.2,0.886904762
752,2,11.5,53.1,0.689594356
1064,5,8,74,0.770723104
1720,5,5.3,53.9,0.801587302
1567,3,7.1,72.6,0.668049793
1544,1,4,58.4,0.636684303
1574,6,10.8,69.8,0.682539683
1363,4,7.9,71.5,0.742738589
865,5,7.1,64.5,0.838174274
196,4,11,22,0.571428571
781,5,8.8,50.1,0.77593361
1839,2,5.7,61,0.598290598
1090,5,10.3,69.6,0.85515873
1585,6,9,76.6,0.7406639
101,3,8.2,14.3,0.607920792
581,5,11.8,43.8,0.619047619
14,6,4.9,34.3,0.478632479
826,3,6.4,54.2,0.75
213,5,6.3,30.5,0.609126984
1981,2,5.5,42.1,0.695020747
1829,3,6.8,39.8,0.727619048
344,5,6.7,10,0.492307692
331,2,8.7,19.3,0.546737213
1527,6,10.5,59.2,0.541880342
1230,2,4.8,75.7,0.752475248
428,4,7.8,22.7,0.611992945
853,3,12.8,63.9,0.7406639
1860,2,12.8,48.3,0.738613861
2178,6,7.2,29.5,0.61980198
1750,3,3.5,62.3,0.696428571
1306,6,6.7,76.6,0.751984127
798,7,7.1,54.4,0.625742574
1944,2,9.3,32.3,0.655445545
1013,7,10.8,75.6,0.697142857
1004,2,12.9,84.8,0.779541446
1625,4,7.8,62.9,0.666666667
520,1,9.7,46.2,0.783730159
818,6,6.7,49.7,0.700176367
1595,6,5.3,84.4,0.733333333
1888,5,12.4,51.4,0.676587302
1014,1,11.4,86.7,0.857425743
319,7,8.9,23.8,0.513227513
1253,5,12.4,74.2,0.737142857
927,4,7.2,71,0.623931624
1289,4,7.6,76.8,0.84952381
1435,2,9.7,72.9,0.701244813
957,2,5.9,72,0.637606838
1476,1,6.5,78.6,0.748514851
524,6,9.6,35.5,0.643738977
2032,1,8.1,33.4,0.678571429
771,6,7.2,60.4,0.541880342
721,2,7.8,46.1,0.755186722
1547,5,7.5,74.9,0.725714286
1417,6,8.7,69.4,0.7593361
1560,1,3.9,79.1,0.675247525
699,1,11.9,49.1,0.6
1460,1,10.9,78.8,0.814814815
1095,4,9.3,62.8,0.6
1032,4,10.6,66.5,0.663366337
1618,2,11.4,62.4,0.700396825
1169,5,7.6,72.2,0.731428571
1676,2,9.8,57.2,0.627865961
1251,2,6.8,82.9,0.673504274
767,1,6.3,46.6,0.607619048
228,4,8.6,35.9,0.695020747
381,4,8.9,15.2,0.500854701
1789,5,3.8,46.9,0.695020747
1401,6,7.8,75.3,0.699145299
305,2,11.5,59.3,0.598019802
838,5,6.1,60.8,0.753968254
1038,5,12.3,63.2,0.695049505
789,2,15.3,54.2,0.620512821
1662,4,14.8,66.2,0.592079208
833,5,17.3,48.3,0.678095238
1217,6,8.7,78,0.681904762
1754,1,8.5,55.5,0.659611993
980,5,7.7,66.6,0.793650794
1562,4,4.3,62.3,0.735449735
623,5,7.4,55.4,0.702857143
606,3,9.6,48.5,0.76039604
1568,5,7.9,65.4,0.710758377
347,2,11.1,50.1,0.645544554
1859,1,10.3,41.7,0.63047619
614,7,11.2,61.3,0.590828924
1793,4,7.5,48.2,0.68952381
1923,2,12,53.1,0.54017094
1348,6,7.2,78.4,0.755952381
1262,3,5.5,70.1,0.627865961
813,6,6,72.9,0.765811966
1634,2,11.5,56.9,0.661375661
873,2,10.9,73.3,0.625641026
1315,3,5.9,77.8,0.751037344
566,6,8.4,40,0.634920635
734,6,12.8,57,0.622574956
16,2,6.6,40.3,0.617142857
1114,2,6.3,77.2,0.892857143
1119,1,8.5,78.4,0.594871795
675,4,7.9,44.5,0.629059829
1325,3,3.5,74.6,0.725714286
1141,2,5.5,76.8,0.72406639
556,7,12,43.1,0.615079365
1049,6,11.6,70,0.702857143
1395,5,7.4,71.7,0.71965812
411,2,6.2,43.9,0.644444444
1159,5,4.6,74.1,0.769709544
1411,5,10.1,70.6,0.713692946
1202,7,3.3,74.8,0.668430335
1136,3,6.4,73.4,0.774250441
172,7,9,27.6,0.586666667
81,4,8.6,33.9,0.662698413
1868,6,11.3,45.1,0.58377425
827,4,16.6,75.5,0.67047619
187,6,5.2,26.8,0.677248677
1040,1,4.8,73.1,0.686067019
557,1,6.5,49.3,0.620952381
673,1,10.5,68.4,0.661825726
904,2,7.9,73.4,0.708333333
537,2,9.4,50.1,0.579487179
1867,4,11.6,30.2,0.639004149
1622,7,3.5,68.9,0.694885362
1027,4,10.6,60.4,0.709543568
1180,6,6.4,69.3,0.744047619
119,6,10.4,39.7,0.651485149
1790,7,4.7,55.5,0.626102293
562,1,16,40.4,0.623015873
926,3,9,67,0.647266314
1154,6,8.1,76.6,0.710758377
722,4,12.1,46.3,0.756613757
1342,5,6.6,81.5,0.71031746
929,7,7.3,81,0.699047619
1970,2,13.8,26.3,0.541446208
312,4,12.3,31.9,0.711618257
2053,7,10.1,39.9,0.622406639
718,6,11.6,46.6,0.571428571
1906,1,8,49,0.623015873
1055,7,11,65.4,0.68952381
1466,2,6.8,77,0.677248677
1189,3,4.3,81.6,0.757261411
1024,1,11.5,84.6,0.841269841
414,6,5.4,33.4,0.594059406
594,1,6.8,34.5,0.641584158
876,6,5.2,78.3,0.851485149
1932,7,6.4,34.4,0.596039604
424,6,4.3,46.1,0.632936508
1106,5,5.9,70.1,0.680776014
1494,4,9.7,70.6,0.689108911
1543,6,6.9,68.4,0.757261411
1913,3,10.6,47.9,0.636190476
64,3,11.6,33.9,0.552380952
1454,7,6.4,78.1,0.641975309
1489,4,4.4,64.8,0.649377593
1228,7,10.8,80.4,0.742063492
888,1,6.5,84.1,0.823762376
1333,6,5.3,75,0.734439834
369,2,10.6,30.7,0.535042735
1403,2,11.1,75.2,0.740952381
1960,3,8.5,40.7,0.615079365
164,3,6.8,28.7,0.502564103
1743,7,2.8,46.8,0.509401709
448,3,19.8,54.7,0.648809524
555,5,8.9,52,0.593162393
817,4,8,67,0.751037344
641,1,5,59.7,0.643809524
1628,1,4.5,69.6,0.64021164
481,4,9.2,40.4,0.626556017
1048,5,7.3,73.3,0.720238095
109,7,10.8,21.2,0.546737213
1894,6,7.1,45.3,0.708333333
459,3,4.3,38.8,0.521367521
1615,4,9.3,66.8,0.668049793
387,5,10.4,14.7,0.558974359
1448,6,11.5,79.5,0.707231041
482,6,11.7,41.9,0.617283951
88,7,2.5,28.1,0.537142857
1834,3,3.7,64.6,0.672619048
1250,1,13.3,68,0.733686067
1784,6,8.8,64.2,0.634920635
646,1,4.8,68.2,0.676587302
268,2,11,41.4,0.651428571
2061,4,12.2,50,0.533333333
2118,3,9.3,40.1,0.679207921
1377,2,7.1,75.8,0.678632479
1590,6,10.7,60.3,0.748514851
791,5,6.3,59,0.79047619
2043,1,4.4,37.2,0.591452991
1763,6,11.3,68.6,0.672380952
1611,6,7.6,69.2,0.618803419
2013,3,7.5,36.5,0.577777778
154,4,11.5,34.3,0.592380952
1503,2,8,80,0.567521368
1243,5,7.9,76.7,0.798755187
1198,2,4,79.6,0.833333333
1831,5,8.8,33.1,0.798755187
1937,7,12.3,35,0.601904762
1229,1,10.2,71.5,0.700952381
705,2,5.4,49.1,0.564102564
1194,3,7.8,72.6,0.792079208
775,4,10.6,63.2,0.721991701
1165,6,8.7,82.4,0.834024896
1925,5,8.8,39.5,0.681904762
130,7,4.5,43.9,0.655238095
1153,4,7.8,78.7,0.786307054
993,1,6.7,76.4,0.564102564
951,1,11.3,74.9,0.560683761
1681,1,7,60.1,0.692946058
1051,1,9.4,73.2,0.794605809
2025,5,8.9,38.3,0.558974359
1576,2,7.8,77.3,0.755952381
679,2,9.6,59.1,0.697095436
1252,4,4.4,78.8,0.742063492
1171,7,7.4,80.2,0.732365145
1175,6,5.2,71,0.782857143
302,5,8.8,7,0.507692308
10,1,6.1,36.1,0.567619048
476,5,7.8,42.1,0.679012346
417,3,6.5,44.7,0.584615385
1187,1,6.7,69.2,0.796190476
1749,1,13.2,57.7,0.652991453
1246,3,3.9,81.5,0.722222222
1991,2,13.9,55.8,0.691428571
329,6,9.5,37.7,0.594059406
1685,7,9.4,65.5,0.617142857
1805,6,10.9,38.7,0.56952381
1928,2,15.2,15.6,0.552028219
629,6,13.8,70.3,0.704761905
112,4,6.3,35.6,0.660952381
368,1,6.5,8.5,0.509700176
1349,7,3.2,69.3,0.655238095
1876,3,8.8,51.5,0.593253968
1976,3,5.2,25.5,0.562610229
1665,1,7.4,58.4,0.622222222
1206,5,11.5,75.7,0.734653465
1181,7,10.3,73.1,0.68952381
1898,4,10.4,28.2,0.532627866
603,6,7.2,50.5,0.601709402
404,7,7.9,28.9,0.507936508
1209,2,7.4,77.1,0.639316239
310,2,8,59.7,0.632380952
1599,4,6,69.7,0.591452991
1732,7,7.8,69.4,0.712301587
1162,3,7.9,79.1,0.656746032
1596,7,5,61.2,0.683168317
285,3,5.9,30.8,0.581349206
939,6,9.6,62.4,0.564102564
1537,5,10.7,75.1,0.757261411
538,4,15.2,60.9,0.682539683
1442,5,8.3,77.7,0.731922399
1248,5,8.3,71.1,0.764356436
1837,6,10.3,39.5,0.670124481
1046,2,6,77.6,0.69664903
1193,2,3.3,76,0.702857143
2029,3,11.4,37.6,0.709543568
567,7,10.3,56.3,0.538461538
56,6,11.6,8,0.509401709
137,2,10.1,36,0.673267327
1174,5,8.5,72.6,0.734126984
981,6,5.8,69.7,0.646153846
1721,6,5,64.6,0.554285714
842,3,6.9,77.4,0.643738977
2133,2,6.9,41.6,0.52991453
1389,4,14,67.2,0.635897436
715,1,9.6,46.8,0.701244813
1959,1,8.8,31,0.52991453
785,4,9.3,54.7,0.626666667
1917,1,8.8,53.1,0.613675214
1143,5,4.3,71.5,0.579487179
1791,1,4.8,52.2,0.651282051
572,7,6.4,44.7,0.574955908
1421,5,5.5,64.4,0.622857143
649,4,10.9,58.6,0.661825726
987,7,7.2,75.9,0.68034188
1009,1,6.7,59.8,0.755186722
654,4,9.4,41.1,0.653465347
2131,6,7.3,39,0.663900415
676,6,7.2,49.4,0.630952381
1052,3,4.1,70.8,0.671957672
1135,1,7.2,73.3,0.854771784
2057,6,12.4,30,0.605714286
565,4,8.5,46.7,0.641078838
1658,6,13.5,44.5,0.589065256
879,3,11.7,70.9,0.627350427
1039,6,8.3,69.1,0.790456432
1125,2,12.3,69,0.594871795
944,6,5,73.5,0.754850088
1608,2,7.7,73.2,0.627722772
695,3,11.2,71.3,0.685714286
128,4,4.8,32.2,0.618803419
867,1,12.8,74.3,0.582905983
999,2,8.5,70.4,0.700854701
1557,4,9.3,75,0.593162393
741,1,8.4,67.8,0.625641026
568,2,8.5,36.1,0.654761905
2016,7,7.2,43.4,0.623762376
534,5,7.7,39.6,0.647524752
1817,1,11.5,45,0.634285714
1901,1,5.2,37.9,0.636190476
830,1,9.7,62.7,0.693121693
1879,6,10.1,34.8,0.647302905
464,3,9.7,43.9,0.682539683
1534,2,7.8,74.4,0.71031746
561,6,10.7,42.9,0.582905983
1957,5,8.2,37.2,0.665975104
1335,2,6.9,75,0.629059829
1591,7,10.1,73.2,0.641078838
1474,6,6.5,70.2,0.706349206
2098,5,7.2,14.4,0.656746032
1156,2,12.1,82.9,0.722222222
1972,5,6.9,39,0.640873016
504,7,13.4,34.6,0.611881188
1233,6,8.2,80.8,0.64957265
346,1,6.8,42.8,0.575238095
1757,5,7.4,64.7,0.706666667
355,1,14.6,42.1,0.619047619
281,5,10.6,36.2,0.621782178
2188,6,13.4,37.4,0.609126984
1910,6,5.5,27.3,0.624338624
1771,2,16.1,50.8,0.636929461
260,5,8.4,14.5,0.483760684
803,7,6.2,63.3,0.668571429
1025,2,8.8,66.6,0.712380952
914,1,14.3,78.1,0.758377425
1549,7,9.3,71.6,0.780082988
1502,1,4.8,70.6,0.555555556
1351,2,5.4,76.1,0.761410788
1166,1,6.7,74.4,0.684303351
1471,1,3.8,71.3,0.782157676
1726,6,10,61.4,0.706349206
1260,7,4,72.4,0.695049505
1583,4,5.9,84,0.647619048
843,4,7.3,54.7,0.579487179
1473,4,7.5,83.9,0.743589744
1138,6,9.9,74.5,0.674603175
947,3,10,67,0.716190476
696,4,3.2,49.3,0.695049505
590,3,5.7,49.6,0.666666667
821,3,15.5,78.9,0.72952381
1021,3,5.5,67.4,0.761410788
1222,6,4.5,86,0.748015873
2051,5,10.3,25.2,0.643809524
732,3,14.8,77.2,0.738613861
2044,3,12.9,28.1,0.626984127
1811,7,7.6,40,0.632380952
386,4,7.6,23.1,0.53968254
408,5,5.8,30.1,0.732673267
2132,1,8.1,36,0.536155203
440,6,9.7,37,0.62962963
1102,7,6,70.4,0.75
1550,2,5.3,57.9,0.617283951
2164,2,13.2,29.9,0.593253968
8,5,5.1,28.4,0.538461538
1172,2,10,64.8,0.712522046
751,7,4.9,58.8,0.738589212
1532,6,7.7,49.8,0.566137566
360,4,11.7,39.5,0.702970297
1313,1,6.6,70.5,0.723809524
1238,6,7.3,75.5,0.680776014
1930,5,13.7,62.8,0.718253968
292,6,8.2,56.9,0.64
525,7,12.4,34.9,0.478632479
689,2,9.8,66.4,0.718095238
1191,6,8,82.5,0.613675214
311,3,10.2,32.8,0.62970297
1571,2,5.7,70.3,0.651428571
1699,4,7,62.9,0.639004149
1092,7,11.2,84.9,0.885148515
609,7,8,58.8,0.611965812
2100,7,5.8,36.9,0.627722772
1642,6,6.2,62.1,0.76984127
1385,6,6,74.8,0.767619048
1111,4,6.2,78.8,0.728215768
2187,4,8.4,28.5,0.51965812
1798,4,7.4,49,0.646825397
797,6,6.4,63.2,0.634285714
729,6,5.8,64.9,0.521367521
897,6,10.3,66,0.565811966
1601,7,5.7,82.3,0.662857143
1465,7,5.2,67.4,0.817427386
93,6,11.2,30.4,0.575396825
878,2,8.3,76,0.631393298
494,1,4.9,26.3,0.601410935
1607,1,5.6,81.1,0.733333333
1419,2,8.6,65.4,0.656410256
356,6,7.4,26.3,0.582010582
1838,1,12.4,53,0.668430335
1160,7,8.6,77.7,0.684303351
919,7,7.5,60.9,0.738589212
375,3,10.4,26.6,0.499145299
2097,3,11.9,45.1,0.564102564
1195,4,8.5,79.2,0.860995851
1989,6,12.3,39,0.531623932
633,4,7.1,54.8,0.572649573
1182,1,4.7,83,0.77029703
485,3,14.1,32.3,0.63047619
570,4,7.1,32.3,0.651485149
1578,4,6.6,78.1,0.778217822
1236,3,5.5,79.1,0.782178218
2060,3,9,33.9,0.649029982
1575,7,3.2,62.4,0.608547009
515,1,7.4,50,0.697142857
583,7,7.3,59.4,0.699170124
1739,2,9.9,57.4,0.632380952
1941,5,10.5,38.2,0.576068376
97,5,10.8,18.3,0.636684303
1186,7,10.2,73.9,0.676587302
2001,1,10.1,42.1,0.569230769
472,7,9.4,38.8,0.617063492
1005,3,4,63.5,0.617094017
1799,5,13.6,45.3,0.752380952
960,6,4.6,66.5,0.700990099
1436,4,7.3,72.4,0.670194004
382,6,8,34.6,0.579365079
393,6,10.6,34.1,0.557264957
1854,1,10.3,48.3,0.691089109
1035,1,8.7,78.3,0.646153846
991,5,10.6,66,0.79253112
615,1,10.5,63.3,0.625641026
1792,3,9.9,48.3,0.617063492
1835,4,4.9,47.6,0.638095238
451,6,10.3,35.5,0.659751037
2069,1,6.5,31.5,0.697142857
582,6,8.7,29.2,0.6
895,3,7.1,60,0.755186722
1926,6,5.8,34.8,0.586138614
1626,5,6.8,58.2,0.714851485
1858,7,3.5,58.3,0.66468254
1003,7,5.7,59.9,0.670124481
1073,3,10.6,69.8,0.695238095
738,4,6.4,65.4,0.708910891
2021,7,3.6,44.6,0.596190476
317,4,12.7,34.6,0.675247525
1916,7,6.4,30.2,0.552028219
1247,4,8.1,78.6,0.681904762
737,3,6,48.1,0.664761905
2182,5,10.9,30.9,0.686507937
1973,6,10.4,48.8,0.660952381
650,6,8.4,47.3,0.590828924
1509,3,6.2,72.4,0.557264957
166,6,11.8,27.7,0.68952381
618,5,9.5,45.8,0.702970297
39,4,6.3,38.6,0.676587302
917,5,5.4,71.9,0.779047619
922,5,5.3,72.7,0.740079365
264,3,16.7,20.6,0.639004149
1886,2,12.5,50.5,0.532627866
1507,7,8.2,66.1,0.744813278
160,5,11.7,29,0.653333333
2167,5,8.6,38.3,0.690871369
1396,7,8.9,68.5,0.746031746
1216,5,7.7,81.1,0.75
2117,2,11.1,44.2,0.704761905
1621,5,8.5,64.7,0.630705394
1023,6,5.9,67.4,0.656410256
599,1,14.3,68,0.601904762
1664,7,9.9,48,0.576719577
1782,3,3.2,44.3,0.734653465
1361,2,6.6,76.5,0.708571429
18,4,9.8,30.8,0.753112033
1524,2,3.4,67.5,0.663366337
2183,6,11.2,10.5,0.558095238
2070,2,7,30.5,0.60990099
48,2,11.9,42.8,0.682572614
1307,7,6.1,71.9,0.773333333
442,2,7.4,52.1,0.726190476
2172,5,15.6,43.2,0.685148515
1353,5,8.3,79.4,0.623931624
110,1,4.5,34,0.570940171
883,1,6.7,62.7,0.746887967
1203,1,5.8,77.6,0.697435897
989,3,7.4,77.7,0.72952381
694,2,11.8,54.5,0.636904762
547,1,9.6,36.5,0.782157676
533,4,12.2,44.1,0.615238095
2024,4,6.7,31.5,0.592592593
814,1,10.2,57.1,0.759920635
1339,7,6.8,75.7,0.794605809
2184,7,10.6,27,0.637623762
657,1,14.1,50.8,0.61025641
480,3,13,34.3,0.60990099
1430,3,5.7,75.1,0.659611993
454,4,14.1,50,0.64484127
1636,5,12.5,63.3,0.694444444
1393,2,4.6,75.9,0.686721992
1695,6,5,55.6,0.58974359
1809,4,15.2,42.2,0.533333333
1761,3,10.1,66.2,0.658119658
1850,3,8.1,49.5,0.671957672
1258,5,5.9,75.3,0.724206349
2046,5,7.3,21.5,0.62970297
635,7,12,67.8,0.626666667
930,1,9.6,68,0.730693069
1555,1,5.1,72.2,0.817427386
1818,2,7.1,53.5,0.691089109
468,1,11.8,41.5,0.625742574
1808,3,9.5,48.5,0.675485009
613,5,14.9,50.6,0.699170124
1346,3,6.9,69.9,0.733686067
1878,5,7.7,35,0.657425743
1427,6,5.7,68.6,0.647619048
1570,1,7.6,74.9,0.662698413
1323,7,4.3,74.6,0.553846154
745,6,6.6,50.9,0.657676349
1719,3,6.6,54.4,0.641025641
604,1,9.7,49.3,0.626984127
642,2,10.7,35,0.671287129
1438,7,5.2,78.5,0.757936508
322,4,11.5,51.6,0.603809524
573,1,6.3,55,0.560683761
837,3,9.1,46.2,0.635897436
1948,1,4.5,32,0.636904762
870,5,6.6,78.5,0.772277228
1648,7,6,61.9,0.589285714
1769,7,12.5,66,0.628571429
543,3,8.5,55.9,0.753846154
492,5,7.8,36.7,0.702970297
1943,1,11.8,39.2,0.653333333
1359,6,6.2,78,0.617094017
2093,5,9.1,26.8,0.643809524
298,7,2.2,51.4,0.64
744,5,14.7,67.9,0.772277228
871,6,10.2,76.4,0.794605809
1299,3,5.1,75.6,0.618803419
1287,1,9.5,77.8,0.629059829
932,4,7.2,64.9,0.698412698
2019,4,8.4,34.2,0.574358974
1047,3,5,72.3,0.594871795
1078,3,6.8,67.9,0.78968254
1292,1,6.8,77.5,0.693121693
2055,3,7.8,48.2,0.517948718
365,4,10,32.4,0.540952381
1688,4,6.3,56.6,0.555555556
677,7,4,54.9,0.647619048
1045,7,8.9,74.2,0.738589212
1314,2,3.9,76.5,0.699009901
1606,7,7.4,74,0.761904762
363,1,6.6,23.8,0.535042735
1731,5,8.8,51.1,0.523076923
1290,5,4.9,77.1,0.851485149
1718,2,8.3,64.7,0.633156966
1001,5,9.4,77.8,0.712380952
1467,3,7.6,82.2,0.620512821
691,4,3.5,57.7,0.721991701
784,3,5.4,60.4,0.759920635
1803,3,11.9,53.8,0.555555556
1464,6,9.3,76.9,0.805940594
1344,7,5.4,79.9,0.811881188
802,6,12.5,47.7,0.662698413
1330,3,4.2,83.1,0.658730159
1089,3,7.7,62.6,0.733333333
1337,5,8.5,74,0.651428571
210,1,9.5,47.3,0.705394191
42,1,15.5,45.6,0.639004149
1940,4,13.7,24.6,0.552028219
637,2,9.4,57.8,0.647302905
190,3,10.1,35.9,0.773333333
309,7,9.3,41.5,0.589285714
700,3,14.1,46.4,0.648809524
1802,2,13.7,61.7,0.675485009
1710,5,6.9,40.2,0.592079208
51,6,6.2,40.5,0.619047619
1663,5,9.6,54.1,0.682572614
412,4,7.9,50.1,0.623015873
548,3,9,41.8,0.668430335
765,5,7.8,73.9,0.652991453
1336,4,8.6,84.6,0.791666667
1801,7,12.2,50.3,0.657676349
1255,7,10.1,81.5,0.769709544
812,5,8.9,42.9,0.712522046
1836,5,8.9,45.2,0.734653465
1122,5,11.1,74.8,0.752475248
1061,1,10.5,64.7,0.68952381
639,5,3.8,62.4,0.632478632
1673,5,5.7,65.2,0.624761905
1506,6,15.4,67.1,0.621782178
1725,4,9.5,57.3,0.67008547
236,1,13.4,29.3,0.488888889
1582,3,7.5,73.1,0.688492063
1747,5,4.8,49.2,0.67219917
1882,4,10.8,51.3,0.619047619
1770,1,6.7,47.8,0.655445545
869,4,10.4,58.3,0.725714286
772,1,9.2,57.2,0.746031746
2006,1,11.5,25.3,0.710758377
1050,7,6.3,73.7,0.805940594
1554,7,6.8,74.9,0.691089109
2176,4,13.4,35,0.626984127
179,2,6.8,22.2,0.588118812
326,2,12.6,13.9,0.557264957
619,6,11.2,44.3,0.657676349
1657,4,8.2,63.1,0.711618257
1821,6,8.8,48.8,0.547008547
2157,6,9.6,41.6,0.514529915
1546,4,7.4,70.8,0.716269841
173,1,13.2,28.4,0.617821782
1820,5,17.2,43,0.716049383
551,7,6.2,50.3,0.580952381
1080,5,8.4,83.5,0.700990099
851,1,12.1,59.1,0.718095238
1500,5,9.7,68.9,0.665346535
1659,7,13,53.4,0.492307692
1146,2,8.5,82.2,0.758415842
1711,6,14.2,44.2,0.711618257
546,7,8.8,33.8,0.673267327
746,1,11.7,50.9,0.758377425
544,5,8.1,45.1,0.797619048
1263,4,9.5,80,0.656410256
1459,6,8.2,68.3,0.701244813
1744,2,14.2,74.3,0.746031746
153,2,14.3,33.5,0.591269841
1954,2,4.9,35.5,0.648809524
435,6,8.2,52.5,0.582905983
1924,4,9.8,58.2,0.736111111
937,3,8.7,75.5,0.755186722
974,4,7.1,69.6,0.694885362
488,7,9.8,27.3,0.537918871
1518,1,9.3,66.6,0.683168317
621,2,5.1,58.2,0.658119658
345,6,10.6,38.1,0.583333333
1482,2,7.5,79.9,0.76039604
1484,5,11.4,81.1,0.687830688
142,2,6.6,38.4,0.685714286
1098,1,6.4,77.2,0.835643564
1000,4,10,75.2,0.78968254
1446,3,7.6,72.2,0.669306931
12,3,6.7,29.5,0.630705394
1129,7,11.8,72,0.744813278
900,3,7.8,77.5,0.792079208
748,4,12.6,49.5,0.615079365
1364,6,7.1,72.6,0.643738977
152,1,7.3,25.9,0.572649573
1063,3,6.3,79.3,0.809128631
1933,1,5.4,37.9,0.676348548
1604,4,3.3,66.8,0.634920635
1735,3,13.8,49.5,0.751037344
52,1,10.4,23.1,0.56952381
508,6,6.5,42.7,0.640873016
2140,5,6.1,32.2,0.662698413
1521,5,7.2,63.4,0.553846154
207,4,10,28.1,0.650793651
1267,2,6.3,73.3,0.778008299
1365,7,7.1,80.7,0.71965812
2134,4,8.5,35.6,0.609126984
774,3,11.3,71.1,0.756435644
1087,7,5.7,78.4,0.713692946
1472,3,5,75.8,0.627865961
564,3,14.6,32.8,0.63960396
1072,2,10.4,69.3,0.722222222
874,4,8.6,73.2,0.732142857
1623,1,5.2,72.4,0.611965812
811,3,3.1,63.6,0.778008299
1670,1,9,55,0.571428571
208,6,10.7,24.1,0.552380952
678,1,9.1,51.9,0.63960396
1334,1,7,75.1,0.701940035
1036,3,6.5,73.3,0.755952381
1439,1,4.6,70.6,0.6
750,6,7.1,70.7,0.774257426
1892,3,12.5,31.5,0.532627866
1020,2,6.6,73.3,0.716831683
1707,1,12.6,68.2,0.582905983
361,5,4.9,28.6,0.705394191
1068,3,7.4,73.3,0.768316832
175,4,15.3,24,0.60670194
512,4,13.9,39.7,0.597883598
2086,3,10.7,11.7,0.557539683
727,3,9.1,52.9,0.807053942
455,5,8,39,0.613333333
436,1,4.7,46.3,0.66468254
1843,7,8,40.4,0.742738589
466,6,7.3,39.5,0.595238095
1110,3,6.9,83.9,0.740594059
1245,1,6.8,80.3,0.668376068
1265,7,4.9,73.5,0.708571429
1033,5,5.1,63,0.765560166
1304,3,5.8,72.9,0.670194004
1716,6,7.3,41.6,0.63960396
1689,5,10.9,62,0.6
708,6,13.4,43.9,0.669306931
1921,6,5,34.7,0.636929461
1723,1,7.4,46.5,0.699170124
432,2,9.2,31.8,0.60990099
855,6,6.7,65.7,0.647863248
902,6,7,72.9,0.638447972
1017,5,10.7,63.1,0.625641026
1127,5,9.1,81.5,0.683809524
1018,7,6.7,80.4,0.714285714
1847,6,8.3,46,0.678095238
847,2,10.2,49.5,0.721991701
749,5,15.1,49,0.691428571
1093,1,6.9,79.2,0.919087137
626,2,10.3,31.8,0.597883598
1457,4,11.1,70.1,0.615238095
218,5,9.4,20.2,0.535042735
743,4,11.9,48.9,0.638095238
1420,4,6.6,77.9,0.765873016
484,2,11.9,52.1,0.718253968
1496,7,3.9,69.3,0.670194004
536,1,11.7,53.7,0.590828924
850,7,5.4,67.2,0.668650794
1780,1,8.4,54.3,0.712301587
720,1,9.5,57.9,0.774257426
1519,2,10,79.4,0.701244813
2103,4,14.7,34.9,0.588034188
1117,5,6.4,82.8,0.877593361
1288,3,4.2,81.8,0.763888889
121,2,13.6,12.2,0.502645503
301,4,6.5,37,0.590828924
1399,3,5.5,74,0.697095436
719,7,15,45.2,0.6
1422,6,9.1,72.9,0.76039604
2112,2,4.5,30.5,0.615841584
1350,1,4,77.9,0.78019802
1311,5,7.5,76.4,0.700854701
569,3,12.7,44.9,0.603809524
940,1,10.2,73,0.706349206
866,7,3.5,68,0.634920635
755,6,12.3,50.5,0.634285714
1904,5,7.5,27.9,0.624338624
644,5,6.6,49,0.661375661
2004,5,3.4,36.2,0.689108911
1629,2,9.3,67.6,0.576068376
796,5,9.8,59.3,0.692460317
1076,7,11,78.7,0.693121693
1988,5,7.5,25.2,0.499118166
1220,3,14.5,73.4,0.71957672
687,6,13.1,45.9,0.567521368
489,1,11.5,31.4,0.487179487
403,5,5.2,29.4,0.670124481
2128,3,7.5,28.1,0.668650794
1696,1,5.6,59.8,0.692460317
1332,5,6.3,77.8,0.803960396
1458,5,5.9,72.4,0.720792079
1513,1,5.7,67.5,0.742738589
352,2,11.4,52,0.571428571
1995,7,6.9,36.8,0.487179487
501,3,11,40.7,0.553846154
612,4,10.6,59.5,0.702970297
1019,1,8.1,70.7,0.678095238
1504,4,9.4,77.3,0.777777778
2105,7,3.3,38.8,0.622857143
2179,7,10.7,54.3,0.701244813
1862,5,8.4,41.1,0.668430335
1759,7,5.6,56.7,0.690871369
395,2,18.8,54.5,0.594285714
731,2,14.9,46.1,0.56952381
714,7,5.8,44.5,0.637623762
1881,2,3.5,48.9,0.531623932
1861,3,8.4,40.9,0.626556017
513,5,12.1,30.8,0.601709402
1308,1,7.1,79.3,0.762376238
1992,3,5.4,22.1,0.663366337
1644,1,7.1,62.5,0.831683168
1071,7,5,70,0.545299145
918,6,8.7,60.9,0.736633663
1320,3,4.2,74.6,0.706930693
913,6,8.6,71.4,0.771784232
998,1,6.9,80.1,0.758377425
985,4,13.9,59,0.676348548
438,3,9.9,31.7,0.598019802
2036,6,11,39,0.567901235
1895,7,3.5,39,0.573333333
2058,7,2.7,25.1,0.655445545
1067,2,6,65.3,0.746666667
1434,1,13.8,86.2,0.77029703
1199,3,6.8,80.5,0.704761905
585,3,7.6,47.2,0.603418803
592,6,12.2,31.1,0.597222222
1373,4,12.4,78.3,0.687619048
75,3,8.2,9,0.621031746
674,3,9.1,43,0.633156966
1660,2,7,66.7,0.652777778
1531,4,6.3,74.2,0.825726141
122,3,7.2,34.2,0.6
1059,5,7.9,66.3,0.594871795
240,6,6.5,13.5,0.690871369
94,1,4.8,34.3,0.573333333
1412,7,5.8,78.3,0.634920635
2148,1,9.8,30.3,0.588118812
1480,7,6.7,72.2,0.702380952
104,7,10.9,38.7,0.548717949
575,4,18.7,42.9,0.605714286
773,2,5.8,48.3,0.643809524
1190,5,6,72.1,0.71957672
339,5,10.1,32.7,0.674603175
1511,6,8.9,64.5,0.60952381
15,7,10.9,28.8,0.569444444
596,4,11.8,57.6,0.682539683
1488,3,10.1,83.1,0.643564356
1573,4,5.8,74.3,0.819502075
1533,7,6.8,60.3,0.615384615
1778,5,5.1,59.1,0.693121693
845,7,9.8,62.1,0.63047619
1453,5,7,70.8,0.680497925
1006,5,9.1,72.5,0.718253968
2030,5,4.7,36.6,0.686067019
1468,5,9.1,69.8,0.753968254
1824,3,7.5,55,0.869306931
71,5,16.8,24.3,0.63960396
1257,3,8,83.3,0.601709402
259,4,6.8,22.2,0.507936508
2079,7,8,59.7,0.502564103
1475,7,6.3,68.4,0.657142857
1144,7,4.7,74.2,0.692460317
1431,4,3.8,65.5,0.630769231
383,7,12.1,42.4,0.575238095
258,2,11.1,31.6,0.697095436
316,3,8.2,57.9,0.615238095
526,2,3.7,45.9,0.726190476
1108,1,6.1,71.9,0.777777778
1060,7,8.7,82.8,0.678571429
1551,3,8.6,73.5,0.629059829
1081,6,5.7,80.4,0.834024896
1762,5,11.5,49.5,0.706349206
1729,2,8,52.3,0.736514523
2085,1,14.6,56.5,0.593162393
419,6,8.2,24,0.542857143
692,6,10.6,51.9,0.62962963
1443,6,5.6,70.8,0.611965812
2034,3,9.1,28.3,0.699009901
171,5,9,30.5,0.634920635
805,2,4,55.7,0.773858921
1101,5,6.3,68,0.656410256
823,5,9.2,57.5,0.771784232
1712,1,7,62.9,0.590828924
295,3,7.7,38.2,0.596119929
1437,5,4.9,68.8,0.611965812
1952,6,10.1,40,0.571428571
1341,3,4.4,72.7,0.635897436
1516,6,7.8,70.3,0.662698413
1512,7,15.3,65,0.596039604
68,1,8.7,26.3,0.526495726
1949,2,13.3,42.1,0.651428571
1935,4,15.8,46,0.535042735
165,4,13.4,35.7,0.678571429
265,5,10.4,20.4,0.587301587
1091,6,8.8,76.3,0.80952381
1690,7,6.2,56.7,0.601190476
1276,1,6.1,76.5,0.827380952
1899,5,16.4,43.3,0.502564103
783,1,9.4,59.9,0.625641026
1871,3,4.6,37.8,0.695238095
1354,7,4.7,78.4,0.748015873
834,6,5.1,61.1,0.637623762
123,4,2.7,21.3,0.617063492
58,2,17.9,39.8,0.685714286
804,1,8.3,63.8,0.798019802
1094,3,9.3,69.2,0.705467372
1728,1,10.5,44.5,0.627722772
1205,4,8,77.3,0.67047619
1538,7,4.6,56.1,0.610229277
2081,3,11.3,27.9,0.586666667
996,5,6.7,76.6,0.754455446
790,4,8.4,63.4,0.650793651
1929,3,17,60.1,0.562393162
1915,5,6,28.5,0.717842324
605,2,7.8,47.7,0.67047619
1249,6,11.8,80.2,0.765560166
13,5,8.7,7.2,0.48324515
53,2,6,30.5,0.633663366
518,5,13.7,43.5,0.633156966
1204,3,5.8,80.7,0.779761905
1853,7,2.9,51.5,0.632380952
1848,7,13.3,49,0.59009901
1756,4,10.2,57,0.686507937
1256,2,6.2,69.3,0.687830688
2121,7,10.9,37.8,0.552136752
1651,3,8.6,68.3,0.709543568
402,4,10,28.8,0.592079208
782,7,7.7,71.2,0.652557319
2035,4,5.3,36.8,0.670124481
2047,6,5.8,32,0.630705394
445,5,15.7,38.6,0.699170124
217,4,8.7,7.3,0.553791887
2087,4,10.7,25.2,0.622857143
303,6,11.8,51.2,0.567460317
509,7,7.4,53.1,0.64952381
1054,6,7.2,79.5,0.726190476
1370,7,6.9,71.7,0.633156966
915,2,4.6,58,0.608547009
1096,6,4.7,67.9,0.688492063
1815,5,4.5,46.9,0.622222222
799,1,7.8,50.4,0.782157676
1833,1,8.9,60.3,0.687179487
844,6,8.4,64.5,0.746031746
1124,1,10.7,81.5,0.776014109
529,5,7,47.5,0.624481328
226,2,6.8,46,0.617142857
950,7,13.9,65.3,0.610229277
1927,7,6.2,34.2,0.68879668
1979,7,6.6,38.9,0.592380952
1558,6,8.8,74.8,0.755952381
1244,7,10.3,79.2,0.735449735
735,7,8.5,70.1,0.593162393
1827,7,10.9,54.7,0.709401709
1158,4,7.7,79.3,0.746534653
351,7,14.4,52.2,0.571428571
1515,4,4.5,66.6,0.548717949
286,5,6.9,46.4,0.76
1559,7,7.1,78.4,0.683809524
1945,3,4.2,42.5,0.730290456
736,2,5.4,55,0.700396825
574,3,10.6,46.3,0.581349206
92,5,6,29.3,0.581196581
965,6,12.3,76.1,0.68
1305,4,7.9,76.2,0.683760684
463,1,6.1,36.1,0.67219917
1445,2,4.1,70,0.676190476
1232,5,7.6,68.3,0.765432099
49,4,3.4,11.4,0.509700176
739,5,10.4,48.6,0.751037344
2054,2,11.4,37.4,0.552028219
98,6,12.1,36.8,0.591452991
1123,6,8,80.1,0.821576763
1600,6,9.3,70.8,0.775793651
1609,3,11.8,70.8,0.670124481
1149,6,3.7,73.7,0.618803419
1026,3,6.3,70.4,0.930693069
1592,2,5.1,61.8,0.689594356
1086,6,9.9,87.3,0.801980198
535,6,11.3,40.2,0.645228216
2158,1,14.4,47.4,0.579365079
794,2,10.4,67.2,0.64021164
490,3,11,45.7,0.652777778
707,5,5.4,49.6,0.700952381
945,7,9.3,68.2,0.547008547
1561,2,6.9,70.3,0.755186722
289,2,10.2,32.2,0.527336861
602,5,4.5,55.4,0.60670194
963,3,11.5,81.7,0.652991453
1207,6,12.9,86,0.765560166
988,2,7.3,77.2,0.755952381
1369,5,7.4,73.2,0.711618257
359,3,10.5,47.3,0.664761905
829,6,7.8,58,0.77593361
928,6,7.2,72.1,0.71031746
1919,4,10.4,36.2,0.601904762
1730,4,7.6,55.4,0.608465608
2015,6,4.9,44.2,0.659047619
1142,4,4.6,71.3,0.698412698
652,2,8.7,55.9,0.66468254
863,3,9.6,57,0.681904762
1963,6,4.8,32.4,0.67219917
1589,5,6,85.2,0.712380952
1889,6,7.9,30.1,0.607619048
1478,4,10.9,77.6,0.613756614
446,7,17.7,24.9,0.51675485
1738,1,12.6,73.6,0.742063492
1912,2,3,48.2,0.628968254
493,6,3.6,37.9,0.692946058
183,7,7.6,44.6,0.613095238
1312,7,5.1,75.6,0.773809524
1900,7,8.9,45.7,0.571428571
1382,2,10.1,78.3,0.64021164
1706,7,7.8,53.9,0.574955908
1614,3,9.3,61.5,0.693069307
2063,7,9,26.9,0.556190476
1638,7,6.8,59.3,0.63960396
405,1,4.7,40,0.6
2123,3,8,35.1,0.681904762
1564,7,3.6,72,0.670634921
2017,1,11.7,33.3,0.661825726
1911,7,8.3,54.1,0.555555556
321,2,6.1,37.9,0.597222222
653,3,8.1,64.5,0.71047619
280,4,6.7,35.1,0.552380952
1452,4,7.5,68.5,0.786138614
1345,1,4.4,77.3,0.703319502
1099,2,8.1,84.9,0.715767635
2039,3,13.8,31.7,0.615238095
2011,7,9.1,40.5,0.686721992
1479,5,6.1,76.9,0.64957265
449,4,6.3,29.8,0.59047619
711,3,5.2,52.3,0.615384615
1331,4,7.7,75.6,0.67047619
1758,6,14.5,47.4,0.695049505
1971,3,9.3,44.7,0.500854701
1724,3,8.4,54.9,0.679012346
2005,6,11.3,38.5,0.622406639
824,7,7.7,58.1,0.721340388
192,5,4.3,9.2,0.773858921
470,4,9.3,37.3,0.700176367
413,5,12.1,31.8,0.588571429
1887,3,8.1,51.7,0.52991453
1517,7,6.9,62.5,0.643809524
1130,2,11.2,78.9,0.708994709
1962,5,10.1,40.8,0.673267327
502,5,8.5,35.8,0.670634921
1309,2,7.5,77.1,0.746887967
1748,7,6.1,45.9,0.615520282
760,6,12.2,65.1,0.682539683
1161,1,9.1,78,0.687179487
634,6,6,61,0.654761905
1384,5,7.2,76.6,0.704365079
1528,1,7.4,70.7,0.767857143
540,6,11.5,46,0.63960396
763,2,10.9,47.4,0.692946058
1675,7,8.3,60.3,0.647302905
984,3,7,75.1,0.742574257
982,1,5.7,71.1,0.742063492
2136,6,7.2,31.3,0.63960396
244,5,12.1,26.7,0.664761905
753,3,5.4,60.1,0.579487179
2059,1,9.1,47.2,0.639004149
971,7,13.8,82.1,0.68952381
1499,4,7.7,60.6,0.666666667
1388,3,6.7,78.2,0.717813051
1865,2,10.3,43.4,0.588571429
2138,2,10.8,46.5,0.546737213
1631,5,9.6,64.3,0.687619048
1231,3,5,71.7,0.736514523
1968,6,10,45.4,0.59009901
545,6,5.6,44.2,0.723809524
407,4,8.5,39.3,0.580952381
1037,4,10.1,79.3,0.727619048
1727,7,12.9,60.9,0.563809524
1875,1,3.4,46.1,0.564102564
627,3,9.6,56,0.647863248
757,1,7,60.7,0.821576763
423,4,6.5,44.9,0.623931624
148,3,9.9,38.9,0.664761905
514,7,7.2,50.2,0.593253968
1097,7,7.4,75.4,0.683809524
1796,1,10.1,64.2,0.626102293
1322,6,9.1,75.3,0.687830688
840,7,9.1,51.5,0.697029703
854,5,4.8,60.1,0.670194004
357,7,5.1,22,0.593162393
2012,2,8.7,27.8,0.564373898
527,3,9.9,42.3,0.626666667
1620,4,6.1,59,0.601980198
2022,1,12,34.8,0.762376238
1844,2,14.8,56.1,0.636684303
717,4,12.1,48,0.548717949
50,5,15,10.3,0.488888889
1279,4,5.5,71,0.883817427
1873,5,7.6,24.6,0.649377593
2107,2,10.2,26.6,0.653526971
1451,3,4.4,70.3,0.699047619
1239,7,4.7,77.4,0.682051282
686,5,11,57.9,0.701940035
1610,5,3.9,69.1,0.723104056
1852,6,6.2,56.1,0.670634921
896,5,7,67.4,0.675485009
704,1,14.5,52.2,0.636684303
1298,2,5.3,73.2,0.633156966
1362,3,6,80.2,0.827722772
1777,3,9,49.2,0.68879668
477,6,11.4,43,0.521367521
877,7,6.2,70.9,0.767634855
2078,6,7.5,41.5,0.641975309
1152,3,6.7,78.3,0.732673267
1148,5,5.3,73.5,0.761904762
1884,6,12.5,25.3,0.6
558,2,9.5,40.2,0.584158416
1355,1,4.8,74,0.699047619
1539,1,9.3,67.4,0.6
76,5,8.8,22.9,0.681904762
1652,5,12,61.9,0.590828924
1978,6,6.3,40,0.638888889
1126,4,6.1,78.4,0.738095238
1301,6,7.2,67.7,0.84
1145,1,8.4,78.2,0.697142857
832,4,4.2,57.5,0.706349206
958,4,6.4,63.9,0.740079365
507,4,8.1,39.7,0.555555556
1218,7,11.9,71.6,0.778217822
1612,1,12.7,67.8,0.724206349
256,7,14.3,41.3,0.571428571
617,4,8.3,50.9,0.615238095
669,3,12.7,42.2,0.51965812
2090,1,10.1,47,0.596119929
670,5,10.5,52.2,0.712301587
1077,1,4.4,70.6,0.617094017
1768,6,6.2,48,0.64484127
1510,5,4.3,75.2,0.71031746
141,7,7.5,29.1,0.623015873
2049,2,9.4,41.9,0.576068376
2116,1,8.1,2.2,0.571428571
1955,3,8,29.2,0.561904762
1552,5,9.6,74.1,0.732142857
147,1,7.2,34.3,0.686507937
1242,4,8.9,77.5,0.724752475
1456,3,8.8,74.6,0.738095238
163,2,9.2,-4.5,0.48324515
1223,7,5.2,80.3,0.739047619
1896,1,6.5,34.5,0.611881188
2009,5,4.6,42.2,0.792380952
1630,4,13.7,62.7,0.630952381
2042,7,7.3,34.9,0.537918871
161,6,13.8,48.5,0.621782178
1845,3,5.2,60.3,0.673504274
710,2,9.8,56,0.684303351
632,3,10.2,39.6,0.67372134
1541,4,3.9,67.9,0.632380952
241,1,6.7,6.9,0.490299824
831,2,10.5,51.4,0.61025641
1113,7,3.5,76,0.717948718
471,5,7.8,44,0.629059829
766,7,4,57.2,0.68452381
1273,3,8.5,70.3,0.709543568
1918,3,2.9,49.6,0.720238095
616,3,7.3,44.7,0.658730159
516,2,10.4,49.9,0.64950495
1213,7,9.1,75.7,0.757261411
664,4,6.4,62.8,0.642857143
1201,5,10.4,86.5,0.786307054
1997,3,6.8,44.3,0.664761905
1781,2,11,47.8,0.651428571
966,7,5.5,65.5,0.64950495
1542,5,4.6,70.6,0.75049505
1121,4,5.1,82.2,0.653333333
458,2,9.4,38.6,0.703703704
1280,6,4.9,73.6,0.777777778
758,3,9.3,63.8,0.656084656
2096,2,8,44.3,0.529100529
1645,2,8.2,79.7,0.875518672
810,2,8.2,64,0.708910891
979,3,9,69.5,0.736514523
1990,1,13.3,46.3,0.674603175
155,5,12.3,43.4,0.691089109
1530,3,5.4,68.5,0.647524752
1602,1,6.7,65.1,0.742574257
1116,4,6.7,80.3,0.776237624
1967,5,10,44.8,0.605714286
1857,5,14.1,55.8,0.642735043
1137,4,7.2,66.3,0.54017094
1379,5,10.3,75.1,0.76952381
636,1,13.2,31.3,0.669306931
1414,3,10.6,76.9,0.797619048
132,2,10.4,20.3,0.649377593
1691,1,3.2,67.5,0.693333333
398,6,10.4,32.9,0.566137566
1326,4,7.9,78.5,0.718811881
809,1,6.7,64.9,0.820952381
1188,2,7.3,77,0.685148515
108,5,7.9,31.5,0.678423237
820,2,8.4,55.4,0.698412698
55,5,7.2,31.7,0.50617284
1324,2,5.7,79.9,0.668650794
1772,4,6.4,50.3,0.596119929
2143,1,7.5,42.8,0.713692946
1085,5,6,73.7,0.685714286
399,7,6.7,37.1,0.488888889
21,1,10.5,28.5,0.615079365
693,7,10.7,47.1,0.606837607
1666,3,9.4,72.2,0.714285714
170,4,12.7,36.1,0.582905983
1184,4,3.9,68.1,0.657848325
1133,6,7.5,71.5,0.693333333
1177,1,10,82.3,0.771784232
893,1,10.6,70.1,0.723809524
994,3,9.6,80.6,0.738095238
1866,3,14.5,38.5,0.631683168
725,1,11.6,51.7,0.761904762
716,3,8.2,52,0.666666667
1492,2,9.3,83.8,0.765873016
224,6,7.2,33.6,0.502564103
967,1,10.3,68.3,0.765560166
1946,5,6.9,22.9,0.610229277
1598,3,5.3,65.5,0.717813051
624,6,16.9,40.4,0.586138614
2077,4,9.6,30.1,0.641078838
201,3,9.8,37.3,0.654761905
1708,3,10,63.8,0.674603175
198,6,8.6,26.6,0.643153527
199,1,3.5,11.4,0.557319224
1390,6,9.6,75.8,0.763888889
1235,2,7.3,73.1,0.725714286
890,4,8.5,65.3,0.608465608
1655,2,10.7,72.2,0.619047619
1715,5,6.2,62.1,0.676190476
948,4,6.4,73.8,0.78019802
684,2,6.3,55.8,0.643564356
510,1,10,41.4,0.691089109
2028,2,8.4,30.8,0.687128713
1491,7,6.9,82.8,0.627350427
2130,5,13.1,36.9,0.655445545
1397,1,7,79.5,0.662857143
1529,2,7.2,67,0.651428571
1605,5,7.1,69.6,0.65982906
532,3,11.2,51.4,0.71031746
665,5,12.6,50.6,0.72
1044,6,5.4,68.3,0.708910891
1402,1,3.5,69.6,0.716269841
74,2,9.1,19.3,0.548717949
133,4,13,4.4,0.541446208
1495,5,8.8,68.4,0.728215768
304,1,7.4,55.1,0.64
206,3,6.4,25.4,0.48034188
672,7,9.2,51,0.605940594
898,1,6.1,75.9,0.751984127
447,1,11.7,61.3,0.637606838
992,7,12.7,75.1,0.728395062
342,2,9.4,21.5,0.628630705
1031,3,5.8,68.5,0.72952381
1155,7,5.9,75,0.622222222
801,4,8.7,55.3,0.641025641
1548,6,5.1,70.3,0.742574257
1387,1,3.6,77.8,0.81120332
1372,3,6.4,79.1,0.833333333
263,2,5.7,24.5,0.615841584
2010,6,11.6,38.5,0.722772277
1237,4,4.7,74.3,0.786307054
279,2,3.6,29.2,0.569444444
1822,1,6.9,50.4,0.833333333
1694,5,4.4,52.2,0.624338624
969,4,6.2,72.1,0.694017094
1508,2,6.6,73.1,0.633156966
1692,2,8,77.3,0.710891089
266,6,15.9,21.1,0.47008547
1042,4,7.6,72.3,0.734126984
1327,5,5.2,73.8,0.757261411
1219,1,12.2,71.9,0.744813278
1296,6,7.9,83.2,0.906930693
910,3,6,69.9,0.882936508
1931,6,12.2,43.7,0.611428571
262,1,8.6,36.1,0.638095238
1594,5,6.5,74,0.712301587
1408,2,8.5,73.6,0.712301587
1278,3,5.8,73.7,0.869306931
495,2,9.1,32.4,0.548717949
1650,2,5.6,64.1,0.625742574
169,3,8.9,8.3,0.603174603
380,3,10.4,22.2,0.57319224
1157,3,8.2,77.3,0.60952381
949,5,7.9,67.3,0.831950207
1066,1,8.8,81.9,0.746031746
2088,5,6.4,40.6,0.689108911
1065,6,9.2,66.5,0.593162393
2168,7,8.1,31.3,0.497354497
1806,7,10.4,47.7,0.621782178
1294,4,5.6,83.5,0.765873016
59,3,10.6,38.6,0.671287129
946,2,9.6,64,0.660714286
1357,3,5.3,73.8,0.748962656
1405,4,8,74.3,0.699170124
768,2,6,69.8,0.728712871
787,6,6.1,48.1,0.661825726
483,7,10,34.8,0.538461538
134,5,10.2,31.7,0.675213675
740,7,9.6,56.1,0.603174603
1147,3,8.9,85,0.807053942
764,4,10.3,75.5,0.641975309
1877,4,9,39,0.582857143
2048,1,8.2,36.2,0.599647266
1286,7,4.7,76.8,0.731922399
1775,1,8.6,53.1,0.666666667
849,5,7.5,60.5,0.673504274
465,4,7.4,44.4,0.58974359
856,1,5.7,68.5,0.753968254
2075,2,14,25.2,0.603809524
688,1,12,72.6,0.71031746
1703,3,13.7,59.5,0.582857143
1328,7,7.7,75.4,0.71957672
1869,7,3.6,44,0.54017094
1965,2,4,34.7,0.524786325
1295,5,12.4,62.9,0.887619048
701,4,12.2,54.6,0.647619048
2027,1,15.2,57.1,0.71047619
800,3,8.9,54.7,0.677248677
421,1,9.9,33.3,0.678423237
934,7,9.9,70.5,0.712301587
1765,1,12.3,58.3,0.699170124
656,7,8.9,61.2,0.560846561
968,3,7.5,64.2,0.604938272
202,5,9.6,20.7,0.588571429
1603,2,8.2,68.1,0.721991701
1118,7,9.9,75.3,0.721340388
584,2,5.9,49.6,0.654320988
86,4,9.1,23.5,0.664957265
497,5,12.9,59.9,0.712380952
1131,3,7.2,62.5,0.569230769
1920,5,10.3,34.2,0.681188119
1481,1,10.9,73.5,0.662857143
1297,7,5.1,79.4,0.813278008
149,4,7.6,32.9,0.657425743
184,2,13.6,38.2,0.624761905
886,6,12.8,75.1,0.736111111
1058,4,6,66.1,0.712522046
1671,2,5.7,60.8,0.627350427
1425,3,5.3,64.2,0.596581197
453,2,15,44.1,0.565811966
762,1,5.9,60.3,0.772277228
79,2,10.9,31,0.578483245
542,2,17.1,47.1,0.78659612
1832,7,6,40,0.615520282
628,5,7.3,55.2,0.718253968
2106,1,6.8,35.6,0.621782178
683,1,6.6,57.7,0.662857143
815,2,10.5,76.9,0.647619048
911,4,5.3,67.1,0.817142857
1240,2,4.4,80.9,0.888888889
1697,2,11.8,63.9,0.620952381
1486,1,8.1,77.6,0.75
1450,2,4.6,78.9,0.698412698
1654,1,3.9,63.7,0.716269841
1984,7,8.1,39.4,0.615079365
807,5,9.8,67.6,0.707692308
661,6,16,50.6,0.70746888
839,6,10.6,53.3,0.580952381
1653,6,17.7,52.9,0.598290598
1084,4,7.2,72.3,0.746031746
299,1,8.9,44.5,0.617821782
1409,3,8.2,69.5,0.691428571
418,5,5.4,44.1,0.648809524
2124,4,6.4,45.4,0.675247525
1733,1,7.1,52.3,0.67047619
313,6,10.6,29.9,0.507936508
819,7,11.3,74.9,0.711111111
443,3,11,24.1,0.579047619
205,2,3.7,17.4,0.520282187
1680,7,8.6,59.2,0.62970297
1386,7,5.4,76.5,0.75049505
816,3,5.6,62.6,0.702970297
1969,7,8.9,39.4,0.701244813
1433,7,7.4,70.3,0.598095238
5,1,9.2,-0.5,0.83960396
788,1,11.2,73.6,0.701940035
1633,7,9,64.1,0.676348548
806,4,13.1,47.6,0.597883598
1212,6,10.8,71.5,0.693069307
697,5,14.5,56.5,0.786307054
422,3,16.1,30.2,0.541446208
1828,2,9.5,67.1,0.863095238
1107,6,3.1,72.2,0.705982906
140,6,8.5,35.1,0.565811966
1400,5,6.3,79.1,0.701940035
103,6,8.1,15.5,0.552028219
1185,5,7.8,80,0.630769231
1641,4,16.8,57.4,0.711111111
410,1,13,45.7,0.705467372
2135,5,6.6,38.7,0.678095238
146,7,10.3,34.1,0.535042735
325,1,11.1,19.1,0.534391534
1293,2,6.1,75,0.581196581
2185,1,13.7,39,0.628630705
250,6,6.8,42.7,0.584761905
862,2,8.7,75.7,0.761904762
487,5,10.4,40.6,0.678423237
1905,6,7,42.3,0.555555556
645,6,7.4,62.3,0.576068376
284,2,9.1,18.2,0.509401709
1183,2,7.1,77.6,0.744813278
643,3,8.5,57.9,0.692946058
1200,4,7.4,76.7,0.724752475
1269,5,9.9,80.7,0.668376068
125,7,4.7,41.8,0.627722772
1709,4,6.9,58.1,0.634285714
2023,2,10.1,33.5,0.632780083
341,1,8.1,41.9,0.637623762
1268,4,7.1,73,0.69664903
131,1,9,48.9,0.665346535
576,5,10.5,35.6,0.631683168
779,3,6.1,55.4,0.615238095
864,4,5.3,71.8,0.805940594
1667,4,4.4,65.9,0.592380952
1766,3,5.8,50.4,0.590828924
1814,4,4.9,45.3,0.661375661
962,2,6.4,63.3,0.564373898
1705,5,11.1,60,0.680497925
1053,4,6.7,73.4,0.652991453
1176,7,4.7,81,0.702970297
2094,6,7.5,38.5,0.679207921
2033,2,22.4,41.3,0.674285714
1501,6,7.6,68.1,0.730290456
1221,4,4.1,77.7,0.676923077
975,5,6.1,65.9,0.687179487
680,4,11,50.5,0.617283951
1773,5,9.7,57.4,0.625641026
2141,6,9.3,32.8,0.634285714
1428,7,6.8,83.5,0.726732673
530,7,5.8,38.7,0.624338624
681,5,4.3,47.5,0.67008547
825,1,12.9,74.6,0.634188034
1317,6,6.5,78.1,0.663247863
730,1,12.7,49.8,0.706349206
923,6,6.2,75.2,0.727619048
61,6,10.7,37.6,0.527336861
1211,5,6.1,81.5,0.666666667
610,2,7.6,41.4,0.652777778
1259,6,11.4,72.7,0.678095238
1545,2,10.2,73.7,0.683760684
1813,2,7.4,42.3,0.65560166
400,2,12.2,63.2,0.706349206
1022,5,7.3,75.7,0.728395062
936,2,11.2,67.2,0.706930693
1208,1,6.5,77.9,0.668430335
255,5,10.4,21,0.573412698
1069,4,6.8,77.9,0.784232365
2072,5,7.5,30.2,0.627865961
889,2,7.9,65.7,0.763485477
247,2,5.1,5.4,0.476190476
66,5,4.4,26.7,0.730290456
1139,7,7,74.7,0.740952381
1226,4,8.2,67.7,0.742504409
235,7,6,15.7,0.522045855
1440,2,12.8,83.1,0.76039604
868,3,9.4,77.9,0.746031746
702,5,10.2,51.9,0.720792079
214,7,10.2,34,0.577142857
1416,5,8.8,69.2,0.685148515
307,5,22.8,35,0.567901235
1321,4,10.1,80.2,0.79253112
2003,4,8.8,47.3,0.662857143
2125,5,3.7,31.3,0.643153527
1002,6,9,82.2,0.706930693
2076,3,10.3,36,0.724752475
552,1,5.9,33.1,0.625742574
1140,1,7.3,80.1,0.752475248
1830,4,10.1,50.7,0.853465347
441,7,6.7,47.6,0.632478632
1167,2,9.3,78,0.58974359
909,1,9.2,53.5,0.782905983
118,5,7,38.7,0.693333333
1380,6,7,76.7,0.772277228
220,1,6.1,37.3,0.708571429
1581,1,5.6,64.5,0.582905983
1062,2,9.7,74.9,0.762376238
1964,1,12.4,44.1,0.532627866
2018,3,10.4,32.4,0.627865961
371,5,10,27.8,0.582857143
1272,2,6.7,74.3,0.778217822
761,7,8.5,48,0.577142857
836,2,10.6,73.3,0.633156966
2056,5,9.4,23.8,0.593253968
1179,4,6.9,69.4,0.531623932
1816,7,10.1,56.2,0.714285714
396,3,11.9,31.7,0.615841584
2014,5,7.7,38.6,0.678571429
1366,2,7.2,76.4,0.716269841
759,4,7.8,71.2,0.61025641
91,4,12.6,26,0.557319224
662,1,8.3,67.5,0.611992945
1170,6,5,78.3,0.669306931
1958,7,10.1,52.2,0.599647266
1266,1,5.7,72.5,0.734653465
920,2,9.9,76.5,0.770723104
2008,4,12.4,38.9,0.716269841
1677,3,5.5,62.3,0.586324786
1271,1,3.5,76.8,0.761904762
1394,4,6.3,76.5,0.650793651
496,4,9.4,38.7,0.656746032
925,1,7.8,58.9,0.697095436
1497,1,7.5,83.6,0.647863248
1846,5,4.6,54.9,0.75
539,5,15.7,39.6,0.744761905
1447,4,10.6,71.5,0.838174274
1104,2,6.1,78.5,0.788118812
1737,6,8.5,44.8,0.536752137
2020,6,6.3,34.5,0.718253968
668,2,10.9,53.3,0.634920635
337,3,12.9,8.4,0.57319224
1079,4,11.5,76.2,0.681904762
406,3,9.4,62.1,0.654761905
1011,4,7.8,74.5,0.661538462
1872,4,5.7,35.9,0.598019802
690,3,12.1,49,0.695049505
377,6,9,33.7,0.548571429
658,3,9.2,61.5,0.676587302
872,1,6.3,76.5,0.619047619
742,3,11.9,52.2,0.650793651
376,5,7.2,31.9,0.632936508
2007,2,9.6,43.5,0.608547009
1785,7,6.1,52.8,0.555555556
2095,7,7.8,24.8,0.678423237
1281,7,12.6,82.5,0.676923077
127,3,7.6,6.9,0.522045855
1700,6,4.1,51,0.636684303
1151,2,4.4,78.2,0.681904762
983,2,6.7,80.3,0.742857143
136,1,9.6,40.7,0.691428571
1587,2,4.8,67.8,0.603418803
1922,1,13.3,21.1,0.534391534
2067,5,8.3,49.1,0.564102564
943,4,5.5,66.4,0.697095436
941,2,12.1,64.8,0.740952381
353,3,9.9,51.8,0.60990099
1597,1,9.5,68.8,0.717842324
607,4,15.8,45.6,0.728215768
390,2,8.4,36.1,0.615841584
2170,3,8.2,32.7,0.654761905
882,7,4.1,83.4,0.84950495
875,5,5.4,60.8,0.672380952
1584,5,14.2,78.4,0.77029703
394,1,11.1,52.6,0.755952381
1734,2,10,44,0.603960396
1356,2,4.2,80.5,0.75049505
892,7,10.7,74.9,0.751984127
577,6,4.2,52.3,0.726141079
956,1,7.3,65.9,0.701940035
846,1,5.8,54.8,0.702970297
1493,3,8,58.4,0.548571429
931,2,7.6,67,0.790456432
647,2,9,58.1,0.699047619
1444,1,6.2,78.4,0.831349206
1383,3,12.2,73.9,0.618803419
1975,1,7.3,45.5,0.680497925
1786,2,5.3,48.5,0.694444444
1522,7,4.8,66.8,0.660714286
554,4,11.5,38.8,0.594356261
1441,3,11.8,69.6,0.709543568
191,4,11.5,28.8,0.736633663
486,4,6,35.3,0.641584158
90,2,10.9,26.4,0.657676349
433,3,10.7,47.1,0.659751037
2074,1,9.5,27,0.58531746
1722,7,5.3,47.9,0.588118812
1753,6,7.7,56.3,0.65560166
416,2,6.8,44,0.604938272
1713,2,10.7,57.5,0.598290598
976,7,10.9,72.8,0.740079365
62,7,10,27.7,0.511111111
100,2,7.7,36.7,0.619047619
1812,1,6.3,46.9,0.691089109
113,5,12.5,32.6,0.635643564
1083,2,6.6,70.7,0.576068376
318,5,6,30.4,0.697095436
1556,3,4.2,60.6,0.714285714
1951,4,14.6,47.8,0.680497925
1674,6,6.9,64.9,0.637623762
1842,6,4.2,43,0.687128713
1150,1,9.2,81.3,0.628968254
906,4,9.1,77.7,0.833663366
348,3,8.6,26.3,0.645228216
2111,1,8.5,43.7,0.607619048
1418,1,6.7,81.3,0.677248677
1742,6,9.3,50.3,0.670194004
953,4,4.3,70.4,0.672380952
1168,4,12,76.5,0.773809524
1525,3,7.9,81.6,0.746887967
65,4,15.9,56.6,0.611881188
1779,6,11.9,63.8,0.577777778
841,1,11.5,54.1,0.804979253
73,1,12.2,42.4,0.659611993
195,2,9.2,37.1,0.581349206
1794,5,7.3,48.9,0.75049505
1701,7,9.8,63.3,0.598290598
82,6,5.4,30.1,0.548571429
456,6,9.7,36.7,0.691089109
2126,7,7.8,35.1,0.523809524
2052,6,4.5,24.5,0.611881188
563,2,8.1,48.6,0.683809524
587,6,9.2,51.2,0.594285714
733,4,7.6,45.8,0.717842324
283,1,8.7,23.9,0.504409171
253,3,4.7,10.6,0.485008818
176,5,9.2,29.7,0.582905983
778,2,9.7,57.4,0.68452381
986,6,6.3,68.6,0.691358025
1164,5,7.9,82.1,0.76039604
1261,1,9.8,77.5,0.798755187
1686,1,8.2,70.9,0.657425743
491,4,9.4,37.8,0.596190476
1856,4,15.3,48.5,0.592592593
1254,6,4.8,71.9,0.744554455
586,5,10.3,38.9,0.55952381
2089,6,5.1,34.2,0.670124481
728,5,9.8,49.1,0.728395062
1619,3,10.1,70.8,0.659047619
2031,6,7.1,36.3,0.541880342
178,1,9.7,24.1,0.655238095
434,5,14.3,42.9,0.661375661
519,6,6.2,29.2,0.533333333
972,1,8.7,64.1,0.736633663
905,3,8.3,64.8,0.628571429
189,1,5.4,37.1,0.777777778
1649,1,9,70.5,0.6
1329,1,4.8,77.8,0.639316239
907,5,6.9,71.4,0.778008299
1012,6,5.5,76.3,0.636904762
282,6,7.6,22.2,0.647302905
1463,5,12.7,64.5,0.765714286
2037,7,5.2,38.7,0.538461538
1752,5,9.7,49.1,0.712871287
145,6,16.7,23.5,0.53968254
60,4,6.8,19.4,0.657676349
1483,3,9.3,68.4,0.674273859
1939,2,4.2,38.3,0.738589212
1588,4,3.8,75,0.740079365
2040,4,9.3,30.7,0.631683168
2146,6,5.2,35.8,0.577380952
942,3,7.1,63.5,0.752475248
1841,5,10.4,45.9,0.674285714
961,7,6.8,69.7,0.763485477
1030,2,7.4,77.1,0.746031746
475,3,7.7,42.5,0.653526971
1225,2,7.1,70.8,0.796680498
1082,1,11.6,80.4,0.682539683
698,7,13.8,48.9,0.562610229
1270,7,7.1,74.4,0.71031746
1008,7,9.3,86.3,0.742574257
1407,7,9.9,74.1,0.603418803
87,5,10.8,41.1,0.700396825
990,4,3.9,72.9,0.661386139
1736,5,9.9,56.4,0.710758377
858,3,3.2,63.7,0.720792079
786,5,12,53.5,0.669306931
297,5,20.9,50.2,0.66468254
1449,7,4.3,71,0.634188034
1572,3,8.7,71.1,0.726732673
374,2,5.7,17,0.585537919
776,6,6.6,64.2,0.613756614
1683,4,7.7,64.5,0.502564103
426,1,7.7,36.9,0.601980198
1526,5,9.9,53.3,0.647266314
261,6,11.8,11.5,0.589285714
973,2,6.8,69.9,0.796680498
111,2,6.4,8.1,0.593253968
474,2,17,33.8,0.633663366
1310,4,7.2,74.4,0.767195767
85,3,11.7,20.3,0.619047619
1105,3,6,77.3,0.753112033
1100,4,6.9,64.7,0.746031746
2190,1,8,36.4,0.641584158
1043,5,10.4,76.7,0.634285714
852,2,4.3,60,0.774257426
2091,2,8,43.2,0.601709402
1375,6,5.3,74.7,0.738589212
559,3,8.9,47,0.634854772
1693,3,7.5,61.7,0.728215768
780,4,9.5,66.1,0.712871287
1950,3,10.2,32.6,0.697029703
1424,2,5,77.1,0.705467372
1371,1,6.9,81.2,0.629059829
389,1,15.3,54.6,0.628571429
1977,4,12.9,55,0.499145299
314,7,8.7,24.3,0.471794872
970,6,9.4,85.2,0.777777778
723,5,5.5,52.2,0.765811966
935,1,9,71.3,0.67047619
1070,6,9.2,81.3,0.708994709
2145,4,14.3,43.2,0.548717949
977,1,11.8,84.7,0.64952381
1505,5,5.3,63.5,0.613333333
1163,4,8.5,78.4,0.693333333
1316,5,9.3,75.6,0.62962963
24,5,8.4,37.9,0.70746888
270,4,9,36.8,0.753112033
479,2,9.5,43.3,0.619047619
1227,5,6,79.2,0.699145299
724,7,10.6,46.9,0.742063492
2038,2,5.9,34.2,0.634920635
2099,6,7.9,39.5,0.714285714
1413,1,11.4,67.4,0.579487179
106,3,9.1,33.6,0.636190476
2174,1,7.2,29.7,0.569664903
349,5,7.6,13.7,0.553791887
881,6,6.7,63.4,0.723809524
1678,5,9.3,67,0.771825397
2082,4,5.2,34.3,0.625742574
1874,7,9.3,43.2,0.523809524
1197,7,7,82.1,0.608547009
1469,6,4.1,64,0.67047619
955,6,9.2,68.6,0.809128631
96,3,8.8,32.4,0.678423237
1934,3,12.2,24.5,0.532627866
1074,4,3.2,76.1,0.807920792
1617,7,6.5,70.1,0.61025641
659,4,10.9,58.4,0.681904762
593,7,13.5,64.8,0.697142857
367,6,6.5,30.8,0.645228216
1041,2,9,77.2,0.601709402
2156,5,9.9,43.3,0.520282187
2163,7,14.5,41.2,0.507692308
181,5,6.4,24.9,0.589065256
2120,6,4.7,33,0.62962963
1340,2,11,67.8,0.596119929
903,7,15.6,48.7,0.524786325
1800,6,5.4,49.8,0.681188119
1103,1,6.6,75.2,0.826666667
1864,1,4.8,57.6,0.680555556
622,4,7.7,50.2,0.692460317
1210,4,7.8,82.5,0.724206349
1635,3,15.2,59.2,0.572649573
560,5,13.4,40.6,0.652557319
2064,1,5.2,24,0.695049505
308,6,6.3,23.4,0.512820513
1214,2,9.9,81.1,0.716049383
1432,6,7.8,75.9,0.797619048
861,7,5.4,68.8,0.555555556
478,1,4.8,40.1,0.638888889
291,4,9.5,32.5,0.607142857
2114,5,4.1,31.2,0.67372134
328,5,9.1,40.8,0.596190476
2109,5,11,29.8,0.51965812
901,4,5.7,66.9,0.697095436
366,5,6,37.4,0.702970297
770,5,14.9,72.5,0.740740741
591,4,9.1,54.6,0.553846154
80,3,5.3,13.5,0.543589744
1391,7,5.8,77.2,0.672380952
822,4,5.9,65.2,0.714851485
1429,1,9.4,72.2,0.72406639
1767,4,7.5,61.2,0.618803419
1477,2,9.5,73.1,0.636929461
769,3,10.8,53.7,0.755186722
1406,6,3.5,78.9,0.707231041
1034,7,4.7,71.6,0.747795414
1840,4,5.3,57.8,0.716269841
578,1,6.9,46,0.643738977
1745,3,10.2,60,0.676190476
997,6,9.5,67.4,0.7406639
1863,6,8.3,46.4,0.55042735
887,7,5.2,67,0.643809524
1415,4,7.5,67.7,0.71047619
1740,3,10.4,47.6,0.601980198
1215,3,4.1,75.9,0.652991453
462,7,2.9,40.8,0.627722772
1646,4,7.1,69.8,0.687830688
712,5,7.9,46.7,0.654761905
995,4,7.9,77.2,0.752380952
1669,6,8.9,56,0.709543568
1173,3,10,68.2,0.632478632
409,6,10.5,35,0.630705394
139,5,14,6,0.525573192
1196,6,3.8,73.1,0.677248677
1535,3,5.2,67.6,0.626666667
1520,4,10.9,56.6,0.624338624
45,5,5.8,41.9,0.704365079
954,5,6.8,65.6,0.693069307
1319,2,4.4,70.4,0.706666667
1303,1,5.7,80.1,0.769709544
500,2,11.7,27.9,0.596119929
1120,3,7.6,79.1,0.702380952
521,2,9.6,43.1,0.607619048
1282,2,5.4,79.2,0.76984127
1807,1,4,48.8,0.690871369
597,5,19.2,54.5,0.613675214
921,3,6,65.3,0.666666667
1810,6,10.7,67.1,0.819444444
1577,3,7.3,76.7,0.761904762
274,3,12.1,34.4,0.596190476
1128,6,7,71.7,0.742574257
116,2,4.3,36.6,0.608547009
1741,4,5.3,47,0.67219917
1566,2,5.3,75.3,0.706930693
358,2,16.2,29.8,0.744047619
1015,2,4.1,65.1,0.705394191
135,6,6.5,30,0.615079365
1485,6,6.2,76.9,0.572649573
522,3,5.3,45.7,0.584158416
2066,4,8.4,30.6,0.488536155
1343,6,8.4,69.4,0.72952381
1672,4,3.5,67.8,0.682539683
1717,7,12.2,48.1,0.628630705
608,6,10.5,64.6,0.747795414
1285,5,5.6,74.2,0.98340249
1883,5,8.4,24.9,0.624761905
2162,6,11.8,45.8,0.57319224
685,3,4.9,53.9,0.690871369
242,2,7.1,28.4,0.524786325
978,2,6,70.6,0.772277228
1553,6,7.8,77.8,0.697142857
1647,5,19.1,56.6,0.632478632
1661,3,9.2,70.7,0.624761905
611,3,5.6,48.2,0.672380952
682,7,7,59.6,0.662698413
439,4,15,56.2,0.676348548
1398,2,7.3,73.1,0.691089109
2084,7,7.3,49.3,0.57319224
1057,2,11.4,74,0.807053942
185,3,14.5,35.8,0.659405941
1523,1,5.1,64,0.64952381
1569,6,9.6,66.8,0.622222222
503,6,10.6,43.7,0.613333333
1593,3,4.6,70.6,0.663247863
506,3,7.7,26.7,0.608465608
857,2,7.7,60.9,0.674285714
1368,4,4.5,77.3,0.758415842
1487,2,11,64.1,0.622857143
792,6,10.5,49.1,0.588118812
517,3,7.8,42.8,0.668049793
589,1,6.9,62.7,0.744813278
959,5,8.6,75.6,0.742857143
1755,2,11.5,65,0.618803419
1849,1,9.8,48.6,0.624481328
2065,2,13.8,23.2,0.663900415
777,7,7.7,50.3,0.567521368
219,6,7.3,32.3,0.557539683
1056,1,10,70.1,0.78019802
1687,2,3,59.8,0.726141079
1804,5,7.2,51.6,0.712301587
1010,3,9.9,79.7,0.664902998
1381,7,7.6,75.1,0.755186722
640,7,6.1,64.7,0.64484127
2127,1,12.8,47.8,0.543589744
461,6,12.1,42.4,0.598095238
2115,6,10.7,25.3,0.514529915
1470,7,9.9,82.3,0.742574257
1684,6,5.8,54.1,0.650793651
129,5,7.6,27.3,0.64484127
933,5,11,66.8,0.635897436
1392,1,9.2,75.8,0.691089109
388,7,8.9,40.8,0.573412698
835,7,10.7,66.1,0.736514523
315,1,4.2,36.7,0.563492063
2041,5,9.6,39.2,0.692946058
1224,1,8.8,73.6,0.81980198
1347,4,7.8,75.6,0.666666667
1613,2,7.5,82,0.695238095
663,2,16.2,47.6,0.547008547
1318,1,9.6,78.6,0.744047619
1624,3,9.4,57.3,0.597222222
1192,1,5.7,78.8,0.732142857
795,3,9.3,49.6,0.591452991
1423,7,8.8,70,0.699170124
894,2,4.6,77.7,0.827722772
1300,5,6.7,80.1,0.78968254
1788,4,4.4,44.9,0.633663366
924,7,10.8,67.5,0.78019802
1996,2,11.6,51.5,0.668650794
1907,2,7.3,40.8,0.643809524
2000,7,11.8,48.8,0.650793651
1823,2,12.2,37.8,0.695238095
600,2,5.7,37.1,0.659405941
444,4,7.3,39.9,0.653465347
828,5,9.1,58.4,0.695049505
1016,4,6.8,68.3,0.724867725
848,4,8.3,67.1,0.687830688
2102,3,11.1,29.5,0.620811287
595,2,9.8,60.9,0.649377593
1936,6,17.7,38.9,0.589285714
2175,2,12.9,35.5,0.514529915
899,2,9.7,66,0.739047619
323,5,10.3,40.7,0.635643564
276,5,12.9,23.7,0.709543568
1774,7,8.2,58,0.700396825
1302,7,11.4,84.5,0.794059406
67,7,11.8,33.5,0.555555556
1698,3,10.6,72.9,0.689108911
1490,6,7.7,68.7,0.647266314
952,3,6.9,61.5,0.694444444
885,4,5.3,72,0.675213675
884,3,7.2,66.1,0.634920635
1855,2,9.2,39.1,0.647302905
1783,4,5.9,48.6,0.717842324
511,2,6.4,36.1,0.684647303
1579,5,3.7,76,0.788381743
1627,6,9.3,63.6,0.649377593
651,7,8.7,57.5,0.562393162
275,4,5.8,41.5,0.625742574
1241,3,6.8,76.6,0.657142857
1075,5,8.6,78.5,0.798755187
631,1,7.8,39.9,0.686721992
2073,6,4.2,55.3,0.55042735
460,5,9.1,42.9,0.700396825
1374,5,5.1,75.7,0.756435644
1291,6,4,76.5,0.842323651
1028,6,5.8,71.3,0.698412698
1751,4,7.2,61.1,0.683809524
1682,3,9.8,57.5,0.622574956
1115,3,6.4,78.3,0.824761905
808,7,8.7,47.3,0.712301587
859,4,13.1,72.1,0.825726141
1760,2,10.2,52.5,0.659611993
30,6,6.8,39.8,0.7406639
1134,7,4.7,75.6,0.76039604
671,6,11.1,50.3,0.617142857
1563,5,8.8,74.2,0.67008547
938,5,4.7,68.9,0.756613757
1536,4,4.3,66.9,0.617821782
