"","day","sndp","total_num_of_crimes"
"13",5,9.1,0.483245149911817
"49",4,7.9,0.509700176366843
"55",5,5.1,0.506172839506173
"61",6,2,0.527336860670194
"67",7,1.2,0.555555555555556
"73",1,1.2,0.659611992945326
"79",2,0,0.578483245149912
"85",3,0,0.619047619047619
"91",4,0,0.557319223985891
"97",5,0,0.63668430335097
"103",6,1.2,0.552028218694885
"109",7,1.2,0.54673721340388
"115",1,1.2,0.559082892416226
"121",2,5.1,0.502645502645503
"127",3,5.1,0.522045855379189
"133",4,3.1,0.541446208112875
"139",5,3.1,0.525573192239859
"145",6,3.1,0.53968253968254
"151",7,3.9,0.500881834215168
"163",2,3.9,0.483245149911817
"169",3,3.1,0.603174603174603
"175",4,2,0.606701940035273
"181",5,2,0.589065255731922
"187",6,3.9,0.677248677248677
"199",1,3.9,0.557319223985891
"205",2,3.9,0.520282186948854
"217",4,9.1,0.55379188712522
"223",5,7.9,0.569664902998236
"235",7,9.8,0.522045855379189
"241",1,7.9,0.490299823633157
"247",2,7.9,0.476190476190476
"253",3,7.1,0.485008818342152
"259",4,7.1,0.507936507936508
"265",5,7.1,0.587301587301587
"271",6,5.9,0.479717813051146
"283",1,11,0.504409171075838
"289",2,5.9,0.527336860670194
"295",3,3.9,0.596119929453263
"301",4,2,0.590828924162258
"307",5,1.2,0.567901234567901
"313",6,1.2,0.507936507936508
"319",7,0,0.513227513227513
"325",1,0,0.534391534391534
"331",2,0,0.54673721340388
"337",3,0,0.573192239858907
"343",4,0,0.54673721340388
"349",5,0,0.55379188712522
"356",6,0,0.582010582010582
"368",1,2,0.509700176366843
"374",2,2,0.585537918871252
"380",3,3.1,0.573192239858907
"386",4,3.1,0.53968253968254
"392",5,2,0.649029982363316
"398",6,0,0.566137566137566
"404",7,0,0.507936507936508
"410",1,0,0.705467372134039
"416",2,0,0.604938271604938
"422",3,3.1,0.541446208112875
"428",4,3.1,0.611992945326279
"434",5,1.2,0.661375661375661
"440",6,0,0.62962962962963
"446",7,0,0.516754850088183
"452",1,0,0.615520282186949
"458",2,0,0.703703703703704
"464",3,0,0.682539682539683
"470",4,0,0.700176366843034
"476",5,0,0.679012345679012
"482",6,0,0.617283950617284
"488",7,0,0.537918871252205
"494",1,0,0.601410934744268
"500",2,0,0.596119929453263
"506",3,0,0.608465608465608
"512",4,0,0.597883597883598
"518",5,0,0.6331569664903
"524",6,0,0.64373897707231
"530",7,0,0.624338624338624
"536",1,0,0.590828924162258
"542",2,0,0.786596119929453
"548",3,0,0.668430335097002
"554",4,0,0.594356261022928
"560",5,0,0.652557319223986
"566",6,0,0.634920634920635
"572",7,0,0.574955908289242
"578",1,0,0.64373897707231
"584",2,0,0.654320987654321
"590",3,0,0.666666666666667
"596",4,0,0.682539682539683
"602",5,0,0.606701940035273
"608",6,0,0.747795414462081
"614",7,0,0.590828924162258
"620",1,0,0.566137566137566
"626",2,1.2,0.597883597883598
"632",3,0,0.673721340388007
"638",4,0,0.767195767195767
"644",5,0,0.661375661375661
"650",6,0,0.590828924162258
"656",7,0,0.560846560846561
"662",1,0,0.611992945326279
"668",2,0,0.634920634920635
"674",3,0,0.6331569664903
"680",4,0,0.617283950617284
"686",5,0,0.701940035273369
"692",6,0,0.62962962962963
"698",7,0,0.562610229276896
"704",1,0,0.63668430335097
"710",2,0,0.684303350970018
"716",3,0,0.666666666666667
"722",4,0,0.756613756613757
"728",5,0,0.728395061728395
"734",6,0,0.622574955908289
"740",7,0,0.603174603174603
"746",1,0,0.758377425044092
"752",2,0,0.689594356261023
"758",3,0,0.656084656084656
"764",4,0,0.641975308641975
"770",5,0,0.740740740740741
"776",6,0,0.613756613756614
"782",7,0,0.652557319223986
"788",1,0,0.701940035273369
"794",2,0,0.64021164021164
"800",3,0,0.677248677248677
"806",4,0,0.597883597883598
"812",5,0,0.712522045855379
"818",6,0,0.700176366843034
"824",7,0,0.721340388007055
"830",1,0,0.693121693121693
"836",2,0,0.6331569664903
"842",3,0,0.64373897707231
"848",4,0,0.687830687830688
"854",5,0,0.670194003527337
"860",6,0,0.64021164021164
"866",7,0,0.634920634920635
"872",1,0,0.619047619047619
"878",2,0,0.631393298059965
"884",3,0,0.634920634920635
"890",4,0,0.608465608465608
"896",5,0,0.675485008818342
"902",6,0,0.638447971781305
"914",1,0,0.758377425044092
"920",2,0,0.770723104056437
"926",3,0,0.647266313932981
"932",4,0,0.698412698412698
"938",5,0,0.756613756613757
"944",6,0,0.754850088183421
"950",7,0,0.610229276895944
"956",1,0,0.701940035273369
"962",2,0,0.564373897707231
"968",3,0,0.604938271604938
"974",4,0,0.694885361552028
"980",5,0,0.793650793650794
"986",6,0,0.691358024691358
"992",7,0,0.728395061728395
"998",1,0,0.758377425044092
"1004",2,0,0.779541446208113
"1010",3,0,0.664902998236332
"1016",4,0,0.724867724867725
"1022",5,0,0.728395061728395
"1028",6,0,0.698412698412698
"1034",7,0,0.747795414462081
"1040",1,0,0.686067019400353
"1046",2,0,0.696649029982363
"1052",3,0,0.671957671957672
"1058",4,0,0.712522045855379
"1064",5,0,0.770723104056437
"1070",6,0,0.708994708994709
"1076",7,0,0.693121693121693
"1082",1,0,0.682539682539683
"1094",3,0,0.705467372134039
"1100",4,0,0.746031746031746
"1106",5,0,0.680776014109347
"1112",6,0,0.705467372134039
"1118",7,0,0.721340388007055
"1124",1,0,0.776014109347443
"1130",2,0,0.708994708994709
"1136",3,0,0.774250440917108
"1142",4,0,0.698412698412698
"1148",5,0,0.761904761904762
"1154",6,0,0.710758377425044
"1160",7,0,0.684303350970018
"1166",1,0,0.684303350970018
"1172",2,0,0.712522045855379
"1178",3,0,0.761904761904762
"1184",4,0,0.657848324514991
"1190",5,0,0.71957671957672
"1196",6,0,0.677248677248677
"1202",7,0,0.668430335097002
"1208",1,0,0.668430335097002
"1214",2,0,0.716049382716049
"1220",3,0,0.71957671957672
"1226",4,0,0.742504409171076
"1232",5,0,0.765432098765432
"1238",6,0,0.680776014109347
"1244",7,0,0.735449735449735
"1250",1,0,0.7336860670194
"1256",2,0,0.687830687830688
"1262",3,0,0.627865961199294
"1268",4,0,0.696649029982363
"1280",6,0,0.777777777777778
"1286",7,0,0.731922398589065
"1292",1,0,0.693121693121693
"1298",2,0,0.6331569664903
"1304",3,0,0.670194003527337
"1310",4,0,0.767195767195767
"1316",5,0,0.62962962962963
"1322",6,0,0.687830687830688
"1328",7,0,0.71957671957672
"1334",1,0,0.701940035273369
"1340",2,0,0.596119929453263
"1346",3,0,0.7336860670194
"1352",4,0,0.654320987654321
"1358",5,0,0.703703703703704
"1364",6,0,0.64373897707231
"1370",7,0,0.6331569664903
"1376",1,0,0.647266313932981
"1382",2,0,0.64021164021164
"1388",3,0,0.717813051146384
"1394",4,0,0.650793650793651
"1400",5,0,0.701940035273369
"1406",6,0,0.707231040564374
"1412",7,0,0.634920634920635
"1418",1,0,0.677248677248677
"1424",2,0,0.705467372134039
"1430",3,0,0.659611992945326
"1436",4,0,0.670194003527337
"1442",5,0,0.731922398589065
"1448",6,0,0.707231040564374
"1454",7,0,0.641975308641975
"1460",1,0,0.814814814814815
"1466",2,0,0.677248677248677
"1472",3,0,0.627865961199294
"1478",4,0,0.613756613756614
"1484",5,0,0.687830687830688
"1490",6,0,0.647266313932981
"1496",7,0,0.670194003527337
"1502",1,0,0.555555555555556
"1508",2,0,0.6331569664903
"1514",3,0,0.647266313932981
"1520",4,0,0.624338624338624
"1526",5,0,0.647266313932981
"1532",6,0,0.566137566137566
"1538",7,0,0.610229276895944
"1544",1,0,0.63668430335097
"1550",2,0,0.617283950617284
"1556",3,0,0.714285714285714
"1562",4,0,0.735449735449735
"1568",5,0,0.710758377425044
"1574",6,0,0.682539682539683
"1580",7,0,0.680776014109347
"1586",1,0,0.686067019400353
"1592",2,0,0.689594356261023
"1598",3,0,0.717813051146384
"1604",4,0,0.634920634920635
"1610",5,0,0.72310405643739
"1616",6,0,0.742504409171076
"1622",7,0,0.694885361552028
"1628",1,0,0.64021164021164
"1634",2,0,0.661375661375661
"1646",4,0,0.687830687830688
"1652",5,0,0.590828924162258
"1658",6,0,0.589065255731922
"1664",7,0,0.576719576719577
"1670",1,0,0.571428571428571
"1676",2,0,0.627865961199294
"1682",3,0,0.622574955908289
"1688",4,0,0.555555555555556
"1694",5,0,0.624338624338624
"1700",6,0,0.63668430335097
"1706",7,0,0.574955908289242
"1712",1,0,0.590828924162258
"1718",2,0,0.6331569664903
"1724",3,0,0.679012345679012
"1730",4,0,0.608465608465608
"1736",5,0,0.710758377425044
"1742",6,0,0.670194003527337
"1748",7,0,0.615520282186949
"1754",1,0,0.659611992945326
"1760",2,0,0.659611992945326
"1766",3,0,0.590828924162258
"1772",4,0,0.596119929453263
"1778",5,0,0.693121693121693
"1784",6,0,0.634920634920635
"1790",7,0,0.626102292768959
"1796",1,0,0.626102292768959
"1802",2,0,0.675485008818342
"1808",3,0,0.675485008818342
"1814",4,0,0.661375661375661
"1820",5,0,0.716049382716049
"1826",6,0,0.72310405643739
"1832",7,0,0.615520282186949
"1838",1,0,0.668430335097002
"1844",2,0,0.63668430335097
"1850",3,0,0.671957671957672
"1856",4,0,0.592592592592593
"1862",5,0,0.668430335097002
"1868",6,0,0.583774250440917
"1874",7,0,0.523809523809524
"1880",1,0,0.62962962962963
"1886",2,0,0.532627865961199
"1892",3,0,0.532627865961199
"1898",4,0,0.532627865961199
"1904",5,0,0.624338624338624
"1910",6,0,0.624338624338624
"1916",7,0,0.552028218694885
"1922",1,0,0.534391534391534
"1928",2,0,0.552028218694885
"1934",3,0,0.532627865961199
"1940",4,0,0.552028218694885
"1946",5,0,0.610229276895944
"1952",6,0,0.571428571428571
"1958",7,0,0.599647266313933
"1964",1,0,0.532627865961199
"1970",2,0,0.541446208112875
"1976",3,0,0.562610229276896
"1988",5,0,0.499118165784832
"1994",6,0,0.574955908289242
"2000",7,0,0.650793650793651
"2006",1,0,0.710758377425044
"2012",2,0,0.564373897707231
"2018",3,0,0.627865961199294
"2024",4,0,0.592592592592593
"2030",5,0,0.686067019400353
"2036",6,0,0.567901234567901
"2042",7,0,0.537918871252205
"2048",1,0,0.599647266313933
"2054",2,0,0.552028218694885
"2060",3,0,0.649029982363316
"2066",4,0,0.488536155202822
"2072",5,0,0.627865961199294
"2078",6,0,0.641975308641975
"2084",7,0,0.573192239858907
"2090",1,0,0.596119929453263
"2096",2,0,0.529100529100529
"2102",3,0,0.620811287477954
"2108",4,0,0.580246913580247
"2114",5,0,0.673721340388007
"2120",6,0,0.62962962962963
"2126",7,0,0.523809523809524
"2132",1,0,0.536155202821869
"2138",2,0,0.54673721340388
"2156",5,0,0.520282186948854
"2162",6,0,0.573192239858907
"2168",7,0,0.497354497354497
"2174",1,0,0.569664902998236
"8",5,0,0.538461538461538
"14",6,0,0.478632478632479
"50",5,3.1,0.488888888888889
"56",6,2,0.509401709401709
"62",7,3.1,0.511111111111111
"68",1,3.9,0.526495726495727
"74",2,3.1,0.548717948717949
"80",3,3.1,0.543589743589744
"86",4,3.1,0.664957264957265
"92",5,3.1,0.581196581196581
"98",6,1.2,0.591452991452991
"104",7,0,0.548717948717949
"110",1,0,0.570940170940171
"116",2,0,0.608547008547008
"122",3,0,0.6
"128",4,0,0.618803418803419
"134",5,0,0.675213675213675
"140",6,0,0.565811965811966
"146",7,1.2,0.535042735042735
"152",1,1.2,0.572649572649573
"158",2,1.2,0.586324786324786
"164",3,0,0.502564102564103
"170",4,0,0.582905982905983
"176",5,0,0.582905982905983
"206",3,16.1,0.48034188034188
"218",5,14.2,0.535042735042735
"224",6,11,0.502564102564103
"236",1,3.9,0.488888888888889
"242",2,3.9,0.524786324786325
"260",5,3.1,0.483760683760684
"266",6,3.1,0.47008547008547
"284",2,3.1,0.509401709401709
"302",5,3.1,0.507692307692308
"308",6,3.1,0.512820512820513
"314",7,3.1,0.471794871794872
"326",2,3.1,0.557264957264957
"344",5,5.9,0.492307692307692
"357",7,5.9,0.593162393162393
"363",1,5.1,0.535042735042735
"369",2,3.9,0.535042735042735
"375",3,3.9,0.499145299145299
"381",4,3.9,0.500854700854701
"387",5,3.9,0.558974358974359
"393",6,2,0.557264957264957
"399",7,1.2,0.488888888888889
"405",1,1.2,0.6
"411",2,0,0.644444444444444
"417",3,0,0.584615384615385
"423",4,0,0.623931623931624
"429",5,0,0.663247863247863
"435",6,0,0.582905982905983
"441",7,0,0.632478632478632
"447",1,0,0.637606837606838
"453",2,0,0.565811965811966
"459",3,0,0.521367521367521
"465",4,0,0.58974358974359
"471",5,0,0.629059829059829
"477",6,0,0.521367521367521
"483",7,0,0.538461538461538
"489",1,3.1,0.487179487179487
"495",2,2,0.548717948717949
"501",3,0,0.553846153846154
"507",4,0,0.555555555555556
"513",5,1.2,0.601709401709402
"519",6,0,0.533333333333333
"525",7,0,0.478632478632479
"531",1,0,0.611965811965812
"537",2,0,0.57948717948718
"543",3,0,0.753846153846154
"549",4,0,0.615384615384615
"555",5,0,0.593162393162393
"561",6,0,0.582905982905983
"567",7,0,0.538461538461538
"573",1,0,0.560683760683761
"585",3,0,0.603418803418803
"591",4,0,0.553846153846154
"597",5,0,0.613675213675214
"603",6,0,0.601709401709402
"609",7,0,0.611965811965812
"615",1,0,0.625641025641026
"621",2,0,0.658119658119658
"627",3,0,0.647863247863248
"633",4,0,0.572649572649573
"639",5,0,0.632478632478632
"645",6,0,0.576068376068376
"651",7,0,0.562393162393162
"657",1,0,0.61025641025641
"663",2,0,0.547008547008547
"669",3,0,0.51965811965812
"675",4,0,0.629059829059829
"681",5,0,0.67008547008547
"687",6,0,0.567521367521368
"693",7,0,0.606837606837607
"699",1,0,0.6
"705",2,0,0.564102564102564
"711",3,0,0.615384615384615
"717",4,0,0.548717948717949
"723",5,0,0.765811965811966
"729",6,0,0.521367521367521
"735",7,0,0.593162393162393
"741",1,0,0.625641025641026
"747",2,0,0.558974358974359
"753",3,0,0.57948717948718
"759",4,0,0.61025641025641
"765",5,0,0.652991452991453
"771",6,0,0.541880341880342
"777",7,0,0.567521367521368
"783",1,0,0.625641025641026
"789",2,0,0.620512820512821
"795",3,0,0.591452991452991
"801",4,0,0.641025641025641
"807",5,0,0.707692307692308
"813",6,0,0.765811965811966
"819",7,0,0.711111111111111
"825",1,0,0.634188034188034
"831",2,0,0.61025641025641
"837",3,0,0.635897435897436
"843",4,0,0.57948717948718
"849",5,0,0.673504273504274
"855",6,0,0.647863247863248
"861",7,0,0.555555555555556
"867",1,0,0.582905982905983
"873",2,0,0.625641025641026
"879",3,0,0.627350427350427
"885",4,0,0.675213675213675
"891",5,0,0.682051282051282
"897",6,0,0.565811965811966
"903",7,0,0.524786324786325
"909",1,0,0.782905982905983
"915",2,0,0.608547008547008
"921",3,0,0.666666666666667
"927",4,0,0.623931623931624
"933",5,0,0.635897435897436
"939",6,0,0.564102564102564
"945",7,0,0.547008547008547
"951",1,0,0.560683760683761
"957",2,0,0.637606837606838
"963",3,0,0.652991452991453
"969",4,0,0.694017094017094
"975",5,0,0.687179487179487
"981",6,0,0.646153846153846
"987",7,0,0.68034188034188
"993",1,0,0.564102564102564
"999",2,0,0.700854700854701
"1005",3,0,0.617094017094017
"1011",4,0,0.661538461538462
"1017",5,0,0.625641025641026
"1023",6,0,0.656410256410256
"1029",7,0,0.632478632478632
"1035",1,0,0.646153846153846
"1041",2,0,0.601709401709402
"1047",3,0,0.594871794871795
"1053",4,0,0.652991452991453
"1059",5,0,0.594871794871795
"1065",6,0,0.593162393162393
"1071",7,0,0.545299145299145
"1077",1,0,0.617094017094017
"1083",2,0,0.576068376068376
"1089",3,0,0.733333333333333
"1095",4,0,0.6
"1101",5,0,0.656410256410256
"1107",6,0,0.705982905982906
"1113",7,0,0.717948717948718
"1119",1,0,0.594871794871795
"1125",2,0,0.594871794871795
"1131",3,0,0.569230769230769
"1137",4,0,0.54017094017094
"1143",5,0,0.57948717948718
"1149",6,0,0.618803418803419
"1155",7,0,0.622222222222222
"1161",1,0,0.687179487179487
"1167",2,0,0.58974358974359
"1173",3,0,0.632478632478632
"1179",4,0,0.531623931623932
"1185",5,0,0.630769230769231
"1191",6,0,0.613675213675214
"1197",7,0,0.608547008547008
"1203",1,0,0.697435897435897
"1209",2,0,0.639316239316239
"1215",3,0,0.652991452991453
"1221",4,0,0.676923076923077
"1227",5,0,0.699145299145299
"1233",6,0,0.64957264957265
"1239",7,0,0.682051282051282
"1245",1,0,0.668376068376068
"1251",2,0,0.673504273504274
"1257",3,0,0.601709401709402
"1263",4,0,0.656410256410256
"1269",5,0,0.668376068376068
"1281",7,0,0.676923076923077
"1287",1,0,0.629059829059829
"1293",2,0,0.581196581196581
"1299",3,0,0.618803418803419
"1305",4,0,0.683760683760684
"1311",5,0,0.700854700854701
"1317",6,0,0.663247863247863
"1323",7,0,0.553846153846154
"1329",1,0,0.639316239316239
"1335",2,0,0.629059829059829
"1341",3,0,0.635897435897436
"1347",4,0,0.666666666666667
"1353",5,0,0.623931623931624
"1359",6,0,0.617094017094017
"1365",7,0,0.71965811965812
"1371",1,0,0.629059829059829
"1377",2,0,0.678632478632479
"1383",3,0,0.618803418803419
"1389",4,0,0.635897435897436
"1395",5,0,0.71965811965812
"1401",6,0,0.699145299145299
"1407",7,0,0.603418803418803
"1413",1,0,0.57948717948718
"1419",2,0,0.656410256410256
"1425",3,0,0.596581196581197
"1431",4,0,0.630769230769231
"1437",5,0,0.611965811965812
"1443",6,0,0.611965811965812
"1449",7,0,0.634188034188034
"1455",1,0,0.622222222222222
"1467",3,0,0.620512820512821
"1473",4,0,0.743589743589744
"1479",5,0,0.64957264957265
"1485",6,0,0.572649572649573
"1491",7,0,0.627350427350427
"1497",1,0,0.647863247863248
"1503",2,0,0.567521367521368
"1509",3,0,0.557264957264957
"1515",4,0,0.548717948717949
"1521",5,0,0.553846153846154
"1527",6,0,0.541880341880342
"1533",7,0,0.615384615384615
"1539",1,0,0.6
"1545",2,0,0.683760683760684
"1551",3,0,0.629059829059829
"1557",4,0,0.593162393162393
"1563",5,0,0.67008547008547
"1569",6,0,0.622222222222222
"1575",7,0,0.608547008547008
"1581",1,0,0.582905982905983
"1587",2,0,0.603418803418803
"1593",3,0,0.663247863247863
"1599",4,0,0.591452991452991
"1605",5,0,0.65982905982906
"1611",6,0,0.618803418803419
"1617",7,0,0.61025641025641
"1623",1,0,0.611965811965812
"1629",2,0,0.576068376068376
"1635",3,0,0.572649572649573
"1641",4,0,0.711111111111111
"1647",5,0,0.632478632478632
"1653",6,0,0.598290598290598
"1659",7,0,0.492307692307692
"1665",1,0,0.622222222222222
"1671",2,0,0.627350427350427
"1677",3,0,0.586324786324786
"1683",4,0,0.502564102564103
"1689",5,0,0.6
"1695",6,0,0.58974358974359
"1701",7,0,0.598290598290598
"1707",1,0,0.582905982905983
"1713",2,0,0.598290598290598
"1719",3,0,0.641025641025641
"1725",4,0,0.67008547008547
"1731",5,0,0.523076923076923
"1737",6,0,0.536752136752137
"1743",7,0,0.509401709401709
"1749",1,0,0.652991452991453
"1755",2,0,0.618803418803419
"1761",3,0,0.658119658119658
"1767",4,0,0.618803418803419
"1773",5,0,0.625641025641026
"1779",6,0,0.577777777777778
"1785",7,0,0.555555555555556
"1791",1,0,0.651282051282051
"1797",2,0,0.552136752136752
"1803",3,0,0.555555555555556
"1809",4,0,0.533333333333333
"1815",5,0,0.622222222222222
"1821",6,0,0.547008547008547
"1827",7,0,0.709401709401709
"1833",1,0,0.687179487179487
"1839",2,0,0.598290598290598
"1845",3,0,0.673504273504274
"1851",4,0,0.634188034188034
"1857",5,0,0.642735042735043
"1863",6,0,0.55042735042735
"1869",7,0,0.54017094017094
"1875",1,0,0.564102564102564
"1881",2,0,0.531623931623932
"1887",3,0,0.52991452991453
"1893",4,0,0.55042735042735
"1899",5,0,0.502564102564103
"1905",6,0,0.555555555555556
"1911",7,0,0.555555555555556
"1917",1,0,0.613675213675214
"1923",2,0,0.54017094017094
"1929",3,0,0.562393162393162
"1935",4,0,0.535042735042735
"1941",5,0,0.576068376068376
"1959",1,2,0.52991452991453
"1965",2,1.2,0.524786324786325
"1971",3,1.2,0.500854700854701
"1977",4,0,0.499145299145299
"1989",6,0,0.531623931623932
"1995",7,0,0.487179487179487
"2001",1,0,0.569230769230769
"2007",2,0,0.608547008547008
"2013",3,0,0.577777777777778
"2019",4,0,0.574358974358974
"2025",5,0,0.558974358974359
"2031",6,0,0.541880341880342
"2037",7,0,0.538461538461538
"2043",1,0,0.591452991452991
"2049",2,0,0.576068376068376
"2055",3,0,0.517948717948718
"2061",4,0,0.533333333333333
"2067",5,0,0.564102564102564
"2073",6,0,0.55042735042735
"2079",7,0,0.502564102564103
"2085",1,0,0.593162393162393
"2091",2,0,0.601709401709402
"2097",3,0,0.564102564102564
"2103",4,0,0.588034188034188
"2109",5,0,0.51965811965812
"2115",6,0,0.514529914529914
"2121",7,0,0.552136752136752
"2127",1,0,0.543589743589744
"2133",2,0,0.52991452991453
"2139",3,0,0.603418803418803
"2145",4,0,0.548717948717949
"2157",6,0,0.514529914529914
"2163",7,0,0.507692307692308
"2175",2,0,0.514529914529914
"2187",4,3.1,0.51965811965812
"15",7,2,0.569444444444444
"21",1,2,0.615079365079365
"39",4,1.2,0.676587301587302
"45",5,1.2,0.704365079365079
"51",6,0,0.619047619047619
"75",3,2,0.621031746031746
"81",4,1.2,0.662698412698413
"87",5,0,0.700396825396825
"93",6,0,0.575396825396825
"111",2,0,0.593253968253968
"123",4,1.2,0.617063492063492
"129",5,1.2,0.64484126984127
"135",6,1.2,0.615079365079365
"141",7,0,0.623015873015873
"147",1,0,0.686507936507937
"153",2,0,0.591269841269841
"159",3,0,0.666666666666667
"165",4,0,0.678571428571429
"171",5,0,0.634920634920635
"177",6,0,0.619047619047619
"183",7,0,0.613095238095238
"189",1,0,0.777777777777778
"195",2,0,0.581349206349206
"201",3,0,0.654761904761905
"207",4,0,0.650793650793651
"213",5,0,0.609126984126984
"219",6,0,0.557539682539683
"255",5,0,0.573412698412698
"261",6,0,0.589285714285714
"279",2,1.2,0.569444444444444
"285",3,1.2,0.581349206349206
"291",4,0,0.607142857142857
"297",5,0,0.66468253968254
"303",6,0,0.567460317460317
"309",7,0,0.589285714285714
"315",1,0,0.563492063492063
"321",2,0,0.597222222222222
"339",5,0,0.674603174603175
"345",6,0,0.583333333333333
"351",7,0,0.571428571428571
"355",1,0,0.619047619047619
"358",2,0,0.744047619047619
"376",5,1.2,0.632936507936508
"382",6,1.2,0.579365079365079
"388",7,0,0.573412698412698
"394",1,0,0.755952380952381
"400",2,0,0.706349206349206
"406",3,0,0.654761904761905
"412",4,0,0.623015873015873
"418",5,0,0.648809523809524
"424",6,0,0.632936507936508
"436",1,0,0.66468253968254
"442",2,0,0.726190476190476
"448",3,0,0.648809523809524
"454",4,0,0.64484126984127
"460",5,0,0.700396825396825
"466",6,0,0.595238095238095
"472",7,0,0.617063492063492
"478",1,0,0.638888888888889
"484",2,0,0.718253968253968
"490",3,0,0.652777777777778
"496",4,0,0.656746031746032
"502",5,0,0.670634920634921
"508",6,0,0.640873015873016
"514",7,0,0.593253968253968
"520",1,0,0.783730158730159
"526",2,0,0.726190476190476
"532",3,0,0.71031746031746
"538",4,0,0.682539682539683
"544",5,0,0.797619047619048
"556",7,0,0.615079365079365
"562",1,0,0.623015873015873
"568",2,0,0.654761904761905
"574",3,0,0.581349206349206
"580",4,0,0.748015873015873
"586",5,0,0.55952380952381
"592",6,1.2,0.597222222222222
"604",1,0,0.626984126984127
"610",2,0,0.652777777777778
"616",3,0,0.658730158730159
"622",4,0,0.692460317460317
"628",5,0,0.718253968253968
"634",6,0,0.654761904761905
"640",7,0,0.64484126984127
"646",1,0,0.676587301587302
"652",2,0,0.66468253968254
"658",3,0,0.676587301587302
"664",4,0,0.642857142857143
"670",5,0,0.712301587301587
"676",6,0,0.630952380952381
"682",7,0,0.662698412698413
"688",1,0,0.71031746031746
"694",2,0,0.636904761904762
"700",3,0,0.648809523809524
"706",4,0,0.712301587301587
"712",5,0,0.654761904761905
"718",6,0,0.571428571428571
"724",7,0,0.742063492063492
"730",1,0,0.706349206349206
"736",2,0,0.700396825396825
"742",3,0,0.650793650793651
"748",4,0,0.615079365079365
"754",5,0,0.698412698412698
"760",6,0,0.682539682539683
"766",7,0,0.68452380952381
"772",1,0,0.746031746031746
"778",2,0,0.68452380952381
"784",3,0,0.759920634920635
"790",4,0,0.650793650793651
"796",5,0,0.692460317460317
"802",6,0,0.662698412698413
"808",7,0,0.712301587301587
"814",1,0,0.759920634920635
"820",2,0,0.698412698412698
"826",3,0,0.75
"832",4,0,0.706349206349206
"838",5,0,0.753968253968254
"844",6,0,0.746031746031746
"850",7,0,0.668650793650794
"856",1,0,0.753968253968254
"862",2,0,0.761904761904762
"868",3,0,0.746031746031746
"874",4,0,0.732142857142857
"880",5,0,0.714285714285714
"886",6,0,0.736111111111111
"892",7,0,0.751984126984127
"898",1,0,0.751984126984127
"904",2,0,0.708333333333333
"910",3,0,0.882936507936508
"916",4,0,0.775793650793651
"922",5,0,0.740079365079365
"928",6,0,0.71031746031746
"934",7,0,0.712301587301587
"940",1,0,0.706349206349206
"946",2,0,0.660714285714286
"952",3,0,0.694444444444444
"958",4,0,0.740079365079365
"964",5,0,0.626984126984127
"970",6,0,0.777777777777778
"976",7,0,0.740079365079365
"982",1,0,0.742063492063492
"988",2,0,0.755952380952381
"994",3,0,0.738095238095238
"1000",4,0,0.78968253968254
"1006",5,0,0.718253968253968
"1012",6,0,0.636904761904762
"1018",7,0,0.714285714285714
"1024",1,0,0.841269841269841
"1030",2,0,0.746031746031746
"1036",3,0,0.755952380952381
"1042",4,0,0.734126984126984
"1048",5,0,0.720238095238095
"1054",6,0,0.726190476190476
"1060",7,0,0.678571428571429
"1066",1,0,0.746031746031746
"1072",2,0,0.722222222222222
"1078",3,0,0.78968253968254
"1084",4,0,0.746031746031746
"1090",5,0,0.85515873015873
"1096",6,0,0.688492063492063
"1102",7,0,0.75
"1108",1,0,0.777777777777778
"1114",2,0,0.892857142857143
"1120",3,0,0.702380952380952
"1126",4,0,0.738095238095238
"1132",5,0,0.726190476190476
"1138",6,0,0.674603174603175
"1144",7,0,0.692460317460317
"1150",1,0,0.628968253968254
"1156",2,0,0.722222222222222
"1162",3,0,0.656746031746032
"1168",4,0,0.773809523809524
"1174",5,0,0.734126984126984
"1180",6,0,0.744047619047619
"1186",7,0,0.676587301587302
"1192",1,0,0.732142857142857
"1198",2,0,0.833333333333333
"1204",3,0,0.779761904761905
"1210",4,0,0.724206349206349
"1216",5,0,0.75
"1222",6,0,0.748015873015873
"1228",7,0,0.742063492063492
"1234",1,0,0.78968253968254
"1240",2,0,0.888888888888889
"1246",3,0,0.722222222222222
"1252",4,0,0.742063492063492
"1258",5,0,0.724206349206349
"1264",6,0,0.884920634920635
"1270",7,0,0.71031746031746
"1276",1,0,0.827380952380952
"1282",2,0,0.76984126984127
"1288",3,0,0.763888888888889
"1294",4,0,0.765873015873016
"1300",5,0,0.78968253968254
"1306",6,0,0.751984126984127
"1312",7,0,0.773809523809524
"1318",1,0,0.744047619047619
"1324",2,0,0.668650793650794
"1330",3,0,0.658730158730159
"1336",4,0,0.791666666666667
"1342",5,0,0.71031746031746
"1348",6,0,0.755952380952381
"1354",7,0,0.748015873015873
"1360",1,0,0.744047619047619
"1366",2,0,0.716269841269841
"1372",3,0,0.833333333333333
"1378",4,0,0.68452380952381
"1384",5,0,0.704365079365079
"1390",6,0,0.763888888888889
"1396",7,0,0.746031746031746
"1402",1,0,0.716269841269841
"1408",2,0,0.712301587301587
"1414",3,0,0.797619047619048
"1420",4,0,0.765873015873016
"1426",5,0,0.706349206349206
"1432",6,0,0.797619047619048
"1438",7,0,0.757936507936508
"1444",1,0,0.831349206349206
"1450",2,0,0.698412698412698
"1456",3,0,0.738095238095238
"1462",4,0,0.886904761904762
"1468",5,0,0.753968253968254
"1474",6,0,0.706349206349206
"1480",7,0,0.702380952380952
"1486",1,0,0.75
"1492",2,0,0.765873015873016
"1498",3,0,0.654761904761905
"1504",4,0,0.777777777777778
"1510",5,0,0.71031746031746
"1516",6,0,0.662698412698413
"1522",7,0,0.660714285714286
"1528",1,0,0.767857142857143
"1534",2,0,0.71031746031746
"1540",3,0,0.700396825396825
"1546",4,0,0.716269841269841
"1552",5,0,0.732142857142857
"1558",6,0,0.755952380952381
"1564",7,0,0.670634920634921
"1570",1,0,0.662698412698413
"1576",2,0,0.755952380952381
"1582",3,0,0.688492063492063
"1588",4,0,0.740079365079365
"1594",5,0,0.712301587301587
"1600",6,0,0.775793650793651
"1606",7,0,0.761904761904762
"1612",1,0,0.724206349206349
"1618",2,0,0.700396825396825
"1624",3,0,0.597222222222222
"1630",4,0,0.630952380952381
"1636",5,0,0.694444444444444
"1642",6,0,0.76984126984127
"1648",7,0,0.589285714285714
"1654",1,0,0.716269841269841
"1660",2,0,0.652777777777778
"1666",3,0,0.714285714285714
"1672",4,0,0.682539682539683
"1678",5,0,0.771825396825397
"1684",6,0,0.650793650793651
"1690",7,0,0.601190476190476
"1696",1,0,0.692460317460317
"1702",2,0,0.676587301587302
"1708",3,0,0.674603174603175
"1714",4,0,0.650793650793651
"1720",5,0,0.801587301587302
"1726",6,0,0.706349206349206
"1732",7,0,0.712301587301587
"1738",1,0,0.742063492063492
"1744",2,0,0.746031746031746
"1750",3,0,0.696428571428571
"1756",4,0,0.686507936507937
"1762",5,0,0.706349206349206
"1768",6,0,0.64484126984127
"1774",7,0,0.700396825396825
"1780",1,0,0.712301587301587
"1786",2,0,0.694444444444444
"1792",3,0,0.617063492063492
"1798",4,0,0.646825396825397
"1804",5,0,0.712301587301587
"1810",6,0,0.819444444444444
"1816",7,0,0.714285714285714
"1822",1,0,0.833333333333333
"1828",2,0,0.863095238095238
"1834",3,0,0.672619047619048
"1840",4,0,0.716269841269841
"1846",5,0,0.75
"1852",6,0,0.670634920634921
"1858",7,0,0.66468253968254
"1864",1,0,0.680555555555556
"1870",2,0,0.652777777777778
"1876",3,0,0.593253968253968
"1882",4,0,0.619047619047619
"1888",5,0,0.676587301587302
"1894",6,0,0.708333333333333
"1900",7,0,0.571428571428571
"1906",1,0,0.623015873015873
"1912",2,0,0.628968253968254
"1918",3,0,0.720238095238095
"1924",4,0,0.736111111111111
"1930",5,0,0.718253968253968
"1936",6,0,0.589285714285714
"1948",1,0,0.636904761904762
"1954",2,0,0.648809523809524
"1960",3,0,0.615079365079365
"1972",5,0,0.640873015873016
"1978",6,0,0.638888888888889
"1984",7,0,0.615079365079365
"1990",1,0,0.674603174603175
"1996",2,0,0.668650793650794
"2002",3,0,0.64484126984127
"2008",4,0,0.716269841269841
"2014",5,0,0.678571428571429
"2020",6,0,0.718253968253968
"2032",1,2,0.678571428571429
"2038",2,1.2,0.634920634920635
"2044",3,0,0.626984126984127
"2056",5,0,0.593253968253968
"2074",1,3.1,0.58531746031746
"2086",3,3.1,0.557539682539683
"2098",5,3.1,0.656746031746032
"2116",1,3.1,0.571428571428571
"2122",2,3.1,0.603174603174603
"2128",3,3.1,0.668650793650794
"2134",4,2,0.609126984126984
"2140",5,2,0.662698412698413
"2146",6,1.2,0.577380952380952
"2158",1,0,0.579365079365079
"2164",2,0,0.593253968253968
"2170",3,0,0.654761904761905
"2176",4,0,0.626984126984127
"2182",5,0,0.686507936507937
"2188",6,0,0.609126984126984
"10",1,0,0.567619047619048
"16",2,0,0.617142857142857
"22",3,0,0.544761904761905
"52",1,0,0.56952380952381
"58",2,0,0.685714285714286
"64",3,0,0.552380952380952
"76",5,0,0.681904761904762
"82",6,0,0.548571428571429
"88",7,0,0.537142857142857
"94",1,0,0.573333333333333
"100",2,0,0.619047619047619
"106",3,0,0.636190476190476
"112",4,0,0.660952380952381
"118",5,0,0.693333333333333
"124",6,0,0.64952380952381
"130",7,0,0.655238095238095
"136",1,0,0.691428571428571
"142",2,0,0.685714285714286
"148",3,0,0.664761904761905
"154",4,0,0.592380952380952
"160",5,0,0.653333333333333
"166",6,0,0.68952380952381
"172",7,0,0.586666666666667
"178",1,0,0.655238095238095
"184",2,0,0.624761904761905
"190",3,0,0.773333333333333
"196",4,0,0.571428571428571
"202",5,0,0.588571428571429
"208",6,0,0.552380952380952
"214",7,0,0.577142857142857
"220",1,0,0.708571428571429
"226",2,0,0.617142857142857
"244",5,0,0.664761904761905
"250",6,0,0.584761904761905
"256",7,0,0.571428571428571
"262",1,0,0.638095238095238
"268",2,0,0.651428571428571
"274",3,0,0.596190476190476
"280",4,0,0.552380952380952
"286",5,0,0.76
"292",6,0,0.64
"298",7,0,0.64
"304",1,0,0.64
"310",2,0,0.632380952380952
"316",3,0,0.615238095238095
"322",4,0,0.603809523809524
"328",5,0,0.596190476190476
"346",1,0,0.575238095238095
"352",2,0,0.571428571428571
"359",3,0,0.664761904761905
"365",4,0,0.540952380952381
"371",5,0,0.582857142857143
"377",6,0,0.548571428571429
"383",7,0,0.575238095238095
"389",1,0,0.628571428571429
"395",2,0,0.594285714285714
"401",3,0,0.584761904761905
"407",4,0,0.580952380952381
"413",5,0,0.588571428571429
"419",6,0,0.542857142857143
"443",3,3.1,0.579047619047619
"449",4,1.2,0.59047619047619
"455",5,1.2,0.613333333333333
"461",6,0,0.598095238095238
"473",1,0,0.611428571428571
"479",2,0,0.619047619047619
"485",3,0,0.630476190476191
"491",4,0,0.596190476190476
"497",5,0,0.712380952380952
"503",6,0,0.613333333333333
"509",7,0,0.64952380952381
"515",1,0,0.697142857142857
"521",2,0,0.607619047619048
"527",3,0,0.626666666666667
"533",4,0,0.615238095238095
"539",5,0,0.744761904761905
"545",6,0,0.723809523809524
"551",7,0,0.580952380952381
"557",1,0,0.620952380952381
"563",2,0,0.683809523809524
"569",3,0,0.603809523809524
"575",4,0,0.605714285714286
"581",5,0,0.619047619047619
"587",6,0,0.594285714285714
"593",7,0,0.697142857142857
"599",1,0,0.601904761904762
"605",2,0,0.67047619047619
"611",3,0,0.672380952380952
"617",4,0,0.615238095238095
"623",5,0,0.702857142857143
"629",6,0,0.704761904761905
"635",7,0,0.626666666666667
"641",1,0,0.643809523809524
"647",2,0,0.699047619047619
"653",3,0,0.71047619047619
"659",4,0,0.681904761904762
"665",5,0,0.72
"671",6,0,0.617142857142857
"677",7,0,0.647619047619048
"683",1,0,0.662857142857143
"689",2,0,0.718095238095238
"695",3,0,0.685714285714286
"701",4,0,0.647619047619048
"707",5,0,0.700952380952381
"719",7,0,0.6
"725",1,0,0.761904761904762
"731",2,0,0.56952380952381
"737",3,0,0.664761904761905
"743",4,0,0.638095238095238
"749",5,0,0.691428571428571
"755",6,0,0.634285714285714
"761",7,0,0.577142857142857
"767",1,0,0.607619047619048
"773",2,0,0.643809523809524
"779",3,0,0.615238095238095
"785",4,0,0.626666666666667
"791",5,0,0.79047619047619
"797",6,0,0.634285714285714
"803",7,0,0.668571428571429
"809",1,0,0.820952380952381
"815",2,0,0.647619047619048
"821",3,0,0.72952380952381
"827",4,0,0.67047619047619
"833",5,0,0.678095238095238
"839",6,0,0.580952380952381
"845",7,0,0.630476190476191
"851",1,0,0.718095238095238
"857",2,0,0.674285714285714
"863",3,0,0.681904761904762
"869",4,0,0.725714285714286
"875",5,0,0.672380952380952
"881",6,0,0.723809523809524
"887",7,0,0.643809523809524
"893",1,0,0.723809523809524
"899",2,0,0.739047619047619
"905",3,0,0.628571428571429
"911",4,0,0.817142857142857
"917",5,0,0.779047619047619
"923",6,0,0.727619047619048
"929",7,0,0.699047619047619
"935",1,0,0.67047619047619
"941",2,0,0.740952380952381
"947",3,0,0.716190476190476
"953",4,0,0.672380952380952
"959",5,0,0.742857142857143
"965",6,0,0.68
"971",7,0,0.68952380952381
"977",1,0,0.64952380952381
"983",2,0,0.742857142857143
"989",3,0,0.72952380952381
"995",4,0,0.752380952380952
"1001",5,0,0.712380952380952
"1007",6,0,0.674285714285714
"1013",7,0,0.697142857142857
"1019",1,0,0.678095238095238
"1025",2,0,0.712380952380952
"1031",3,0,0.72952380952381
"1037",4,0,0.727619047619048
"1043",5,0,0.634285714285714
"1049",6,0,0.702857142857143
"1055",7,0,0.68952380952381
"1061",1,0,0.68952380952381
"1067",2,0,0.746666666666667
"1073",3,0,0.695238095238095
"1079",4,0,0.681904761904762
"1085",5,0,0.685714285714286
"1091",6,0,0.80952380952381
"1097",7,0,0.683809523809524
"1103",1,0,0.826666666666667
"1109",2,0,0.740952380952381
"1115",3,0,0.824761904761905
"1121",4,0,0.653333333333333
"1127",5,0,0.683809523809524
"1133",6,0,0.693333333333333
"1139",7,0,0.740952380952381
"1145",1,0,0.697142857142857
"1151",2,0,0.681904761904762
"1157",3,0,0.60952380952381
"1163",4,0,0.693333333333333
"1169",5,0,0.731428571428571
"1175",6,0,0.782857142857143
"1181",7,0,0.68952380952381
"1187",1,0,0.796190476190476
"1193",2,0,0.702857142857143
"1199",3,0,0.704761904761905
"1205",4,0,0.67047619047619
"1211",5,0,0.666666666666667
"1217",6,0,0.681904761904762
"1223",7,0,0.739047619047619
"1229",1,0,0.700952380952381
"1235",2,0,0.725714285714286
"1241",3,0,0.657142857142857
"1247",4,0,0.681904761904762
"1253",5,0,0.737142857142857
"1259",6,0,0.678095238095238
"1265",7,0,0.708571428571429
"1271",1,0,0.761904761904762
"1283",3,0,0.695238095238095
"1289",4,0,0.84952380952381
"1295",5,0,0.887619047619048
"1301",6,0,0.84
"1307",7,0,0.773333333333333
"1313",1,0,0.723809523809524
"1319",2,0,0.706666666666667
"1325",3,0,0.725714285714286
"1331",4,0,0.67047619047619
"1337",5,0,0.651428571428571
"1343",6,0,0.72952380952381
"1349",7,0,0.655238095238095
"1355",1,0,0.699047619047619
"1361",2,0,0.708571428571429
"1367",3,0,0.697142857142857
"1373",4,0,0.687619047619048
"1379",5,0,0.769523809523809
"1385",6,0,0.767619047619048
"1391",7,0,0.672380952380952
"1397",1,0,0.662857142857143
"1403",2,0,0.740952380952381
"1409",3,0,0.691428571428571
"1415",4,0,0.71047619047619
"1421",5,0,0.622857142857143
"1427",6,0,0.647619047619048
"1433",7,0,0.598095238095238
"1439",1,0,0.6
"1445",2,0,0.676190476190476
"1451",3,0,0.699047619047619
"1457",4,0,0.615238095238095
"1463",5,0,0.765714285714286
"1469",6,0,0.67047619047619
"1475",7,0,0.657142857142857
"1481",1,0,0.662857142857143
"1487",2,0,0.622857142857143
"1493",3,0,0.548571428571429
"1499",4,0,0.666666666666667
"1505",5,0,0.613333333333333
"1511",6,0,0.60952380952381
"1517",7,0,0.643809523809524
"1523",1,0,0.64952380952381
"1529",2,0,0.651428571428571
"1535",3,0,0.626666666666667
"1541",4,0,0.632380952380952
"1547",5,0,0.725714285714286
"1553",6,0,0.697142857142857
"1559",7,0,0.683809523809524
"1565",1,0,0.699047619047619
"1571",2,0,0.651428571428571
"1577",3,0,0.761904761904762
"1583",4,0,0.647619047619048
"1589",5,0,0.712380952380952
"1595",6,0,0.733333333333333
"1601",7,0,0.662857142857143
"1607",1,0,0.733333333333333
"1613",2,0,0.695238095238095
"1619",3,0,0.659047619047619
"1625",4,0,0.666666666666667
"1631",5,0,0.687619047619048
"1637",6,0,0.603809523809524
"1643",7,0,0.727619047619048
"1649",1,0,0.6
"1655",2,0,0.619047619047619
"1661",3,0,0.624761904761905
"1667",4,0,0.592380952380952
"1673",5,0,0.624761904761905
"1679",6,0,0.603809523809524
"1685",7,0,0.617142857142857
"1691",1,0,0.693333333333333
"1697",2,0,0.620952380952381
"1703",3,0,0.582857142857143
"1709",4,0,0.634285714285714
"1715",5,0,0.676190476190476
"1721",6,0,0.554285714285714
"1727",7,0,0.563809523809524
"1733",1,0,0.67047619047619
"1739",2,0,0.632380952380952
"1745",3,0,0.676190476190476
"1751",4,0,0.683809523809524
"1757",5,0,0.706666666666667
"1763",6,0,0.672380952380952
"1769",7,0,0.628571428571429
"1775",1,0,0.666666666666667
"1781",2,0,0.651428571428571
"1787",3,0,0.64
"1793",4,0,0.68952380952381
"1799",5,0,0.752380952380952
"1805",6,0,0.56952380952381
"1811",7,0,0.632380952380952
"1817",1,0,0.634285714285714
"1823",2,0,0.695238095238095
"1829",3,0,0.727619047619048
"1835",4,0,0.638095238095238
"1841",5,0,0.674285714285714
"1847",6,0,0.678095238095238
"1853",7,0,0.632380952380952
"1859",1,0,0.630476190476191
"1865",2,0,0.588571428571429
"1871",3,0,0.695238095238095
"1877",4,0,0.582857142857143
"1883",5,0,0.624761904761905
"1889",6,0,0.607619047619048
"1895",7,0,0.573333333333333
"1901",1,0,0.636190476190476
"1907",2,0,0.643809523809524
"1913",3,0,0.636190476190476
"1919",4,0,0.601904761904762
"1925",5,0,0.681904761904762
"1931",6,0,0.611428571428571
"1937",7,0,0.601904761904762
"1943",1,0,0.653333333333333
"1949",2,0,0.651428571428571
"1955",3,0,0.561904761904762
"1967",5,0,0.605714285714286
"1973",6,0,0.660952380952381
"1979",7,0,0.592380952380952
"1985",1,0,0.662857142857143
"1991",2,0,0.691428571428571
"1997",3,0,0.664761904761905
"2003",4,0,0.662857142857143
"2009",5,0,0.792380952380952
"2015",6,0,0.659047619047619
"2021",7,0,0.596190476190476
"2027",1,0,0.71047619047619
"2033",2,0,0.674285714285714
"2039",3,0,0.615238095238095
"2051",5,0,0.643809523809524
"2057",6,1.2,0.605714285714286
"2063",7,0,0.556190476190476
"2069",1,0,0.697142857142857
"2075",2,1.2,0.603809523809524
"2081",3,0,0.586666666666667
"2087",4,0,0.622857142857143
"2093",5,0,0.643809523809524
"2099",6,0,0.714285714285714
"2105",7,0,0.622857142857143
"2111",1,0,0.607619047619048
"2117",2,0,0.704761904761905
"2123",3,0,0.681904761904762
"2129",4,0,0.636190476190476
"2135",5,0,0.678095238095238
"2141",6,0,0.634285714285714
"2171",4,2,0.539047619047619
"2183",6,2,0.558095238095238
"5",1,2,0.83960396039604
"53",2,1.2,0.633663366336634
"59",3,1.2,0.671287128712871
"65",4,0,0.611881188118812
"71",5,0,0.63960396039604
"101",3,1.2,0.607920792079208
"113",5,1.2,0.635643564356436
"119",6,0,0.651485148514852
"125",7,0,0.627722772277228
"131",1,0,0.665346534653465
"137",2,0,0.673267326732673
"149",4,0,0.657425742574257
"155",5,0,0.691089108910891
"161",6,0,0.621782178217822
"173",1,0,0.617821782178218
"179",2,0,0.588118811881188
"185",3,0,0.659405940594059
"191",4,0,0.736633663366337
"263",2,11,0.615841584158416
"269",3,5.9,0.588118811881188
"275",4,2,0.625742574257426
"281",5,1.2,0.621782178217822
"299",1,0,0.617821782178218
"305",2,0,0.598019801980198
"311",3,0,0.62970297029703
"317",4,0,0.675247524752475
"323",5,0,0.635643564356436
"329",6,0,0.594059405940594
"341",1,0,0.637623762376238
"347",2,0,0.645544554455446
"353",3,0,0.60990099009901
"360",4,0,0.702970297029703
"366",5,0,0.702970297029703
"384",1,0,0.643564356435644
"390",2,0,0.615841584158416
"396",3,0,0.615841584158416
"402",4,0,0.592079207920792
"408",5,0,0.732673267326733
"414",6,0,0.594059405940594
"426",1,0,0.601980198019802
"432",2,1.2,0.60990099009901
"438",3,0,0.598019801980198
"444",4,0,0.653465346534653
"450",5,0,0.64950495049505
"456",6,0,0.691089108910891
"462",7,0,0.627722772277228
"468",1,0,0.625742574257426
"474",2,0,0.633663366336634
"480",3,0,0.60990099009901
"486",4,0,0.641584158415842
"492",5,0,0.702970297029703
"504",7,0,0.611881188118812
"510",1,0,0.691089108910891
"516",2,0,0.64950495049505
"522",3,0,0.584158415841584
"534",5,0,0.647524752475248
"540",6,0,0.63960396039604
"546",7,0,0.673267326732673
"552",1,0,0.625742574257426
"558",2,0,0.584158415841584
"564",3,0,0.63960396039604
"570",4,0,0.651485148514852
"576",5,0,0.631683168316832
"582",6,0,0.6
"594",1,1.2,0.641584158415842
"600",2,0,0.659405940594059
"606",3,0,0.76039603960396
"612",4,0,0.702970297029703
"618",5,0,0.702970297029703
"624",6,0,0.586138613861386
"636",1,0,0.669306930693069
"642",2,0,0.671287128712871
"654",4,0,0.653465346534653
"660",5,0,0.702970297029703
"672",7,0,0.605940594059406
"678",1,0,0.63960396039604
"684",2,0,0.643564356435644
"690",3,0,0.695049504950495
"696",4,0,0.695049504950495
"702",5,0,0.720792079207921
"708",6,0,0.669306930693069
"714",7,0,0.637623762376238
"720",1,0,0.774257425742574
"732",3,0,0.738613861386139
"738",4,0,0.708910891089109
"744",5,0,0.772277227722772
"750",6,0,0.774257425742574
"756",7,0,0.631683168316832
"762",1,0,0.772277227722772
"768",2,0,0.728712871287129
"774",3,0,0.756435643564356
"780",4,0,0.712871287128713
"786",5,0,0.669306930693069
"792",6,0,0.588118811881188
"798",7,0,0.625742574257426
"804",1,0,0.798019801980198
"810",2,0,0.708910891089109
"816",3,0,0.702970297029703
"822",4,0,0.714851485148515
"828",5,0,0.695049504950495
"834",6,0,0.637623762376238
"840",7,0,0.697029702970297
"846",1,0,0.702970297029703
"852",2,0,0.774257425742574
"858",3,0,0.720792079207921
"864",4,0,0.805940594059406
"870",5,0,0.772277227722772
"876",6,0,0.851485148514851
"882",7,0,0.849504950495049
"888",1,0,0.823762376237624
"894",2,0,0.827722772277228
"900",3,0,0.792079207920792
"906",4,0,0.833663366336634
"918",6,0,0.736633663366337
"924",7,0,0.78019801980198
"930",1,0,0.730693069306931
"936",2,0,0.706930693069307
"942",3,0,0.752475247524752
"948",4,0,0.78019801980198
"954",5,0,0.693069306930693
"960",6,0,0.700990099009901
"966",7,0,0.64950495049505
"972",1,0,0.736633663366337
"978",2,0,0.772277227722772
"984",3,0,0.742574257425743
"990",4,0,0.661386138613861
"996",5,0,0.754455445544554
"1002",6,0,0.706930693069307
"1008",7,0,0.742574257425743
"1014",1,0,0.857425742574257
"1020",2,0,0.716831683168317
"1026",3,0,0.930693069306931
"1032",4,0,0.663366336633663
"1038",5,0,0.695049504950495
"1044",6,0,0.708910891089109
"1050",7,0,0.805940594059406
"1056",1,0,0.78019801980198
"1062",2,0,0.762376237623762
"1068",3,0,0.768316831683168
"1074",4,0,0.807920792079208
"1080",5,0,0.700990099009901
"1086",6,0,0.801980198019802
"1092",7,0,0.885148514851485
"1098",1,0,0.835643564356436
"1104",2,0,0.788118811881188
"1110",3,0,0.740594059405941
"1116",4,0,0.776237623762376
"1122",5,0,0.752475247524752
"1128",6,0,0.742574257425743
"1134",7,0,0.76039603960396
"1140",1,0,0.752475247524752
"1146",2,0,0.758415841584158
"1152",3,0,0.732673267326733
"1158",4,0,0.746534653465347
"1164",5,0,0.76039603960396
"1170",6,0,0.669306930693069
"1176",7,0,0.702970297029703
"1182",1,0,0.77029702970297
"1188",2,0,0.685148514851485
"1194",3,0,0.792079207920792
"1200",4,0,0.724752475247525
"1206",5,0,0.734653465346535
"1212",6,0,0.693069306930693
"1218",7,0,0.778217821782178
"1224",1,0,0.81980198019802
"1230",2,0,0.752475247524752
"1236",3,0,0.782178217821782
"1242",4,0,0.724752475247525
"1248",5,0,0.764356435643564
"1254",6,0,0.744554455445545
"1260",7,0,0.695049504950495
"1266",1,0,0.734653465346535
"1272",2,0,0.778217821782178
"1278",3,0,0.869306930693069
"1284",4,0,0.861386138613861
"1290",5,0,0.851485148514851
"1296",6,0,0.906930693069307
"1302",7,0,0.794059405940594
"1308",1,0,0.762376237623762
"1314",2,0,0.699009900990099
"1320",3,0,0.706930693069307
"1326",4,0,0.718811881188119
"1332",5,0,0.803960396039604
"1338",6,0,0.796039603960396
"1344",7,0,0.811881188118812
"1350",1,0,0.78019801980198
"1356",2,0,0.75049504950495
"1362",3,0,0.827722772277228
"1368",4,0,0.758415841584158
"1374",5,0,0.756435643564356
"1380",6,0,0.772277227722772
"1386",7,0,0.75049504950495
"1392",1,0,0.691089108910891
"1398",2,0,0.691089108910891
"1404",3,0,0.722772277227723
"1410",4,0,0.627722772277228
"1416",5,0,0.685148514851485
"1422",6,0,0.76039603960396
"1428",7,0,0.726732673267327
"1434",1,0,0.77029702970297
"1440",2,0,0.76039603960396
"1446",3,0,0.669306930693069
"1452",4,0,0.786138613861386
"1458",5,0,0.720792079207921
"1464",6,0,0.805940594059406
"1470",7,0,0.742574257425743
"1476",1,0,0.748514851485149
"1482",2,0,0.76039603960396
"1488",3,0,0.643564356435644
"1494",4,0,0.689108910891089
"1500",5,0,0.665346534653465
"1506",6,0,0.621782178217822
"1512",7,0,0.596039603960396
"1518",1,0,0.683168316831683
"1524",2,0,0.663366336633663
"1530",3,0,0.647524752475248
"1536",4,0,0.617821782178218
"1542",5,0,0.75049504950495
"1548",6,0,0.742574257425743
"1554",7,0,0.691089108910891
"1560",1,0,0.675247524752475
"1566",2,0,0.706930693069307
"1572",3,0,0.726732673267327
"1578",4,0,0.778217821782178
"1584",5,0,0.77029702970297
"1590",6,0,0.748514851485149
"1596",7,0,0.683168316831683
"1602",1,0,0.742574257425743
"1608",2,0,0.627722772277228
"1614",3,0,0.693069306930693
"1620",4,0,0.601980198019802
"1626",5,0,0.714851485148515
"1638",7,0,0.63960396039604
"1644",1,0,0.831683168316832
"1650",2,0,0.625742574257426
"1662",4,0,0.592079207920792
"1674",6,0,0.637623762376238
"1680",7,0,0.62970297029703
"1686",1,0,0.657425742574257
"1692",2,0,0.710891089108911
"1698",3,0,0.689108910891089
"1710",5,0,0.592079207920792
"1716",6,0,0.63960396039604
"1722",7,0,0.588118811881188
"1728",1,0,0.627722772277228
"1734",2,0,0.603960396039604
"1740",3,0,0.601980198019802
"1746",4,0,0.64950495049505
"1752",5,0,0.712871287128713
"1758",6,0,0.695049504950495
"1770",1,0,0.655445544554455
"1776",2,0,0.687128712871287
"1782",3,0,0.734653465346535
"1788",4,0,0.633663366336634
"1794",5,0,0.75049504950495
"1800",6,0,0.681188118811881
"1806",7,0,0.621782178217822
"1812",1,0,0.691089108910891
"1818",2,0,0.691089108910891
"1824",3,0,0.869306930693069
"1830",4,0,0.853465346534653
"1836",5,0,0.734653465346535
"1842",6,0,0.687128712871287
"1848",7,0,0.59009900990099
"1854",1,0,0.691089108910891
"1860",2,0,0.738613861386139
"1866",3,0,0.631683168316832
"1872",4,0,0.598019801980198
"1878",5,0,0.657425742574257
"1884",6,0,0.6
"1890",7,0,0.588118811881188
"1896",1,0,0.611881188118812
"1920",5,0,0.681188118811881
"1926",6,0,0.586138613861386
"1932",7,0,0.596039603960396
"1944",2,0,0.655445544554455
"1950",3,0,0.697029702970297
"1962",5,0,0.673267326732673
"1968",6,0,0.59009900990099
"1992",3,2,0.663366336633663
"1998",4,2,0.621782178217822
"2004",5,1.2,0.689108910891089
"2010",6,1.2,0.722772277227723
"2016",7,0,0.623762376237624
"2022",1,0,0.762376237623762
"2028",2,0,0.687128712871287
"2034",3,0,0.699009900990099
"2040",4,0,0.631683168316832
"2046",5,0,0.62970297029703
"2052",6,0,0.611881188118812
"2058",7,0,0.655445544554455
"2064",1,0,0.695049504950495
"2070",2,0,0.60990099009901
"2076",3,0,0.724752475247525
"2082",4,0,0.625742574257426
"2088",5,0,0.689108910891089
"2094",6,0,0.679207920792079
"2100",7,0,0.627722772277228
"2106",1,0,0.621782178217822
"2112",2,0,0.615841584158416
"2118",3,0,0.679207920792079
"2124",4,0,0.675247524752475
"2130",5,0,0.655445544554455
"2136",6,0,0.63960396039604
"2148",1,0,0.588118811881188
"2172",5,0,0.685148514851485
"2178",6,0,0.61980198019802
"2184",7,0,0.637623762376238
"2190",1,0,0.641584158415842
"12",3,0,0.630705394190871
"18",4,0,0.753112033195021
"24",5,0,0.70746887966805
"30",6,0,0.740663900414938
"42",1,0,0.639004149377593
"48",2,0,0.682572614107884
"60",4,0,0.657676348547718
"66",5,0,0.730290456431535
"90",2,3.1,0.657676348547718
"96",3,2,0.678423236514523
"108",5,1.2,0.678423236514523
"132",2,5.1,0.649377593360996
"192",5,7.1,0.773858921161826
"198",6,3.9,0.643153526970954
"210",1,0,0.705394190871369
"228",4,0,0.695020746887967
"240",6,0,0.690871369294606
"258",2,1.2,0.697095435684647
"264",3,1.2,0.639004149377593
"270",4,1.2,0.753112033195021
"276",5,0,0.70954356846473
"282",6,0,0.647302904564315
"312",4,1.2,0.711618257261411
"318",5,0,0.697095435684647
"342",2,0,0.628630705394191
"348",3,0,0.645228215767635
"361",5,0,0.705394190871369
"367",6,0,0.645228215767635
"403",5,0,0.670124481327801
"409",6,0,0.630705394190871
"421",1,0,0.678423236514523
"433",3,0,0.659751037344398
"439",4,0,0.676348547717842
"445",5,0,0.699170124481328
"451",6,0,0.659751037344398
"463",1,0,0.672199170124481
"475",3,0,0.653526970954357
"481",4,0,0.62655601659751
"487",5,0,0.678423236514523
"493",6,0,0.692946058091286
"511",2,0,0.684647302904564
"517",3,0,0.66804979253112
"523",4,0,0.672199170124481
"529",5,0,0.62448132780083
"535",6,0,0.645228215767635
"547",1,0,0.782157676348548
"559",3,0,0.634854771784232
"565",4,0,0.641078838174274
"571",5,0,0.684647302904564
"577",6,0,0.726141078838174
"583",7,0,0.699170124481328
"589",1,0,0.744813278008299
"595",2,0,0.649377593360996
"607",4,0,0.728215767634855
"613",5,0,0.699170124481328
"619",6,0,0.657676348547718
"631",1,1.2,0.686721991701245
"637",2,0,0.647302904564315
"643",3,0,0.692946058091286
"649",4,0,0.661825726141079
"661",6,0,0.70746887966805
"673",1,0,0.661825726141079
"679",2,0,0.697095435684647
"685",3,0,0.690871369294606
"691",4,0,0.721991701244813
"697",5,0,0.786307053941909
"715",1,0,0.701244813278008
"721",2,0,0.755186721991701
"727",3,0,0.807053941908714
"733",4,0,0.717842323651452
"739",5,0,0.75103734439834
"745",6,0,0.657676348547718
"751",7,0,0.738589211618257
"757",1,0,0.821576763485477
"763",2,0,0.692946058091286
"769",3,0,0.755186721991701
"775",4,0,0.721991701244813
"781",5,0,0.775933609958506
"787",6,0,0.661825726141079
"799",1,0,0.782157676348548
"805",2,0,0.773858921161826
"811",3,0,0.778008298755187
"817",4,0,0.75103734439834
"823",5,0,0.771784232365145
"829",6,0,0.775933609958506
"835",7,0,0.736514522821577
"841",1,0,0.804979253112033
"847",2,0,0.721991701244813
"853",3,0,0.740663900414938
"859",4,0,0.825726141078838
"865",5,0,0.838174273858921
"871",6,0,0.794605809128631
"877",7,0,0.767634854771784
"883",1,0,0.746887966804979
"889",2,0,0.763485477178423
"895",3,0,0.755186721991701
"901",4,0,0.697095435684647
"907",5,0,0.778008298755187
"913",6,0,0.771784232365145
"919",7,0,0.738589211618257
"925",1,0,0.697095435684647
"931",2,0,0.79045643153527
"937",3,0,0.755186721991701
"943",4,0,0.697095435684647
"949",5,0,0.83195020746888
"955",6,0,0.809128630705394
"961",7,0,0.763485477178423
"967",1,0,0.765560165975104
"973",2,0,0.796680497925311
"979",3,0,0.736514522821577
"985",4,0,0.676348547717842
"991",5,0,0.79253112033195
"997",6,0,0.740663900414938
"1003",7,0,0.670124481327801
"1009",1,0,0.755186721991701
"1015",2,0,0.705394190871369
"1021",3,0,0.761410788381743
"1027",4,0,0.70954356846473
"1033",5,0,0.765560165975104
"1039",6,0,0.79045643153527
"1045",7,0,0.738589211618257
"1051",1,0,0.794605809128631
"1057",2,0,0.807053941908714
"1063",3,0,0.809128630705394
"1069",4,0,0.784232365145228
"1075",5,0,0.798755186721992
"1081",6,0,0.83402489626556
"1087",7,0,0.713692946058091
"1093",1,0,0.919087136929461
"1099",2,0,0.715767634854772
"1105",3,0,0.753112033195021
"1111",4,0,0.728215767634855
"1117",5,0,0.877593360995851
"1123",6,0,0.821576763485477
"1129",7,0,0.744813278008299
"1135",1,0,0.854771784232365
"1141",2,0,0.724066390041494
"1147",3,0,0.807053941908714
"1153",4,0,0.786307053941909
"1159",5,0,0.769709543568465
"1165",6,0,0.83402489626556
"1171",7,0,0.732365145228216
"1177",1,0,0.771784232365145
"1183",2,0,0.744813278008299
"1189",3,0,0.757261410788382
"1195",4,0,0.860995850622407
"1201",5,0,0.786307053941909
"1207",6,0,0.765560165975104
"1213",7,0,0.757261410788382
"1219",1,0,0.744813278008299
"1225",2,0,0.796680497925311
"1231",3,0,0.736514522821577
"1237",4,0,0.786307053941909
"1243",5,0,0.798755186721992
"1249",6,0,0.765560165975104
"1255",7,0,0.769709543568465
"1261",1,0,0.798755186721992
"1267",2,0,0.778008298755187
"1273",3,0,0.70954356846473
"1279",4,0,0.883817427385892
"1285",5,0,0.983402489626556
"1291",6,0,0.842323651452282
"1297",7,0,0.813278008298755
"1303",1,0,0.769709543568465
"1309",2,0,0.746887966804979
"1315",3,0,0.75103734439834
"1321",4,0,0.79253112033195
"1327",5,0,0.757261410788382
"1333",6,0,0.734439834024896
"1339",7,0,0.794605809128631
"1345",1,0,0.703319502074689
"1351",2,0,0.761410788381743
"1357",3,0,0.74896265560166
"1363",4,0,0.742738589211618
"1369",5,0,0.711618257261411
"1375",6,0,0.738589211618257
"1381",7,0,0.755186721991701
"1387",1,0,0.811203319502075
"1393",2,0,0.686721991701245
"1399",3,0,0.697095435684647
"1405",4,0,0.699170124481328
"1411",5,0,0.713692946058091
"1417",6,0,0.759336099585062
"1423",7,0,0.699170124481328
"1429",1,0,0.724066390041494
"1435",2,0,0.701244813278008
"1441",3,0,0.70954356846473
"1447",4,0,0.838174273858921
"1453",5,0,0.680497925311203
"1459",6,0,0.701244813278008
"1465",7,0,0.817427385892116
"1471",1,0,0.782157676348548
"1477",2,0,0.636929460580913
"1483",3,0,0.674273858921162
"1489",4,0,0.649377593360996
"1495",5,0,0.728215767634855
"1501",6,0,0.730290456431535
"1507",7,0,0.744813278008299
"1513",1,0,0.742738589211618
"1519",2,0,0.701244813278008
"1525",3,0,0.746887966804979
"1531",4,0,0.825726141078838
"1537",5,0,0.757261410788382
"1543",6,0,0.757261410788382
"1549",7,0,0.780082987551867
"1555",1,0,0.817427385892116
"1561",2,0,0.755186721991701
"1567",3,0,0.66804979253112
"1573",4,0,0.819502074688797
"1579",5,0,0.788381742738589
"1585",6,0,0.740663900414938
"1591",7,0,0.641078838174274
"1597",1,0,0.717842323651452
"1603",2,0,0.721991701244813
"1609",3,0,0.670124481327801
"1615",4,0,0.66804979253112
"1621",5,0,0.630705394190871
"1627",6,0,0.649377593360996
"1633",7,0,0.676348547717842
"1639",1,0,0.736514522821577
"1645",2,0,0.87551867219917
"1651",3,0,0.70954356846473
"1657",4,0,0.711618257261411
"1663",5,0,0.682572614107884
"1669",6,0,0.70954356846473
"1675",7,0,0.647302904564315
"1681",1,0,0.692946058091286
"1687",2,0,0.726141078838174
"1693",3,0,0.728215767634855
"1699",4,0,0.639004149377593
"1705",5,0,0.680497925311203
"1711",6,0,0.711618257261411
"1717",7,0,0.628630705394191
"1723",1,0,0.699170124481328
"1729",2,0,0.736514522821577
"1735",3,0,0.75103734439834
"1741",4,0,0.672199170124481
"1747",5,0,0.672199170124481
"1753",6,0,0.655601659751037
"1759",7,0,0.690871369294606
"1765",1,0,0.699170124481328
"1771",2,0,0.636929460580913
"1777",3,0,0.688796680497925
"1783",4,0,0.717842323651452
"1789",5,0,0.695020746887967
"1801",7,0,0.657676348547718
"1807",1,0,0.690871369294606
"1813",2,0,0.655601659751037
"1831",5,2,0.798755186721992
"1837",6,0,0.670124481327801
"1843",7,0,0.742738589211618
"1849",1,0,0.62448132780083
"1855",2,0,0.647302904564315
"1861",3,0,0.62655601659751
"1867",4,0,0.639004149377593
"1873",5,0,0.649377593360996
"1879",6,0,0.647302904564315
"1915",5,1.2,0.717842323651452
"1921",6,1.2,0.636929460580913
"1927",7,0,0.688796680497925
"1933",1,0,0.676348547717842
"1939",2,0,0.738589211618257
"1945",3,0,0.730290456431535
"1951",4,0,0.680497925311203
"1957",5,0,0.66597510373444
"1963",6,0,0.672199170124481
"1969",7,0,0.701244813278008
"1975",1,0,0.680497925311203
"1981",2,0,0.695020746887967
"2005",6,0,0.622406639004149
"2011",7,0,0.686721991701245
"2017",1,0,0.661825726141079
"2023",2,0,0.632780082987552
"2029",3,0,0.70954356846473
"2035",4,0,0.670124481327801
"2041",5,0,0.692946058091286
"2047",6,0,0.630705394190871
"2053",7,0,0.622406639004149
"2059",1,0,0.639004149377593
"2065",2,0,0.663900414937759
"2077",4,0,0.641078838174274
"2083",5,0,0.757261410788382
"2089",6,0,0.670124481327801
"2095",7,0,0.678423236514523
"2107",2,0,0.653526970954357
"2125",5,0,0.643153526970954
"2131",6,0,0.663900414937759
"2143",1,0,0.713692946058091
"2167",5,0,0.690871369294606
"2179",7,0,0.701244813278008
"2185",1,0,0.628630705394191
