,day,temp,total_num_of_crimes
1751,4,61.1,0.683809524
923,6,75.2,0.727619048
1548,6,70.3,0.742574257
1350,1,77.9,0.78019802
1708,3,63.8,0.674603175
1803,3,53.8,0.555555556
1514,3,74.6,0.647266314
822,4,65.2,0.714851485
1510,5,75.2,0.71031746
1706,7,53.9,0.574955908
1306,6,76.6,0.751984127
1637,6,61.8,0.603809524
930,1,68,0.730693069
943,4,66.4,0.697095436
1383,3,73.9,0.618803419
1685,7,65.5,0.617142857
417,3,44.7,0.584615385
1153,4,78.7,0.786307054
1325,3,74.6,0.725714286
1877,4,39,0.582857143
1084,4,72.3,0.746031746
1512,7,65,0.596039604
2036,6,39,0.567901235
1799,5,45.3,0.752380952
1516,6,70.3,0.662698413
2070,2,30.5,0.60990099
407,4,39.3,0.580952381
981,6,69.7,0.646153846
1163,4,78.4,0.693333333
383,7,42.4,0.575238095
1142,4,71.3,0.698412698
1283,3,77.2,0.695238095
2171,4,7.2,0.539047619
823,5,57.5,0.771784232
880,5,76.1,0.714285714
993,1,76.4,0.564102564
110,1,34,0.570940171
1106,5,70.1,0.680776014
1342,5,81.5,0.71031746
462,7,40.8,0.627722772
91,4,26,0.557319224
891,5,75.7,0.682051282
591,4,54.6,0.553846154
45,5,41.9,0.704365079
815,2,76.9,0.647619048
1448,6,79.5,0.707231041
715,1,46.8,0.701244813
2184,7,27,0.637623762
1402,1,69.6,0.716269841
927,4,71,0.623931624
1520,4,56.6,0.624338624
410,1,45.7,0.705467372
169,3,8.3,0.603174603
1493,3,58.4,0.548571429
1547,5,74.9,0.725714286
1168,4,76.5,0.773809524
1359,6,78,0.617094017
1225,2,70.8,0.796680498
1686,1,70.9,0.657425743
587,6,51.2,0.594285714
1341,3,72.7,0.635897436
1460,1,78.8,0.814814815
2053,7,39.9,0.622406639
1745,3,60,0.676190476
1315,3,77.8,0.751037344
1561,2,70.3,0.755186722
1527,6,59.2,0.541880342
1098,1,77.2,0.835643564
1829,3,39.8,0.727619048
1792,3,48.3,0.617063492
1642,6,62.1,0.76984127
1951,4,47.8,0.680497925
973,2,69.9,0.796680498
1309,2,77.1,0.746887967
1540,3,71.6,0.700396825
1069,4,77.9,0.784232365
459,3,38.8,0.521367521
122,3,34.2,0.6
735,7,70.1,0.593162393
685,3,53.9,0.690871369
577,6,52.3,0.726141079
1231,3,71.7,0.736514523
2121,7,37.8,0.552136752
1553,6,77.8,0.697142857
250,6,42.7,0.584761905
1876,3,51.5,0.593253968
1307,7,71.9,0.773333333
1688,4,56.6,0.555555556
1495,5,68.4,0.728215768
479,2,43.3,0.619047619
49,4,11.4,0.509700176
303,6,51.2,0.567460317
1753,6,56.3,0.65560166
2038,2,34.2,0.634920635
235,7,15.7,0.522045855
1936,6,38.9,0.589285714
1663,5,54.1,0.682572614
1511,6,64.5,0.60952381
1703,3,59.5,0.582857143
271,6,15.2,0.479717813
779,3,55.4,0.615238095
1054,6,79.5,0.726190476
1588,4,75,0.740079365
1420,4,77.9,0.765873016
202,5,20.7,0.588571429
1112,6,72,0.705467372
870,5,78.5,0.772277228
501,3,40.7,0.553846154
1843,7,40.4,0.742738589
2010,6,38.5,0.722772277
2179,7,54.3,0.701244813
149,4,32.9,0.657425743
1925,5,39.5,0.681904762
1320,3,74.6,0.706930693
1523,1,64,0.64952381
1626,5,58.2,0.714851485
1774,7,58,0.700396825
1061,1,64.7,0.68952381
16,2,40.3,0.617142857
843,4,54.7,0.579487179
214,7,34,0.577142857
50,5,10.3,0.488888889
1032,4,66.5,0.663366337
651,7,57.5,0.562393162
583,7,59.4,0.699170124
1661,3,70.7,0.624761905
413,5,31.8,0.588571429
1944,2,32.3,0.655445545
2014,5,38.6,0.678571429
1798,4,49,0.646825397
629,6,70.3,0.704761905
1850,3,49.5,0.671957672
733,4,45.8,0.717842324
902,6,72.9,0.638447972
872,1,76.5,0.619047619
1559,7,78.4,0.683809524
1380,6,76.7,0.772277228
1222,6,86,0.748015873
997,6,67.4,0.7406639
184,2,38.2,0.624761905
236,1,29.3,0.488888889
1985,1,46.3,0.662857143
1845,3,60.3,0.673504274
556,7,43.1,0.615079365
1501,6,68.1,0.730290456
867,1,74.3,0.582905983
1432,6,75.9,0.797619048
1727,7,60.9,0.563809524
1502,1,70.6,0.555555556
1486,1,77.6,0.75
65,4,56.6,0.611881188
1721,6,64.6,0.554285714
1287,1,77.8,0.629059829
1116,4,80.3,0.776237624
747,2,56.1,0.558974359
309,7,41.5,0.589285714
1053,4,73.4,0.652991453
198,6,26.6,0.643153527
900,3,77.5,0.792079208
1677,3,62.3,0.586324786
901,4,66.9,0.697095436
490,3,45.7,0.652777778
1323,7,74.6,0.553846154
502,5,35.8,0.670634921
1921,6,34.7,0.636929461
1438,7,78.5,0.757936508
1712,1,62.9,0.590828924
682,7,59.6,0.662698413
1023,6,67.4,0.656410256
244,5,26.7,0.664761905
672,7,51,0.605940594
744,5,67.9,0.772277228
449,4,29.8,0.59047619
1618,2,62.4,0.700396825
2008,4,38.9,0.716269841
1740,3,47.6,0.601980198
356,6,26.3,0.582010582
76,5,22.9,0.681904762
2130,5,36.9,0.655445545
1010,3,79.7,0.664902998
564,3,32.8,0.63960396
1760,2,52.5,0.659611993
1732,7,69.4,0.712301587
263,2,24.5,0.615841584
1587,2,67.8,0.603418803
866,7,68,0.634920635
1543,6,68.4,0.757261411
695,3,71.3,0.685714286
1595,6,84.4,0.733333333
1984,7,39.4,0.615079365
1612,1,67.8,0.724206349
2033,2,41.3,0.674285714
1730,4,55.4,0.608465608
1497,1,83.6,0.647863248
2120,6,33,0.62962963
521,2,43.1,0.607619048
1303,1,80.1,0.769709544
2076,3,36,0.724752475
1489,4,64.8,0.649377593
1992,3,22.1,0.663366337
514,7,50.2,0.593253968
2075,2,25.2,0.603809524
903,7,48.7,0.524786325
1786,2,48.5,0.694444444
1170,6,78.3,0.669306931
1717,7,48.1,0.628630705
130,7,43.9,0.655238095
1339,7,75.7,0.794605809
520,1,46.2,0.783730159
1356,2,80.5,0.75049505
1719,3,54.4,0.641025641
1434,1,86.2,0.77029703
1107,6,72.2,0.705982906
1313,1,70.5,0.723809524
323,5,40.7,0.635643564
1286,7,76.8,0.731922399
974,4,69.6,0.694885362
1513,1,67.5,0.742738589
1291,6,76.5,0.842323651
948,4,73.8,0.78019802
2065,2,23.2,0.663900415
631,1,39.9,0.686721992
1650,2,64.1,0.625742574
558,2,40.2,0.584158416
1898,4,28.2,0.532627866
1817,1,45,0.634285714
1187,1,69.2,0.796190476
1507,7,66.1,0.744813278
1467,3,82.2,0.620512821
1848,7,49,0.59009901
1134,7,75.6,0.76039604
698,7,48.9,0.562610229
1734,2,44,0.603960396
694,2,54.5,0.636904762
1619,3,70.8,0.659047619
140,6,35.1,0.565811966
1946,5,22.9,0.610229277
2069,1,31.5,0.697142857
145,6,23.5,0.53968254
299,1,44.5,0.617821782
1699,4,62.9,0.639004149
1490,6,68.7,0.647266314
135,6,30,0.615079365
1083,2,70.7,0.576068376
418,5,44.1,0.648809524
1123,6,80.1,0.821576763
1997,3,44.3,0.664761905
846,1,54.8,0.702970297
812,5,42.9,0.712522046
555,5,52,0.593162393
935,1,71.3,0.67047619
633,4,54.8,0.572649573
772,1,57.2,0.746031746
1802,2,61.7,0.675485009
1284,4,77.7,0.861386139
970,6,85.2,0.777777778
1724,3,54.9,0.679012346
1769,7,66,0.628571429
804,1,63.8,0.798019802
2158,1,47.4,0.579365079
755,6,50.5,0.634285714
401,3,46.3,0.584761905
2000,7,48.8,0.650793651
2170,3,32.7,0.654761905
624,6,40.4,0.586138614
1201,5,86.5,0.786307054
433,3,47.1,0.659751037
1771,2,50.8,0.636929461
1099,2,84.9,0.715767635
622,4,50.2,0.692460317
1658,6,44.5,0.589065256
605,2,47.7,0.67047619
1629,2,67.6,0.576068376
936,2,67.2,0.706930693
825,1,74.6,0.634188034
178,1,24.1,0.655238095
1302,7,84.5,0.794059406
764,4,75.5,0.641975309
2067,5,49.1,0.564102564
1949,2,42.1,0.651428571
945,7,68.2,0.547008547
543,3,55.9,0.753846154
1731,5,51.1,0.523076923
565,4,46.7,0.641078838
1955,3,29.2,0.561904762
1456,3,74.6,0.738095238
313,6,29.9,0.507936508
509,7,53.1,0.64952381
530,7,38.7,0.624338624
346,1,42.8,0.575238095
1289,4,76.8,0.84952381
547,1,36.5,0.782157676
1772,4,50.3,0.596119929
2072,5,30.2,0.627865961
2134,4,35.6,0.609126984
978,2,70.6,0.772277228
2157,6,41.6,0.514529915
137,2,36,0.673267327
1209,2,77.1,0.639316239
1210,4,82.5,0.724206349
422,3,30.2,0.541446208
1029,7,76.8,0.632478632
584,2,49.6,0.654320988
289,2,32.2,0.527336861
1368,4,77.3,0.758415842
508,6,42.7,0.640873016
1834,3,64.6,0.672619048
2102,3,29.5,0.620811287
1733,1,52.3,0.67047619
1316,5,75.6,0.62962963
869,4,58.3,0.725714286
2002,3,42.1,0.64484127
995,4,77.2,0.752380952
247,2,5.4,0.476190476
1256,2,69.3,0.687830688
1312,7,75.6,0.773809524
1693,3,61.7,0.728215768
1318,1,78.6,0.744047619
481,4,40.4,0.626556017
1124,1,81.5,0.776014109
1852,6,56.1,0.670634921
1556,3,60.6,0.714285714
101,3,14.3,0.607920792
1905,6,42.3,0.555555556
1160,7,77.7,0.684303351
626,2,31.8,0.597883598
877,7,70.9,0.767634855
2094,6,38.5,0.679207921
1030,2,77.1,0.746031746
1429,1,72.2,0.72406639
2182,5,30.9,0.686507937
1526,5,53.3,0.647266314
2190,1,36.4,0.641584158
742,3,52.2,0.650793651
743,4,48.9,0.638095238
1143,5,71.5,0.579487179
1468,5,69.8,0.753968254
275,4,41.5,0.625742574
259,4,22.2,0.507936508
82,6,30.1,0.548571429
1591,7,73.2,0.641078838
614,7,61.3,0.590828924
1317,6,78.1,0.663247863
1094,3,69.2,0.705467372
1599,4,69.7,0.591452991
1136,3,73.4,0.774250441
562,1,40.4,0.623015873
1582,3,73.1,0.688492063
1530,3,68.5,0.647524752
153,2,33.5,0.591269841
2073,6,55.3,0.55042735
1805,6,38.7,0.56952381
1785,7,52.8,0.555555556
2096,2,44.3,0.529100529
183,7,44.6,0.613095238
2099,6,39.5,0.714285714
1093,1,79.2,0.919087137
1627,6,63.6,0.649377593
439,4,56.2,0.676348548
1091,6,76.3,0.80952381
1481,1,73.5,0.662857143
1151,2,78.2,0.681904762
863,3,57,0.681904762
532,3,51.4,0.71031746
1989,6,39,0.531623932
871,6,76.4,0.794605809
435,6,52.5,0.582905983
2116,1,2.2,0.571428571
1217,6,78,0.681904762
2174,1,29.7,0.569664903
1117,5,82.8,0.877593361
88,7,28.1,0.537142857
917,5,71.9,0.779047619
946,2,64,0.660714286
826,3,54.2,0.75
1050,7,73.7,0.805940594
2109,5,29.8,0.51965812
301,4,37,0.590828924
274,3,34.4,0.596190476
195,2,37.1,0.581349206
2064,1,24,0.695049505
1452,4,68.5,0.786138614
474,2,33.8,0.633663366
1358,5,66.9,0.703703704
71,5,24.3,0.63960396
714,7,44.5,0.637623762
581,5,43.8,0.619047619
736,2,55,0.700396825
678,1,51.9,0.63960396
199,1,11.4,0.557319224
1037,4,79.3,0.727619048
1409,3,69.5,0.691428571
609,7,58.8,0.611965812
1741,4,47,0.67219917
1630,4,62.7,0.630952381
1364,6,72.6,0.643738977
1941,5,38.2,0.576068376
2027,1,57.1,0.71047619
1871,3,37.8,0.695238095
525,7,34.9,0.478632479
787,6,48.1,0.661825726
387,5,14.7,0.558974359
805,2,55.7,0.773858921
154,4,34.3,0.592380952
1092,7,84.9,0.885148515
610,2,41.4,0.652777778
658,3,61.5,0.676587302
1105,3,77.3,0.753112033
1639,1,73.9,0.736514523
2037,7,38.7,0.538461538
206,3,25.4,0.48034188
688,1,72.6,0.71031746
1076,7,78.7,0.693121693
913,6,71.4,0.771784232
1262,3,70.1,0.627865961
1293,2,75,0.581196581
1294,4,83.5,0.765873016
1118,7,75.3,0.721340388
617,4,50.9,0.615238095
207,4,28.1,0.650793651
515,1,50,0.697142857
1636,5,63.3,0.694444444
1425,3,64.2,0.596581197
343,4,12,0.546737213
1387,1,77.8,0.81120332
1603,2,68.1,0.721991701
1906,1,49,0.623015873
686,5,57.9,0.701940035
220,1,37.3,0.708571429
1678,5,67,0.771825397
724,7,46.9,0.742063492
671,6,50.3,0.617142857
504,7,34.6,0.611881188
1391,7,77.2,0.672380952
1861,3,40.9,0.626556017
380,3,22.2,0.57319224
757,1,60.7,0.821576763
1862,5,41.1,0.668430335
1649,1,70.5,0.6
620,1,49.5,0.566137566
438,3,31.7,0.598019802
1066,1,81.9,0.746031746
282,6,22.2,0.647302905
1593,3,70.6,0.663247863
1367,3,77.1,0.697142857
1625,4,62.9,0.666666667
1585,6,76.6,0.7406639
125,7,41.8,0.627722772
1119,1,78.4,0.594871795
341,1,41.9,0.637623762
358,2,29.8,0.744047619
1062,2,74.9,0.762376238
1310,4,74.4,0.767195767
269,3,34,0.588118812
876,6,78.3,0.851485149
304,1,55.1,0.64
1239,7,77.4,0.682051282
657,1,50.8,0.61025641
1912,2,48.2,0.628968254
2082,4,34.3,0.625742574
1965,2,34.7,0.524786325
563,2,48.6,0.683809524
1366,2,76.4,0.716269841
164,3,28.7,0.502564103
1465,7,67.4,0.817427386
955,6,68.6,0.809128631
1127,5,81.5,0.683809524
2020,6,34.5,0.718253968
1077,1,70.6,0.617094017
1228,7,80.4,0.742063492
1759,7,56.7,0.690871369
1945,3,42.5,0.730290456
1854,1,48.3,0.691089109
545,6,44.2,0.723809524
1455,1,74.8,0.622222222
1386,7,76.5,0.75049505
1473,4,83.9,0.743589744
81,4,33.9,0.662698413
1322,6,75.3,0.687830688
1978,6,40,0.638888889
939,6,62.4,0.564102564
669,3,42.2,0.51965812
129,5,27.3,0.64484127
2141,6,32.8,0.634285714
1068,3,73.3,0.768316832
1889,6,30.1,0.607619048
1079,4,76.2,0.681904762
1600,6,70.8,0.775793651
311,3,32.8,0.62970297
1855,2,39.1,0.647302905
146,7,34.1,0.535042735
511,2,36.1,0.684647303
1615,4,66.8,0.668049793
1154,6,76.6,0.710758377
400,2,63.2,0.706349206
1229,1,71.5,0.700952381
463,1,36.1,0.67219917
1922,1,21.1,0.534391534
1377,2,75.8,0.678632479
664,4,62.8,0.642857143
284,2,18.2,0.509401709
255,5,21,0.573412698
1202,7,74.8,0.668430335
1199,3,80.5,0.704761905
1400,5,79.1,0.701940035
1681,1,60.1,0.692946058
281,5,36.2,0.621782178
240,6,13.5,0.690871369
1022,5,75.7,0.728395062
1148,5,73.5,0.761904762
60,4,19.4,0.657676349
600,2,37.1,0.659405941
148,3,38.9,0.664761905
436,1,46.3,0.66468254
1729,2,52.3,0.736514523
1920,5,34.2,0.681188119
1219,1,71.9,0.744813278
1213,7,75.7,0.757261411
1394,4,76.5,0.650793651
2172,5,43.2,0.685148515
187,6,26.8,0.677248677
1960,3,40.7,0.615079365
1653,6,52.9,0.598290598
567,7,56.3,0.538461538
2061,4,50,0.533333333
1735,3,49.5,0.751037344
1633,7,64.1,0.676348548
347,2,50.1,0.645544554
452,1,26.5,0.615520282
756,7,63.5,0.631683168
608,6,64.6,0.747795414
1531,4,74.2,0.825726141
2162,6,45.8,0.57319224
189,1,37.1,0.777777778
810,2,64,0.708910891
1844,2,56.1,0.636684303
1220,3,73.4,0.71957672
1828,2,67.1,0.863095238
1348,6,78.4,0.755952381
1988,5,25.2,0.499118166
1234,1,79.6,0.78968254
494,1,26.3,0.601410935
988,2,77.2,0.755952381
814,1,57.1,0.759920635
606,3,48.5,0.76039604
1662,4,66.2,0.592079208
864,4,71.8,0.805940594
1183,2,77.6,0.744813278
1450,2,78.9,0.698412698
295,3,38.2,0.596119929
932,4,64.9,0.698412698
488,7,27.3,0.537918871
1975,1,45.5,0.680497925
1174,5,72.6,0.734126984
1684,6,54.1,0.650793651
2136,6,31.3,0.63960396
1853,7,51.5,0.632380952
975,5,65.9,0.687179487
982,1,71.1,0.742063492
1268,4,73,0.69664903
119,6,39.7,0.651485149
915,2,58,0.608547009
1498,3,85.1,0.654761905
94,1,34.3,0.573333333
748,4,49.5,0.615079365
1233,6,80.8,0.64957265
706,4,47.7,0.712301587
1671,2,60.8,0.627350427
899,2,66,0.739047619
8,5,28.4,0.538461538
1087,7,78.4,0.713692946
1047,3,72.3,0.594871795
892,7,74.9,0.751984127
1557,4,75,0.593162393
1230,2,75.7,0.752475248
1631,5,64.3,0.687619048
1017,5,63.1,0.625641026
1331,4,75.6,0.67047619
1100,4,64.7,0.746031746
928,6,72.1,0.71031746
1102,7,70.4,0.75
2156,5,43.3,0.520282187
1082,1,80.4,0.682539683
1319,2,70.4,0.706666667
1739,2,57.4,0.632380952
1623,1,72.4,0.611965812
173,1,28.4,0.617821782
1081,6,80.4,0.834024896
1253,5,74.2,0.737142857
753,3,60.1,0.579487179
1138,6,74.5,0.674603175
495,2,32.4,0.548717949
1372,3,79.1,0.833333333
1517,7,62.5,0.643809524
310,2,59.7,0.632380952
353,3,51.8,0.60990099
1063,3,79.3,0.809128631
1747,5,49.2,0.67219917
729,6,64.9,0.521367521
1408,2,73.6,0.712301587
854,5,60.1,0.670194004
132,2,20.3,0.649377593
1189,3,81.6,0.757261411
594,1,34.5,0.641584158
552,1,33.1,0.625742574
1133,6,71.5,0.693333333
1453,5,70.8,0.680497925
1755,2,65,0.618803419
357,7,22,0.593162393
1666,3,72.2,0.714285714
569,3,44.9,0.603809524
1214,2,81.1,0.716049383
115,1,34,0.559082892
2187,4,28.5,0.51965812
367,6,30.8,0.645228216
1059,5,66.3,0.594871795
1544,1,58.4,0.636684303
1012,6,76.3,0.636904762
887,7,67,0.643809524
1197,7,82.1,0.608547009
398,6,32.9,0.566137566
957,2,72,0.637606838
616,3,44.7,0.658730159
897,6,66,0.565811966
1357,3,73.8,0.748962656
1304,3,72.9,0.670194004
454,4,50,0.64484127
795,3,49.6,0.591452991
489,1,31.4,0.487179487
992,7,75.1,0.728395062
1856,4,48.5,0.592592593
1330,3,83.1,0.658730159
775,4,63.2,0.721991701
1537,5,75.1,0.757261411
1240,2,80.9,0.888888889
1382,2,78.3,0.64021164
2079,7,59.7,0.502564103
1413,1,67.4,0.579487179
1086,6,87.3,0.801980198
920,2,76.5,0.770723104
1308,1,79.3,0.762376238
170,4,36.1,0.582905983
165,4,35.7,0.678571429
419,6,24,0.542857143
1762,5,49.5,0.706349206
750,6,70.7,0.774257426
2057,6,30,0.605714286
1428,7,83.5,0.726732673
679,2,59.1,0.697095436
710,2,56,0.684303351
55,5,31.7,0.50617284
956,1,65.9,0.701940035
1807,1,48.8,0.690871369
1180,6,69.3,0.744047619
1027,4,60.4,0.709543568
1421,5,64.4,0.622857143
991,5,66,0.79253112
1701,7,63.3,0.598290598
1846,5,54.9,0.75
570,4,32.3,0.651485149
2042,7,34.9,0.537918871
1657,4,63.1,0.711618257
141,7,29.1,0.623015873
75,3,9,0.621031746
612,4,59.5,0.702970297
1752,5,49.1,0.712871287
325,1,19.1,0.534391534
963,3,81.7,0.652991453
497,5,59.9,0.712380952
363,1,23.8,0.535042735
1031,3,68.5,0.72952381
1558,6,74.8,0.755952381
217,4,7.3,0.553791887
1868,6,45.1,0.58377425
907,5,71.4,0.778008299
580,4,41.3,0.748015873
841,1,54.1,0.804979253
1403,2,75.2,0.740952381
1503,2,80,0.567521368
766,7,57.2,0.68452381
1711,6,44.2,0.711618257
642,2,35,0.671287129
1241,3,76.6,0.657142857
1648,7,61.9,0.589285714
968,3,64.2,0.604938272
737,3,48.1,0.664761905
888,1,84.1,0.823762376
1567,3,72.6,0.668049793
798,7,54.4,0.625742574
816,3,62.6,0.702970297
1894,6,45.3,0.708333333
109,7,21.2,0.546737213
542,2,47.1,0.78659612
1779,6,63.8,0.577777778
1572,3,71.1,0.726732673
537,2,50.1,0.579487179
1890,7,33,0.588118812
1680,7,59.2,0.62970297
950,7,65.3,0.610229277
411,2,43.9,0.644444444
166,6,27.7,0.68952381
283,1,23.9,0.504409171
307,5,35,0.567901235
1440,2,83.1,0.76039604
1884,6,25.3,0.6
421,1,33.3,0.678423237
1097,7,75.4,0.683809524
2188,6,37.4,0.609126984
1766,3,50.4,0.590828924
1812,1,46.9,0.691089109
1720,5,53.9,0.801587302
1476,1,78.6,0.748514851
1349,7,69.3,0.655238095
1935,4,46,0.535042735
1150,1,81.3,0.628968254
1034,7,71.6,0.747795414
1328,7,75.4,0.71957672
1477,2,73.1,0.636929461
1750,3,62.3,0.696428571
2139,3,50.6,0.603418803
2035,4,36.8,0.670124481
1122,5,74.8,0.752475248
730,1,49.8,0.706349206
1841,5,45.9,0.674285714
2129,4,36.1,0.636190476
1120,3,79.1,0.702380952
637,2,57.8,0.647302905
1263,4,80,0.656410256
833,5,48.3,0.678095238
1426,5,74.2,0.706349206
641,1,59.7,0.643809524
727,3,52.9,0.807053942
559,3,47,0.634854772
376,5,31.9,0.632936508
1611,6,69.2,0.618803419
827,4,75.5,0.67047619
1149,6,73.7,0.618803419
291,4,32.5,0.607142857
1454,7,78.1,0.641975309
1200,4,76.7,0.724752475
1867,4,30.2,0.639004149
395,2,54.5,0.594285714
1340,2,67.8,0.596119929
791,5,59,0.79047619
675,4,44.5,0.629059829
1407,7,74.1,0.603418803
875,5,60.8,0.672380952
468,1,41.5,0.625742574
983,2,80.3,0.742857143
1930,5,62.8,0.718253968
2133,2,41.6,0.52991453
1324,2,79.9,0.668650794
1638,7,59.3,0.63960396
937,3,75.5,0.755186722
593,7,64.8,0.697142857
522,3,45.7,0.584158416
1336,4,84.6,0.791666667
1175,6,71,0.782857143
264,3,20.6,0.639004149
2003,4,47.3,0.662857143
966,7,65.5,0.64950495
1933,1,37.9,0.676348548
2095,7,24.8,0.678423237
448,3,54.7,0.648809524
1404,3,71.1,0.722772277
175,4,24,0.60670194
2088,5,40.6,0.689108911
1216,5,81.1,0.75
860,6,61.2,0.64021164
1464,6,76.9,0.805940594
1574,6,69.8,0.682539683
1347,4,75.6,0.666666667
1818,2,53.5,0.691089109
486,4,35.3,0.641584158
554,4,38.8,0.594356261
792,6,49.1,0.588118812
919,7,60.9,0.738589212
1831,5,33.1,0.798755187
653,3,64.5,0.71047619
1491,7,82.8,0.627350427
1568,5,65.4,0.710758377
308,6,23.4,0.512820513
765,5,73.9,0.652991453
1159,5,74.1,0.769709544
627,3,56,0.647863248
2052,6,24.5,0.611881188
399,7,37.1,0.488888889
2047,6,32,0.630705394
1948,1,32,0.636904762
1423,7,70,0.699170124
914,1,78.1,0.758377425
2111,1,43.7,0.607619048
885,4,72,0.675213675
1015,2,65.1,0.705394191
1443,6,70.8,0.611965812
1211,5,81.5,0.666666667
177,6,39.9,0.619047619
2090,1,47,0.596119929
503,6,43.7,0.613333333
882,7,83.4,0.84950495
485,3,32.3,0.63047619
960,6,66.5,0.700990099
857,2,60.9,0.674285714
1784,6,64.2,0.634920635
1236,3,79.1,0.782178218
1879,6,34.8,0.647302905
2001,1,42.1,0.569230769
663,2,47.6,0.547008547
1334,1,75.1,0.701940035
2107,2,26.6,0.653526971
1384,5,76.6,0.704365079
838,5,60.8,0.753968254
1475,7,68.4,0.657142857
1713,2,57.5,0.598290598
1859,1,41.7,0.63047619
1067,2,65.3,0.746666667
1565,1,69.2,0.699047619
1374,5,75.7,0.756435644
123,4,21.3,0.617063492
2105,7,38.8,0.622857143
280,4,35.1,0.552380952
1800,6,49.8,0.681188119
1586,1,57.5,0.686067019
1519,2,79.4,0.701244813
832,4,57.5,0.706349206
1728,1,44.5,0.627722772
759,4,71.2,0.61025641
1156,2,82.9,0.722222222
773,2,48.3,0.643809524
1645,2,79.7,0.875518672
158,2,29.3,0.586324786
480,3,34.3,0.60990099
1682,3,57.5,0.622574956
1280,6,73.6,0.777777778
1135,1,73.3,0.854771784
1132,5,78.6,0.726190476
654,4,41.1,0.653465347
1714,4,49.6,0.650793651
1837,6,39.5,0.670124481
1472,3,75.8,0.627865961
962,2,63.3,0.564373898
909,1,53.5,0.782905983
1260,7,72.4,0.695049505
1296,6,83.2,0.906930693
808,7,47.3,0.712301587
1809,4,42.2,0.533333333
368,1,8.5,0.509700176
1026,3,70.4,0.930693069
656,7,61.2,0.560846561
783,1,59.9,0.625641026
634,6,61,0.654761905
1395,5,71.7,0.71965812
1718,2,64.7,0.633156966
111,2,8.1,0.593253968
762,1,60.3,0.772277228
1327,5,73.8,0.757261411
1934,3,24.5,0.532627866
1634,2,56.9,0.661375661
949,5,67.3,0.831950207
366,5,37.4,0.702970297
1462,4,70.2,0.886904762
2056,5,23.8,0.593253968
1880,1,52.6,0.62962963
1057,2,74,0.807053942
1435,2,72.9,0.701244813
1338,6,78.4,0.796039604
1773,5,57.4,0.625641026
1838,1,53,0.668430335
1005,3,63.5,0.617094017
723,5,52.2,0.765811966
1532,6,49.8,0.566137566
1182,1,83,0.77029703
1267,2,73.3,0.778008299
646,1,68.2,0.676587302
348,3,26.3,0.645228216
1281,7,82.5,0.676923077
574,3,46.3,0.581349206
2132,1,36,0.536155203
998,1,80.1,0.758377425
1939,2,38.3,0.738589212
52,1,23.1,0.56952381
2131,6,39,0.663900415
2140,5,32.2,0.662698413
639,5,62.4,0.632478632
152,1,25.9,0.572649573
429,5,50.6,0.663247863
285,3,30.8,0.581349206
1424,2,77.1,0.705467372
181,5,24.9,0.589065256
1991,2,55.8,0.691428571
1545,2,73.7,0.683760684
1881,2,48.9,0.531623932
1577,3,76.7,0.761904762
1343,6,69.4,0.72952381
817,4,67,0.751037344
1436,4,72.4,0.670194004
473,1,47.9,0.611428571
1039,6,69.1,0.790456432
942,3,63.5,0.752475248
62,7,27.7,0.511111111
318,5,30.4,0.697095436
738,4,65.4,0.708910891
1620,4,59,0.601980198
1602,1,65.1,0.742574257
2018,3,32.4,0.627865961
2084,7,49.3,0.57319224
2041,5,39.2,0.692946058
405,1,40,0.6
681,5,47.5,0.67008547
1826,6,40,0.723104056
862,2,75.7,0.761904762
1919,4,36.2,0.601904762
2016,7,43.4,0.623762376
2004,5,36.2,0.689108911
1821,6,48.8,0.547008547
873,2,73.3,0.625641026
2032,1,33.4,0.678571429
1562,4,62.3,0.735449735
1610,5,69.1,0.723104056
1144,7,74.2,0.692460317
704,1,52.2,0.636684303
1125,2,69,0.594871795
1140,1,80.1,0.752475248
1943,1,39.2,0.653333333
1873,5,24.6,0.649377593
1768,6,48,0.64484127
496,4,38.7,0.656746032
526,2,45.9,0.726190476
384,1,37.9,0.643564356
2028,2,30.8,0.687128713
1940,4,24.6,0.552028219
1269,5,80.7,0.668376068
643,3,57.9,0.692946058
218,5,20.2,0.535042735
881,6,63.4,0.723809524
1964,1,44.1,0.532627866
1748,7,45.9,0.615520282
1042,4,72.3,0.734126984
2005,6,38.5,0.622406639
1700,6,51,0.636684303
2103,4,34.9,0.588034188
789,2,54.2,0.620512821
1351,2,76.1,0.761410788
1447,4,71.5,0.838174274
2034,3,28.3,0.699009901
1184,4,68.1,0.657848325
636,1,31.3,0.669306931
90,2,26.4,0.657676349
1832,7,40,0.615520282
2168,7,31.3,0.497354497
1266,1,72.5,0.734653465
1967,5,44.8,0.605714286
1103,1,75.2,0.826666667
719,7,45.2,0.6
276,5,23.7,0.709543568
482,6,41.9,0.617283951
163,2,-4.5,0.48324515
58,2,39.8,0.685714286
1285,5,74.2,0.98340249
390,2,36.1,0.615841584
455,5,39,0.613333333
1073,3,69.8,0.695238095
1689,5,62,0.6
326,2,13.9,0.557264957
328,5,40.8,0.596190476
506,3,26.7,0.608465608
807,5,67.6,0.707692308
456,6,36.7,0.691089109
809,1,64.9,0.820952381
1743,7,46.8,0.509401709
161,6,48.5,0.621782178
1146,2,82.2,0.758415842
388,7,40.8,0.573412698
895,3,60,0.755186722
1716,6,41.6,0.63960396
1074,4,76.1,0.807920792
1959,1,31,0.52991453
1370,7,71.7,0.633156966
849,5,60.5,0.673504274
492,5,36.7,0.702970297
1108,1,71.9,0.777777778
933,5,66.8,0.635897436
1569,6,66.8,0.622222222
1521,5,63.4,0.553846154
1314,2,76.5,0.699009901
1515,4,66.6,0.548717949
2097,3,45.1,0.564102564
780,4,66.1,0.712871287
1466,2,77,0.677248677
1872,4,35.9,0.598019802
1378,4,79.1,0.68452381
1822,1,50.4,0.833333333
782,7,71.2,0.652557319
905,3,64.8,0.628571429
386,4,23.1,0.53968254
1579,5,76,0.788381743
921,3,65.3,0.666666667
1860,2,48.3,0.738613861
66,5,26.7,0.730290456
1613,2,82,0.695238095
159,3,29.1,0.666666667
519,6,29.2,0.533333333
424,6,46.1,0.632936508
527,3,42.3,0.626666667
2106,1,35.6,0.621782178
1071,7,70,0.545299145
1411,5,70.6,0.713692946
483,7,34.8,0.538461538
80,3,13.5,0.543589744
699,1,49.1,0.6
1576,2,77.3,0.755952381
813,6,72.9,0.765811966
1500,5,68.9,0.665346535
1524,2,67.5,0.663366337
2024,4,31.5,0.592592593
2146,6,35.8,0.577380952
576,5,35.6,0.631683168
540,6,46,0.63960396
1244,7,79.2,0.735449735
1564,7,72,0.670634921
1996,2,51.5,0.668650794
408,5,30.1,0.732673267
1401,6,75.3,0.699145299
1566,2,75.3,0.706930693
1674,6,64.9,0.637623762
1539,1,67.4,0.6
1622,7,68.9,0.694885362
1016,4,68.3,0.724867725
1865,2,43.4,0.588571429
985,4,59,0.676348548
803,7,63.3,0.668571429
886,6,75.1,0.736111111
1616,6,69.6,0.742504409
112,4,35.6,0.660952381
1950,3,32.6,0.697029703
1709,4,58.1,0.634285714
1290,5,77.1,0.851485149
12,3,29.5,0.630705394
560,5,40.6,0.652557319
500,2,27.9,0.596119929
1911,7,54.1,0.555555556
432,2,31.8,0.60990099
1563,5,74.2,0.67008547
1927,7,34.2,0.68879668
1446,3,72.2,0.669306931
1139,7,74.7,0.740952381
1388,3,78.2,0.717813051
1910,6,27.3,0.624338624
1542,5,70.6,0.75049505
201,3,37.3,0.654761905
128,4,32.2,0.618803419
1075,5,78.5,0.798755187
155,5,43.4,0.691089109
1046,2,77.6,0.69664903
575,4,42.9,0.605714286
292,6,56.9,0.64
360,4,39.5,0.702970297
1089,3,62.6,0.733333333
984,3,75.1,0.742574257
2011,7,40.5,0.686721992
1192,1,78.8,0.732142857
260,5,14.5,0.483760684
712,5,46.7,0.654761905
996,5,76.6,0.754455446
342,2,21.5,0.628630705
1043,5,76.7,0.634285714
1021,3,67.4,0.761410788
491,4,37.8,0.596190476
10,1,36.1,0.567619048
2122,2,21,0.603174603
1550,2,57.9,0.617283951
1002,6,82.2,0.706930693
1957,5,37.2,0.665975104
1422,6,72.9,0.76039604
1288,3,81.8,0.763888889
1271,1,76.8,0.761904762
684,2,55.8,0.643564356
1787,3,44.8,0.64
1597,1,68.8,0.717842324
2007,2,43.5,0.608547009
1617,7,70.1,0.61025641
635,7,67.8,0.626666667
958,4,63.9,0.740079365
1232,5,68.3,0.765432099
2127,1,47.8,0.543589744
749,5,49,0.691428571
1173,3,68.2,0.632478632
103,6,15.5,0.552028219
2145,4,43.2,0.548717949
763,2,47.4,0.692946058
1258,5,75.3,0.724206349
539,5,39.6,0.744761905
1487,2,64.1,0.622857143
739,5,48.6,0.751037344
24,5,37.9,0.70746888
1052,3,70.8,0.671957672
878,2,76,0.631393298
1698,3,72.9,0.689108911
786,5,53.5,0.669306931
1282,2,79.2,0.76984127
1551,3,73.5,0.629059829
650,6,47.3,0.590828924
484,2,52.1,0.718253968
87,5,41.1,0.700396825
1326,4,78.5,0.718811881
1064,5,74,0.770723104
344,5,10,0.492307692
754,5,61.6,0.698412698
801,4,55.3,0.641025641
205,2,17.4,0.520282187
740,7,56.1,0.603174603
790,4,63.4,0.650793651
1995,7,36.8,0.487179487
691,4,57.7,0.721991701
2138,2,46.5,0.546737213
316,3,57.9,0.615238095
922,5,72.7,0.740079365
632,3,39.6,0.67372134
697,5,56.5,0.786307054
1332,5,77.8,0.803960396
692,6,51.9,0.62962963
1808,3,48.5,0.675485009
1273,3,70.3,0.709543568
1427,6,68.6,0.647619048
964,5,77.2,0.626984127
139,5,6,0.525573192
1363,4,71.5,0.742738589
2051,5,25.2,0.643809524
1977,4,55,0.499145299
475,3,42.5,0.653526971
535,6,40.2,0.645228216
314,7,24.3,0.471794872
375,3,26.6,0.499145299
1115,3,78.3,0.824761905
1578,4,78.1,0.778217822
2077,4,30.1,0.641078838
1204,3,80.7,0.779761905
2163,7,41.2,0.507692308
1874,7,43.2,0.523809524
1659,7,53.4,0.492307692
670,5,52.2,0.712301587
597,5,54.5,0.613675214
337,3,8.4,0.57319224
1254,6,71.9,0.744554455
1937,7,35,0.601904762
298,7,51.4,0.64
1458,5,72.4,0.720792079
2060,3,33.9,0.649029982
1589,5,85.2,0.712380952
1482,2,79.9,0.76039604
1469,6,64,0.67047619
1609,3,70.8,0.670124481
1665,1,58.4,0.622222222
623,5,55.4,0.702857143
404,7,28.9,0.507936508
160,5,29,0.653333333
1887,3,51.7,0.52991453
534,5,39.6,0.647524752
1442,5,77.7,0.731922399
1362,3,80.2,0.827722772
179,2,22.2,0.588118812
1235,2,73.1,0.725714286
1614,3,61.5,0.693069307
477,6,43,0.521367521
2098,5,14.4,0.656746032
1353,5,79.4,0.623931624
1242,4,77.5,0.724752475
1265,7,73.5,0.708571429
93,6,30.4,0.575396825
746,1,50.9,0.758377425
674,3,43,0.633156966
1833,1,60.3,0.687179487
442,2,52.1,0.726190476
708,6,43.9,0.669306931
986,6,68.6,0.691358025
1418,1,81.3,0.677248677
1224,1,73.6,0.81980198
645,6,62.3,0.576068376
1114,2,77.2,0.892857143
1194,3,72.6,0.792079208
673,1,68.4,0.661825726
972,1,64.1,0.736633663
444,4,39.9,0.653465347
976,7,72.8,0.740079365
1628,1,69.6,0.64021164
788,1,73.6,0.701940035
1654,1,63.7,0.716269841
1041,2,77.2,0.601709402
893,1,70.1,0.723809524
1604,4,66.8,0.634920635
1019,1,70.7,0.678095238
1346,3,69.9,0.733686067
223,5,3,0.569664903
1360,1,75.5,0.744047619
1008,7,86.3,0.742574257
929,7,81,0.699047619
811,3,63.6,0.778008299
2115,6,25.3,0.514529915
820,2,55.4,0.698412698
2023,2,33.5,0.632780083
1571,2,70.3,0.651428571
476,5,42.1,0.679012346
434,5,42.9,0.661375661
934,7,70.5,0.712301587
512,4,39.7,0.597883598
329,6,37.7,0.594059406
440,6,37,0.62962963
42,1,45.6,0.639004149
446,7,24.9,0.51675485
1238,6,75.5,0.680776014
98,6,36.8,0.591452991
1646,4,69.8,0.687830688
1736,5,56.4,0.710758377
133,4,4.4,0.541446208
1552,5,74.1,0.732142857
829,6,58,0.77593361
1397,1,79.5,0.662857143
2006,1,25.3,0.710758377
665,5,50.6,0.72
1635,3,59.2,0.572649573
1128,6,71.7,0.742574257
428,4,22.7,0.611992945
465,4,44.4,0.58974359
1757,5,64.7,0.706666667
689,2,66.4,0.718095238
1664,7,48,0.576719577
1226,4,67.7,0.742504409
690,3,49,0.695049505
1801,7,50.3,0.657676349
510,1,41.4,0.691089109
941,2,64.8,0.740952381
1178,3,64.4,0.761904762
1393,2,75.9,0.686721992
2081,3,27.9,0.586666667
1278,3,73.7,0.869306931
416,2,44,0.604938272
1463,5,64.5,0.765714286
79,2,31,0.578483245
700,3,46.4,0.648809524
741,1,67.8,0.625641026
414,6,33.4,0.594059406
1806,7,47.7,0.621782178
918,6,60.9,0.736633663
693,7,47.1,0.606837607
2085,1,56.5,0.593162393
2176,4,35,0.626984127
1702,2,66.5,0.676587302
1546,4,70.8,0.716269841
1847,6,46,0.678095238
279,2,29.2,0.569444444
824,7,58.1,0.721340388
647,2,58.1,0.699047619
615,1,63.3,0.625641026
2183,6,10.5,0.558095238
778,2,57.4,0.68452381
113,5,32.6,0.635643564
191,4,28.8,0.736633663
1506,6,67.1,0.621782178
578,1,46,0.643738977
1020,2,73.3,0.716831683
1445,2,70,0.676190476
592,6,31.1,0.597222222
720,1,57.9,0.774257426
1590,6,60.3,0.748514851
302,5,7,0.507692308
1164,5,82.1,0.76039604
242,2,28.4,0.524786325
1297,7,79.4,0.813278008
904,2,73.4,0.708333333
659,4,58.4,0.681904762
1484,5,81.1,0.687830688
1952,6,40,0.571428571
1169,5,72.2,0.731428571
2059,1,47.2,0.639004149
389,1,54.6,0.628571429
472,7,38.8,0.617063492
734,6,57,0.622574956
1221,4,77.7,0.676923077
21,1,28.5,0.615079365
1931,6,43.7,0.611428571
1758,6,47.4,0.695049505
1096,6,67.9,0.688492063
121,2,12.2,0.502645503
1292,1,77.5,0.693121693
874,4,73.2,0.732142857
2148,1,30.3,0.588118812
2029,3,37.6,0.709543568
2175,2,35.5,0.514529915
1045,7,74.2,0.738589212
1251,2,82.9,0.673504274
1369,5,73.2,0.711618257
1479,5,76.9,0.64957265
745,6,50.9,0.657676349
1085,5,73.7,0.685714286
1212,6,71.5,0.693069307
1246,3,81.5,0.722222222
1683,4,64.5,0.502564103
253,3,10.6,0.485008818
1354,7,78.4,0.748015873
1794,5,48.9,0.75049505
15,7,28.8,0.569444444
2125,5,31.3,0.643153527
1875,1,46.1,0.564102564
1255,7,81.5,0.769709544
589,1,62.7,0.744813278
1223,7,80.3,0.739047619
1907,2,40.8,0.643809524
441,7,47.6,0.632478632
890,4,65.3,0.608465608
831,2,51.4,0.61025641
760,6,65.1,0.682539683
668,2,53.3,0.634920635
1892,3,31.5,0.532627866
529,5,47.5,0.624481328
940,1,73,0.706349206
1161,1,78,0.687179487
1279,4,71,0.883817427
1299,3,75.6,0.618803419
1641,4,57.4,0.711111111
566,6,40,0.634920635
1412,7,78.3,0.634920635
2091,2,43.2,0.601709402
1375,6,74.7,0.738589212
618,5,45.8,0.702970297
561,6,42.9,0.582905983
116,2,36.6,0.608547009
1783,4,48.6,0.717842324
1121,4,82.2,0.653333333
1560,1,79.1,0.675247525
1480,7,72.2,0.702380952
396,3,31.7,0.615841584
640,7,64.7,0.64484127
1430,3,75.1,0.659611993
761,7,48,0.577142857
794,2,67.2,0.64021164
1778,5,59.1,0.693121693
1492,2,83.8,0.765873016
266,6,21.1,0.47008547
1725,4,57.3,0.67008547
677,7,54.9,0.647619048
865,5,64.5,0.838174274
1601,7,82.3,0.662857143
603,6,50.5,0.601709402
445,5,38.6,0.699170124
1208,1,77.9,0.668430335
513,5,30.8,0.601709402
2074,1,27,0.58531746
471,5,44,0.629059829
1840,4,57.8,0.716269841
1195,4,79.2,0.860995851
1381,7,75.1,0.755186722
1970,2,26.3,0.541446208
1660,2,66.7,0.652777778
1129,7,72,0.744813278
1301,6,67.7,0.84
1896,1,34.5,0.611881188
1554,7,74.9,0.691089109
1533,7,60.3,0.615384615
2031,6,36.3,0.541880342
1188,2,77,0.685148515
96,3,32.4,0.678423237
1111,4,78.8,0.728215768
652,2,55.9,0.66468254
1345,1,77.3,0.703319502
538,4,60.9,0.682539683
1416,5,69.2,0.685148515
1888,5,51.4,0.676587302
1014,1,86.7,0.857425743
524,6,35.5,0.643738977
1485,6,76.9,0.572649573
219,6,32.3,0.557539683
1410,4,70.9,0.627722772
226,2,46,0.617142857
1525,3,81.6,0.746887967
1205,4,77.3,0.67047619
22,3,19.1,0.544761905
994,3,80.6,0.738095238
322,4,51.6,0.603809524
1040,1,73.1,0.686067019
1171,7,80.2,0.732365145
127,3,6.9,0.522045855
1006,5,72.5,0.718253968
104,7,38.7,0.548717949
947,3,67,0.716190476
1811,7,40,0.632380952
517,3,42.8,0.668049793
2048,1,36.2,0.599647266
971,7,82.1,0.68952381
586,5,38.9,0.55952381
1522,7,66.8,0.660714286
1697,2,63.9,0.620952381
286,5,46.4,0.76
1529,2,67,0.651428571
758,3,63.8,0.656084656
711,3,52.3,0.615384615
828,5,58.4,0.695049505
911,4,67.1,0.817142857
884,3,66.1,0.634920635
1870,2,57.1,0.652777778
1155,7,75,0.622222222
1001,5,77.8,0.712380952
409,6,35,0.630705394
662,1,67.5,0.611992945
369,2,30.7,0.535042735
224,6,33.6,0.502564103
1431,4,65.5,0.630769231
925,1,58.9,0.697095436
1900,7,45.7,0.571428571
776,6,64.2,0.613756614
898,1,75.9,0.751984127
1687,2,59.8,0.726141079
1193,2,76,0.702857143
523,4,53.5,0.67219917
1055,7,65.4,0.68952381
836,2,73.3,0.633156966
1058,4,66.1,0.712522046
722,4,46.3,0.756613757
1749,1,57.7,0.652991453
30,6,39.8,0.7406639
1770,1,47.8,0.655445545
1109,2,74.5,0.740952381
676,6,49.4,0.630952381
136,1,40.7,0.691428571
355,1,42.1,0.619047619
312,4,31.9,0.711618257
1679,6,70.5,0.603809524
2123,3,35.1,0.681904762
1078,3,67.9,0.78968254
1669,6,56,0.709543568
1130,2,78.9,0.708994709
856,1,68.5,0.753968254
557,1,49.3,0.620952381
1851,4,65.6,0.634188034
585,3,47.2,0.603418803
821,3,78.9,0.72952381
906,4,77.7,0.833663366
1419,2,65.4,0.656410256
51,6,40.5,0.619047619
86,4,23.5,0.664957265
377,6,33.7,0.548571429
1756,4,57,0.686507937
910,3,69.9,0.882936508
797,6,63.2,0.634285714
339,5,32.7,0.674603175
851,1,59.1,0.718095238
595,2,60.9,0.649377593
1976,3,25.5,0.562610229
1541,4,67.9,0.632380952
1392,1,75.8,0.691089109
1583,4,84,0.647619048
732,3,77.2,0.738613861
1344,7,79.9,0.811881188
171,5,30.5,0.634920635
1791,1,52.2,0.651282051
97,5,18.3,0.636684303
546,7,33.8,0.673267327
680,4,50.5,0.617283951
649,4,58.6,0.661825726
1376,1,72.5,0.647266314
2178,6,29.5,0.61980198
196,4,22,0.571428571
1264,6,74.2,0.884920635
1157,3,77.3,0.60952381
1536,4,66.9,0.617821782
717,4,48,0.548717949
1459,6,68.3,0.701244813
1113,7,76,0.717948718
1365,7,80.7,0.71965812
596,4,57.6,0.682539683
1918,3,49.6,0.720238095
1373,4,78.3,0.687619048
1470,7,82.3,0.742574257
1190,5,72.1,0.71957672
1917,1,53.1,0.613675214
868,3,77.9,0.746031746
1899,5,43.3,0.502564103
176,5,29.7,0.582905983
1261,1,77.5,0.798755187
1694,5,52.2,0.624338624
331,2,19.3,0.546737213
721,2,46.1,0.755186722
371,5,27.8,0.582857143
352,2,52,0.571428571
1895,7,39,0.573333333
834,6,61.1,0.637623762
2126,7,35.1,0.523809524
1813,2,42.3,0.65560166
61,6,37.6,0.527336861
1962,5,40.8,0.673267327
784,3,60.4,0.759920635
2017,1,33.3,0.661825726
2039,3,31.7,0.615238095
2015,6,44.2,0.659047619
1882,4,51.3,0.619047619
1379,5,75.1,0.76952381
1003,7,59.9,0.670124481
270,4,36.8,0.753112033
108,5,31.5,0.678423237
1797,2,54.7,0.552136752
938,5,68.9,0.756613757
953,4,70.4,0.672380952
1337,5,74,0.651428571
361,5,28.6,0.705394191
1655,2,72.2,0.619047619
696,4,49.3,0.695049505
1186,7,73.9,0.676587302
1924,4,58.2,0.736111111
1592,2,61.8,0.689594356
850,7,67.2,0.668650794
979,3,69.5,0.736514523
1198,2,79.6,0.833333333
1573,4,74.3,0.819502075
959,5,75.6,0.742857143
406,3,62.1,0.654761905
1929,3,60.1,0.562393162
1176,7,81,0.702970297
2012,2,27.8,0.564373898
582,6,29.2,0.6
1172,2,64.8,0.712522046
1621,5,64.7,0.630705394
319,7,23.8,0.513227513
1166,1,74.4,0.684303351
2108,4,26.8,0.580246914
621,2,58.2,0.658119658
1916,7,30.2,0.552028219
1207,6,86,0.765560166
2114,5,31.2,0.67372134
1013,7,75.6,0.697142857
1869,7,44,0.54017094
1913,3,47.9,0.636190476
1095,4,62.8,0.6
1864,1,57.6,0.680555556
883,1,62.7,0.746887967
392,5,31.1,0.649029982
2128,3,28.1,0.668650794
718,6,46.6,0.571428571
1018,7,80.4,0.714285714
1355,1,74,0.699047619
1849,1,48.6,0.624481328
1647,5,56.6,0.632478632
1789,5,46.9,0.695020747
687,6,45.9,0.567521368
1141,2,76.8,0.72406639
2185,1,39,0.628630705
1126,4,78.4,0.738095238
1004,2,84.8,0.779541446
1399,3,74,0.697095436
1218,7,71.6,0.778217822
1696,1,59.8,0.692460317
18,4,30.8,0.753112033
1405,4,74.3,0.699170124
1790,7,55.5,0.626102293
1131,3,62.5,0.569230769
1272,2,74.3,0.778217822
321,2,37.9,0.597222222
770,5,72.5,0.740740741
573,1,55,0.560683761
830,1,62.7,0.693121693
1782,3,44.3,0.734653465
1990,1,46.3,0.674603175
1690,7,56.7,0.601190476
2058,7,25.1,0.655445545
2086,3,11.7,0.557539683
1033,5,63,0.765560166
1000,4,75.2,0.78968254
924,7,67.5,0.78019802
613,5,50.6,0.699170124
59,3,38.6,0.671287129
1471,1,71.3,0.782157676
317,4,34.6,0.675247525
1695,6,55.6,0.58974359
1878,5,35,0.657425743
1651,3,68.3,0.709543568
1398,2,73.1,0.691089109
208,6,24.1,0.552380952
1245,1,80.3,0.668376068
837,3,46.2,0.635897436
142,2,38.4,0.685714286
1250,1,68,0.733686067
261,6,11.5,0.589285714
1596,7,61.2,0.683168317
262,1,36.1,0.638095238
1478,4,77.6,0.613756614
1780,1,54.3,0.712301587
1781,2,47.8,0.651428571
1570,1,74.9,0.662698413
403,5,29.4,0.670124481
1754,1,55.5,0.659611993
1494,4,70.6,0.689108911
1652,5,61.9,0.590828924
478,1,40.1,0.638888889
1904,5,27.9,0.624338624
412,4,50.1,0.623015873
916,4,72.6,0.775793651
1765,1,58.3,0.699170124
1605,5,69.6,0.65982906
853,3,63.9,0.7406639
1673,5,65.2,0.624761905
1457,4,70.1,0.615238095
852,2,60,0.774257426
1206,5,75.7,0.734653465
131,1,48.9,0.665346535
1842,6,43,0.687128713
134,5,31.7,0.675213675
1598,3,65.5,0.717813051
845,7,62.1,0.63047619
1070,6,81.3,0.708994709
374,2,17,0.585537919
1185,5,80,0.630769231
781,5,50.1,0.77593361
861,7,68.8,0.555555556
190,3,35.9,0.773333333
896,5,67.4,0.675485009
768,2,69.8,0.728712871
1441,3,69.6,0.709543568
1011,4,74.5,0.661538462
1152,3,78.3,0.732673267
1056,1,70.1,0.78019802
1820,5,43,0.716049383
785,4,54.7,0.626666667
1179,4,69.4,0.531623932
599,1,68,0.601904762
1804,5,51.6,0.712301587
1499,4,60.6,0.666666667
423,4,44.9,0.623931624
1406,6,78.9,0.707231041
967,1,68.3,0.765560166
1203,1,77.6,0.697435897
213,5,30.5,0.609126984
1901,1,37.9,0.636190476
1580,7,65.4,0.680776014
2030,5,36.6,0.686067019
1371,1,81.2,0.629059829
1972,5,39,0.640873016
1196,6,73.1,0.677248677
381,4,15.2,0.500854701
1295,5,62.9,0.887619048
728,5,49.1,0.728395062
1439,1,70.6,0.6
844,6,64.5,0.746031746
840,7,51.5,0.697029703
1390,6,75.8,0.763888889
1744,2,74.3,0.746031746
1886,2,50.5,0.532627866
53,2,30.5,0.633663366
1329,1,77.8,0.639316239
1104,2,78.5,0.788118812
1080,5,83.5,0.700990099
493,6,37.9,0.692946058
464,3,43.9,0.682539683
1007,6,80.5,0.674285714
1488,3,83.1,0.643564356
965,6,76.1,0.68
1839,2,61,0.598290598
752,2,53.1,0.689594356
1796,1,64.2,0.626102293
64,3,33.9,0.552380952
1028,6,71.3,0.698412698
611,3,48.2,0.672380952
767,1,46.6,0.607619048
1672,4,67.8,0.682539683
607,4,45.6,0.728215768
571,5,45,0.684647303
1691,1,67.5,0.693333333
800,3,54.7,0.677248677
1726,6,61.4,0.706349206
774,3,71.1,0.756435644
533,4,44.1,0.615238095
644,5,49,0.661375661
590,3,49.6,0.666666667
1963,6,32.4,0.67219917
799,1,50.4,0.782157676
382,6,34.6,0.579365079
1723,1,46.5,0.699170124
365,4,32.4,0.540952381
118,5,38.7,0.693333333
980,5,66.6,0.793650794
1065,6,66.5,0.593162393
977,1,84.7,0.64952381
518,5,43.5,0.633156966
931,2,67,0.790456432
1009,1,59.8,0.755186722
1793,4,48.2,0.68952381
1496,7,69.3,0.670194004
1025,2,66.6,0.712380952
1742,6,50.3,0.670194004
894,2,77.7,0.827722772
1433,7,70.3,0.598095238
1737,6,44.8,0.536752137
544,5,45.1,0.797619048
952,3,61.5,0.694444444
548,3,41.8,0.668430335
707,5,49.6,0.700952381
265,5,20.4,0.587301587
1449,7,71,0.634188034
1973,6,48.8,0.660952381
1385,6,74.8,0.767619048
2112,2,30.5,0.615841584
2118,3,40.1,0.679207921
818,6,49.7,0.700176367
705,2,49.1,0.564102564
1915,5,28.5,0.717842324
1227,5,79.2,0.699145299
14,6,34.3,0.478632479
1415,4,67.7,0.71047619
1767,4,61.2,0.618803419
1575,7,62.4,0.608547009
683,1,57.7,0.662857143
1247,4,78.6,0.681904762
2055,3,48.2,0.517948718
1259,6,72.7,0.678095238
858,3,63.7,0.720792079
1581,1,64.5,0.582905983
661,6,50.6,0.70746888
1049,6,70,0.702857143
2078,6,41.5,0.641975309
1535,3,67.6,0.626666667
393,6,34.1,0.557264957
1257,3,83.3,0.601709402
889,2,65.7,0.763485477
73,1,42.4,0.659611993
1414,3,76.9,0.797619048
1060,7,82.8,0.678571429
516,2,49.9,0.64950495
1158,4,79.3,0.746534653
769,3,53.7,0.755186722
1777,3,49.2,0.68879668
954,5,65.6,0.693069307
1857,5,55.8,0.642735043
1215,3,75.9,0.652991453
568,2,36.1,0.654761905
549,4,60.6,0.615384615
1165,6,82.4,0.834024896
839,6,53.3,0.580952381
987,7,75.9,0.68034188
345,6,38.1,0.583333333
1926,6,34.8,0.586138614
859,4,72.1,0.825726141
1335,2,75,0.629059829
1643,7,61.5,0.727619048
2135,5,38.7,0.678095238
74,2,19.3,0.548717949
1969,7,39.4,0.701244813
1644,1,62.5,0.831683168
258,2,31.6,0.697095436
1051,1,73.2,0.794605809
969,4,72.1,0.694017094
1276,1,76.5,0.827380952
1994,6,40.9,0.574955908
185,3,35.8,0.659405941
92,5,29.3,0.581196581
124,6,49.6,0.64952381
751,7,58.8,0.738589212
1191,6,82.5,0.613675214
1249,6,80.2,0.765560166
2054,2,37.4,0.552028219
1389,4,67.2,0.635897436
2022,1,34.8,0.762376238
1474,6,70.2,0.706349206
1998,4,31,0.621782178
1555,1,72.2,0.817427386
100,2,36.7,0.619047619
2063,7,26.9,0.556190476
1667,4,65.9,0.592380952
1893,4,49.7,0.55042735
602,5,55.4,0.60670194
802,6,47.7,0.662698413
151,7,16.4,0.500881834
1167,2,78,0.58974359
731,2,46.1,0.56952381
1504,4,77.3,0.777777778
48,2,42.8,0.682572614
453,2,44.1,0.565811966
1715,5,62.1,0.676190476
1932,7,34.4,0.596039604
466,6,39.5,0.595238095
604,1,49.3,0.626984127
1836,5,45.2,0.734653465
855,6,65.7,0.647863248
1746,4,45.5,0.64950495
1036,3,73.3,0.755952381
1298,2,73.2,0.633156966
268,2,41.4,0.651428571
951,1,74.9,0.560683761
1827,7,54.7,0.709401709
85,3,20.3,0.619047619
1072,2,69.3,0.722222222
1830,4,50.7,0.853465347
1437,5,68.8,0.611965812
1835,4,47.6,0.638095238
660,5,46.8,0.702970297
1788,4,44.9,0.633663366
2164,2,29.9,0.593253968
1270,7,74.4,0.71031746
1417,6,69.4,0.7593361
1048,5,73.3,0.720238095
1971,3,44.7,0.500854701
1775,1,53.1,0.666666667
1722,7,47.9,0.588118812
1776,2,48.6,0.687128713
2009,5,42.2,0.792380952
5,1,-0.5,0.83960396
106,3,33.6,0.636190476
2117,2,44.2,0.704761905
2013,3,36.5,0.577777778
1181,7,73.1,0.68952381
13,5,7.2,0.48324515
1237,4,74.3,0.786307054
297,5,50.2,0.66468254
2019,4,34.2,0.574358974
1979,7,38.9,0.592380952
1518,1,66.6,0.683168317
1321,4,80.2,0.79253112
2087,4,25.2,0.622857143
402,4,28.8,0.592079208
2143,1,42.8,0.713692946
1147,3,85,0.807053942
1594,5,74,0.712301587
1110,3,83.9,0.740594059
2066,4,30.6,0.488536155
628,5,55.2,0.718253968
1243,5,76.7,0.798755187
460,5,42.9,0.700396825
1505,5,63.5,0.613333333
1815,5,46.9,0.622222222
1352,4,68.9,0.654320988
1549,7,71.6,0.780082988
1248,5,71.1,0.764356436
796,5,59.3,0.692460317
67,7,33.5,0.555555556
470,4,37.3,0.700176367
487,5,40.6,0.678423237
256,7,41.3,0.571428571
451,6,35.5,0.659751037
426,1,36.9,0.601980198
1162,3,79.1,0.656746032
926,3,67,0.647266314
638,4,50.7,0.767195767
2044,3,28.1,0.626984127
716,3,52,0.666666667
394,1,52.6,0.755952381
1676,2,57.2,0.627865961
1670,1,55,0.571428571
1538,7,56.1,0.610229277
990,4,72.9,0.661386139
192,5,9.2,0.773858921
619,6,44.3,0.657676349
349,5,13.7,0.553791887
351,7,52.2,0.571428571
2167,5,38.3,0.690871369
1584,5,78.4,0.77029703
961,7,69.7,0.763485477
1483,3,68.4,0.674273859
305,2,59.3,0.598019802
1814,4,45.3,0.661375661
1311,5,76.4,0.700854701
2124,4,45.4,0.675247525
228,4,35.9,0.695020747
701,4,54.6,0.647619048
989,3,77.7,0.72952381
1823,2,37.8,0.695238095
848,4,67.1,0.687830688
944,6,73.5,0.754850088
1705,5,60,0.680497925
1024,1,84.6,0.841269841
1508,2,73.1,0.633156966
2093,5,26.8,0.643809524
1707,1,68.2,0.582905983
1692,2,77.3,0.710891089
1858,7,58.3,0.66468254
806,4,47.6,0.597883598
1444,1,78.4,0.831349206
2049,2,41.9,0.576068376
2021,7,44.6,0.596190476
1044,6,68.3,0.708910891
842,3,77.4,0.643738977
1451,3,70.3,0.699047619
172,7,27.6,0.586666667
1038,5,63.2,0.695049505
1883,5,24.9,0.624761905
725,1,51.7,0.761904762
572,7,44.7,0.574955908
315,1,36.7,0.563492063
461,6,42.4,0.598095238
458,2,38.6,0.703703704
2025,5,38.3,0.558974359
551,7,50.3,0.580952381
1710,5,40.2,0.592079208
1528,1,70.7,0.767857143
1145,1,78.2,0.697142857
241,1,6.9,0.490299824
2043,1,37.2,0.591452991
1252,4,78.8,0.742063492
1624,3,57.3,0.597222222
1810,6,67.1,0.819444444
819,7,74.9,0.711111111
1361,2,76.5,0.708571429
702,5,51.9,0.720792079
