,day,prcp,total_num_of_crimes
597,5,0.82,0.613675214
608,6,0,0.747795414
1492,2,0,0.765873016
652,2,0,0.66468254
1504,4,0.21,0.777777778
1456,3,0.17,0.738095238
1178,3,0.05,0.761904762
1410,4,0,0.627722772
51,6,0.18,0.619047619
686,5,0.24,0.701940035
893,1,0.01,0.723809524
142,2,0,0.685714286
1620,4,0,0.601980198
903,7,0.77,0.524786325
1038,5,2.56,0.695049505
1241,3,0,0.657142857
1630,4,0.52,0.630952381
1736,5,0,0.710758377
1143,5,0,0.579487179
1925,5,0,0.681904762
673,1,0,0.661825726
1530,3,0,0.647524752
1289,4,0,0.84952381
1354,7,0.04,0.748015873
832,4,0,0.706349206
1345,1,0,0.703319502
108,5,0,0.678423237
1550,2,0,0.617283951
821,3,0,0.72952381
423,4,0,0.623931624
1207,6,0.01,0.765560166
489,1,0.07,0.487179487
1323,7,0,0.553846154
1900,7,0,0.571428571
1014,1,0,0.857425743
1104,2,0,0.788118812
1286,7,0,0.731922399
1702,2,0,0.676587302
2000,7,0,0.650793651
668,2,0.51,0.634920635
661,6,0,0.70746888
826,3,0.01,0.75
1427,6,0,0.647619048
1097,7,0,0.683809524
460,5,0,0.700396825
586,5,0.01,0.55952381
74,2,0.03,0.548717949
2061,4,0,0.533333333
461,6,0,0.598095238
480,3,0,0.60990099
950,7,0.33,0.610229277
1810,6,0,0.819444444
2184,7,0,0.637623762
981,6,0.09,0.646153846
1137,4,0.04,0.54017094
501,3,0.17,0.553846154
1969,7,0,0.701244813
730,1,0.38,0.706349206
1965,2,0,0.524786325
1168,4,0.35,0.773809524
954,5,0,0.693069307
1096,6,0,0.688492063
1388,3,0.13,0.717813051
2105,7,0,0.622857143
1958,7,0.01,0.599647266
1144,7,0,0.692460317
260,5,0,0.483760684
917,5,0,0.779047619
603,6,0,0.601709402
1773,5,0,0.625641026
1479,5,0,0.64957265
2019,4,0.1,0.574358974
1083,2,0.06,0.576068376
900,3,0,0.792079208
930,1,0,0.730693069
1913,3,0.05,0.636190476
1814,4,0,0.661375661
321,2,0,0.597222222
453,2,0,0.565811966
568,2,0,0.654761905
1036,3,0,0.755952381
1940,4,0,0.552028219
998,1,0,0.758377425
1662,4,0.06,0.592079208
1785,7,0.12,0.555555556
1549,7,0,0.780082988
62,7,0,0.511111111
1747,5,0,0.67219917
991,5,0.02,0.79253112
1155,7,0.09,0.622222222
738,4,0.45,0.708910891
2167,5,0,0.690871369
1878,5,0.04,0.657425743
1150,1,0,0.628968254
1095,4,0,0.6
145,6,0.01,0.53968254
529,5,0.01,0.624481328
1589,5,0,0.712380952
1822,1,0,0.833333333
575,4,1.35,0.605714286
2139,3,0.01,0.603418803
1368,4,0.13,0.758415842
2014,5,0.02,0.678571429
613,5,0.47,0.699170124
795,3,0,0.591452991
1813,2,0.11,0.65560166
1706,7,0,0.574955908
410,1,0,0.705467372
1548,6,0,0.742574257
159,3,0,0.666666667
1714,4,0.5,0.650793651
977,1,0,0.64952381
184,2,0.01,0.624761905
1002,6,0.63,0.706930693
1712,1,0.01,0.590828924
2038,2,0,0.634920635
396,3,0.04,0.615841584
1631,5,0,0.687619048
1836,5,0,0.734653465
1458,5,0,0.720792079
1661,3,0.12,0.624761905
1055,7,0,0.68952381
892,7,0,0.751984127
1861,3,0,0.626556017
1695,6,0,0.58974359
1713,2,0,0.598290598
1194,3,0,0.792079208
1828,2,0,0.863095238
657,1,0.42,0.61025641
328,5,0.22,0.596190476
1416,5,0,0.685148515
100,2,0.96,0.619047619
1099,2,0,0.715767635
1717,7,0,0.628630705
676,6,0,0.630952381
1313,1,0,0.723809524
697,5,0.06,0.786307054
929,7,0,0.699047619
537,2,0,0.579487179
1272,2,0,0.778217822
202,5,0,0.588571429
959,5,0.05,0.742857143
1159,5,0,0.769709544
253,3,0,0.485008818
497,5,0,0.712380952
1653,6,0.02,0.598290598
1935,4,0.12,0.535042735
952,3,0,0.694444444
1599,4,0,0.591452991
1446,3,0.84,0.669306931
536,1,0,0.590828924
1327,5,0,0.757261411
1133,6,0,0.693333333
763,2,0.41,0.692946058
173,1,0,0.617821782
866,7,0,0.634920635
1472,3,0,0.627865961
1584,5,0,0.77029703
1291,6,0,0.842323651
880,5,0,0.714285714
1403,2,0.69,0.740952381
104,7,0,0.548717949
1915,5,0,0.717842324
1761,3,0.09,0.658119658
985,4,0.72,0.676348548
1473,4,0,0.743589744
841,1,0.29,0.804979253
1409,3,0.05,0.691428571
728,5,0.08,0.728395062
1733,1,0.31,0.67047619
1734,2,0.08,0.603960396
166,6,0,0.68952381
925,1,0,0.697095436
1043,5,0.02,0.634285714
1153,4,0,0.786307054
1579,5,0.01,0.788381743
1332,5,0.07,0.803960396
1481,1,0,0.662857143
1101,5,0,0.656410256
1358,5,0,0.703703704
1491,7,0.02,0.627350427
484,2,0,0.718253968
980,5,0.01,0.793650794
1647,5,0,0.632478632
1171,7,0.14,0.732365145
1657,4,0.59,0.711618257
1495,5,0,0.728215768
1353,5,0,0.623931624
761,7,0,0.577142857
511,2,0,0.684647303
825,1,0,0.634188034
692,6,0.01,0.62962963
1497,1,0,0.647863248
1682,3,0,0.622574956
967,1,0.03,0.765560166
2034,3,0,0.699009901
1485,6,0,0.572649573
358,2,0.05,0.744047619
2059,1,0.01,0.639004149
1771,2,0.08,0.636929461
784,3,0.35,0.759920635
1675,7,0.28,0.647302905
392,5,0,0.649029982
702,5,0,0.720792079
1290,5,0,0.851485149
1641,4,0,0.711111111
1572,3,0,0.726732673
1053,4,0,0.652991453
1322,6,0,0.687830688
765,5,0,0.652991453
1482,2,0.44,0.76039604
1118,7,0.01,0.721340388
1697,2,0,0.620952381
1301,6,0.01,0.84
1160,7,3.31,0.684303351
1899,5,0.01,0.502564103
1512,7,0,0.596039604
476,5,0,0.679012346
1037,4,0,0.727619048
1148,5,0,0.761904762
1597,1,0.5,0.717842324
495,2,0.08,0.548717949
563,2,0.24,0.683809524
781,5,0,0.77593361
1285,5,0,0.98340249
357,7,0,0.593162393
189,1,0.02,0.777777778
1256,2,0,0.687830688
1041,2,0.04,0.601709402
1841,5,0.07,0.674285714
766,7,0,0.68452381
785,4,0.82,0.626666667
1226,4,0,0.742504409
1258,5,0.15,0.724206349
1278,3,0.01,0.869306931
1927,7,0,0.68879668
507,4,0.13,0.555555556
2124,4,0,0.675247525
1608,2,0.52,0.627722772
1762,5,0,0.706349206
782,7,0,0.652557319
2060,3,0.02,0.649029982
1750,3,0,0.696428571
1763,6,0,0.672380952
569,3,0.12,0.603809524
1318,1,0,0.744047619
255,5,0,0.573412698
1509,3,1.01,0.557264957
1453,5,0,0.680497925
723,5,0,0.765811966
2052,6,0,0.611881188
865,5,0.06,0.838174274
1895,7,0.01,0.573333333
1693,3,0,0.728215768
1617,7,0,0.61025641
2083,5,0,0.757261411
707,5,0.11,0.700952381
8,5,0,0.538461538
940,1,0.18,0.706349206
472,7,0,0.617063492
1759,7,0,0.690871369
853,3,0.79,0.7406639
2022,1,0.04,0.762376238
1218,7,0.06,0.778217822
1621,5,0,0.630705394
1371,1,0,0.629059829
1742,6,0.01,0.670194004
986,6,0,0.691358025
877,7,0,0.767634855
395,2,0.31,0.594285714
270,4,0,0.753112033
1239,7,0,0.682051282
190,3,0,0.773333333
1652,5,0.72,0.590828924
1883,5,0,0.624761905
1751,4,0,0.683809524
2041,5,0,0.692946058
214,7,0,0.577142857
1276,1,0,0.827380952
1367,3,0,0.697142857
1242,4,0,0.724752475
2133,2,0.3,0.52991453
691,4,0,0.721991701
1694,5,0,0.624338624
1760,2,0,0.659611993
1745,3,0,0.676190476
1281,7,0,0.676923077
735,7,0,0.593162393
2084,7,0,0.57319224
1268,4,0,0.69664903
644,5,0,0.661375661
619,6,0.13,0.657676349
517,3,0,0.668049793
1315,3,0,0.751037344
82,6,0,0.548571429
1031,3,0.01,0.72952381
2055,3,0,0.517948718
540,6,0,0.63960396
817,4,0,0.751037344
199,1,0,0.557319224
187,6,0.07,0.677248677
2185,1,0.85,0.628630705
578,1,0,0.643738977
2188,6,0,0.609126984
1624,3,0.01,0.597222222
852,2,1.24,0.774257426
1464,6,1.07,0.805940594
128,4,0,0.618803419
1246,3,0,0.722222222
914,1,0,0.758377425
1595,6,0,0.733333333
1649,1,0,0.6
879,3,0.42,0.627350427
289,2,0.38,0.527336861
1930,5,0,0.718253968
322,4,0,0.603809524
419,6,0,0.542857143
1045,7,0.12,0.738589212
58,2,0,0.685714286
1420,4,0.36,0.765873016
643,3,0,0.692946058
535,6,0.61,0.645228216
106,3,0.43,0.636190476
1230,2,0,0.752475248
2175,2,1.82,0.514529915
473,1,0.43,0.611428571
2028,2,0,0.687128713
183,7,0,0.613095238
282,6,0,0.647302905
1370,7,0,0.633156966
1147,3,0,0.807053942
1269,5,0,0.668376068
226,2,0.32,0.617142857
2065,2,0.01,0.663900415
1527,6,0.24,0.541880342
834,6,0.03,0.637623762
875,5,0,0.672380952
1005,3,0,0.617094017
1803,3,0.48,0.555555556
1744,2,0,0.746031746
1739,2,0,0.632380952
1981,2,0,0.695020747
1502,1,0,0.555555556
1021,3,0,0.761410788
847,2,0.05,0.721991701
386,4,0.02,0.53968254
449,4,0,0.59047619
1211,5,0.65,0.666666667
1035,1,0,0.646153846
346,1,0,0.575238095
191,4,0,0.736633663
2163,7,0.39,0.507692308
1029,7,0.22,0.632478632
1528,1,0,0.767857143
969,4,0.01,0.694017094
195,2,0,0.581349206
843,4,0.02,0.579487179
1434,1,0,0.77029703
746,1,0.01,0.758377425
1112,6,0,0.705467372
175,4,0,0.60670194
400,2,0,0.706349206
1545,2,0,0.683760684
2066,4,0,0.488536155
15,7,0,0.569444444
812,5,0.08,0.712522046
799,1,0.08,0.782157676
75,3,0,0.621031746
1328,7,0,0.71957672
1000,4,0.1,0.78968254
955,6,0,0.809128631
638,4,0,0.767195767
1851,4,0,0.634188034
604,1,0.12,0.626984127
1933,1,0,0.676348548
1997,3,0,0.664761905
382,6,0.03,0.579365079
1017,5,0.48,0.625641026
2098,5,0,0.656746032
1103,1,0,0.826666667
1665,1,0,0.622222222
1800,6,0,0.681188119
858,3,0.05,0.720792079
1408,2,0,0.712301587
685,3,0,0.690871369
2007,2,0.3,0.608547009
1618,2,0.02,0.700396825
1102,7,0,0.75
1586,1,0,0.686067019
1298,2,1.89,0.633156966
2067,5,0,0.564102564
1287,1,1.06,0.629059829
828,5,0,0.695049505
2171,4,0,0.539047619
1190,5,0,0.71957672
780,4,0.21,0.712871287
1205,4,0.64,0.67047619
155,5,0,0.691089109
1314,2,0.06,0.699009901
839,6,0.25,0.580952381
1342,5,0,0.71031746
2033,2,0.01,0.674285714
744,5,0.19,0.772277228
927,4,0,0.623931624
1440,2,0,0.76039604
884,3,1.18,0.634920635
1164,5,0,0.76039604
1457,4,0,0.615238095
819,7,0,0.711111111
534,5,0,0.647524752
605,2,0.52,0.67047619
1684,6,0,0.650793651
1838,1,0,0.668430335
1664,7,0.05,0.576719577
61,6,0.93,0.527336861
1532,6,0.1,0.566137566
1024,1,0,0.841269841
1270,7,0,0.71031746
678,1,0,0.63960396
369,2,0.04,0.535042735
345,6,0,0.583333333
750,6,0,0.774257426
298,7,0,0.64
1308,1,0.07,0.762376238
2011,7,0.16,0.686721992
1928,2,0,0.552028219
1247,4,0.07,0.681904762
2009,5,0,0.792380952
768,2,0,0.728712871
2056,5,0,0.593253968
2076,3,0,0.724752475
1019,1,0,0.678095238
59,3,0,0.671287129
96,3,0,0.678423237
2094,6,0.14,0.679207921
1674,6,1.26,0.637623762
949,5,0,0.831950207
1877,4,0,0.582857143
1124,1,0.48,0.776014109
1163,4,0.7,0.693333333
2187,4,0,0.51965812
412,4,0,0.623015873
264,3,0.01,0.639004149
468,1,0,0.625742574
1044,6,0.73,0.708910891
975,5,0.28,0.687179487
1582,3,0,0.688492063
1601,7,0,0.662857143
562,1,0,0.623015873
1671,2,0,0.627350427
997,6,0.04,0.7406639
891,5,0,0.682051282
1432,6,0.65,0.797619048
1235,2,0,0.725714286
700,3,0,0.648809524
1474,6,0,0.706349206
850,7,0,0.668650794
1490,6,0.43,0.647266314
341,1,0.03,0.637623762
2095,7,0,0.678423237
118,5,0.86,0.693333333
1206,5,0.01,0.734653465
310,2,0.08,0.632380952
609,7,0,0.611965812
1192,1,0.78,0.732142857
1093,1,0.26,0.919087137
948,4,0.04,0.78019802
471,5,0,0.629059829
677,7,0,0.647619048
30,6,0,0.7406639
1731,5,0,0.523076923
904,2,0,0.708333333
1312,7,0,0.773809524
543,3,0,0.753846154
1824,3,0.81,0.869306931
1419,2,0,0.656410256
2005,6,0.02,0.622406639
1062,2,0,0.762376238
323,5,0.14,0.635643564
1613,2,0,0.695238095
974,4,0.03,0.694885362
1917,1,0,0.613675214
141,7,0,0.623015873
1769,7,0,0.628571429
2146,6,0.05,0.577380952
1334,1,1.16,0.701940035
1059,5,0.02,0.594871795
2131,6,0,0.663900415
1954,2,0,0.648809524
110,1,0,0.570940171
1121,4,0,0.653333333
1338,6,0,0.796039604
1392,1,0,0.691089109
1450,2,0,0.698412698
1079,4,0.24,0.681904762
1046,2,0.13,0.69664903
1964,1,0.72,0.532627866
855,6,0,0.647863248
1238,6,0,0.680776014
2136,6,0.04,0.63960396
1177,1,0,0.771784232
924,7,0.54,0.78019802
1594,5,0,0.712301587
1562,4,0,0.735449735
1625,4,0,0.666666667
1581,1,0,0.582905983
2128,3,0,0.668650794
71,5,0.14,0.63960396
393,6,0,0.557264957
417,3,0,0.584615385
1503,2,0,0.567521368
1757,5,0,0.706666667
1060,7,0,0.678571429
1049,6,0.01,0.702857143
876,6,0.13,0.851485149
791,5,0,0.79047619
1066,1,0.2,0.746031746
1565,1,0,0.699047619
1765,1,0,0.699170124
53,2,0,0.633663366
1865,2,0,0.588571429
404,7,0.01,0.507936508
85,3,0,0.619047619
1436,4,0,0.670194004
116,2,0,0.608547009
1174,5,0,0.734126984
580,4,0.38,0.748015873
1195,4,0.28,0.860995851
820,2,0,0.698412698
1273,3,0,0.709543568
1431,4,0,0.630769231
1085,5,0.21,0.685714286
94,1,0,0.573333333
671,6,0,0.617142857
452,1,0,0.615520282
1297,7,0,0.813278008
770,5,0.84,0.740740741
833,5,0.01,0.678095238
426,1,0,0.601980198
966,7,0.29,0.64950495
1650,2,1.39,0.625742574
1720,5,0,0.801587302
409,6,0,0.630705394
830,1,0,0.693121693
512,4,0.04,0.597883598
1114,2,0,0.892857143
898,1,0,0.751984127
2099,6,0,0.714285714
1524,2,0,0.663366337
308,6,0,0.512820513
1937,7,0.57,0.601904762
50,5,0.05,0.488888889
275,4,0,0.625742574
2075,2,0.03,0.603809524
2029,3,0,0.709543568
1907,2,0,0.643809524
1145,1,0.17,0.697142857
1792,3,0.23,0.617063492
1995,7,0,0.487179487
1209,2,0,0.639316239
2047,6,0,0.630705394
1463,5,0,0.765714286
133,4,0,0.541446208
1395,5,0,0.71965812
52,1,0,0.56952381
720,1,0,0.774257426
455,5,0.03,0.613333333
1643,7,0,0.727619048
1320,3,0.63,0.706930693
628,5,0,0.718253968
1941,5,0,0.576068376
670,5,0.02,0.712301587
1834,3,0,0.672619048
1571,2,0.16,0.651428571
206,3,0.05,0.48034188
1020,2,0.08,0.716831683
45,5,0,0.704365079
789,2,0.14,0.620512821
1251,2,0,0.673504274
1412,7,0.5,0.634920635
919,7,0.03,0.738589212
93,6,0.02,0.575396825
139,5,0,0.525573192
1867,4,0,0.639004149
1522,7,0.03,0.660714286
1221,4,0,0.676923077
388,7,0,0.573412698
1575,7,0.04,0.608547009
2108,4,0,0.580246914
1646,4,0,0.687830688
140,6,0,0.565811966
1266,1,0,0.734653465
1853,7,0.44,0.632380952
1970,2,0.25,0.541446208
1075,5,0,0.798755187
1233,6,0,0.64957265
1185,5,0.52,0.630769231
519,6,0,0.533333333
1787,3,0.43,0.64
1777,3,0.05,0.68879668
303,6,0,0.567460317
2190,1,0,0.641584158
213,5,0,0.609126984
2039,3,0,0.615238095
458,2,0,0.703703704
329,6,0,0.594059406
1569,6,1.7,0.622222222
1756,4,0,0.686507937
1829,3,0,0.727619048
450,5,0,0.64950495
1798,4,0.63,0.646825397
674,3,0,0.633156966
1470,7,0.04,0.742574257
1886,2,0,0.532627866
1708,3,0.01,0.674603175
365,4,0.05,0.540952381
733,4,0.04,0.717842324
1130,2,0.48,0.708994709
451,6,0,0.659751037
1263,4,0,0.656410256
1061,1,0,0.68952381
242,2,0,0.524786325
1604,4,0,0.634920635
292,6,0,0.64
882,7,0,0.84950495
1257,3,0.07,0.601709402
1567,3,0,0.668049793
810,2,0.92,0.708910891
741,1,0.2,0.625641026
859,4,0.02,0.825726141
1519,2,0.01,0.701244813
918,6,0,0.736633663
1988,5,0,0.499118166
996,5,0,0.754455446
402,4,0.01,0.592079208
2037,7,0,0.538461538
149,4,0,0.657425743
1820,5,0,0.716049383
132,2,0,0.649377593
492,5,0,0.702970297
1253,5,0,0.737142857
1767,4,0,0.618803419
465,4,0,0.58974359
1476,1,0.01,0.748514851
152,1,0.06,0.572649573
1842,6,0,0.687128713
831,2,0,0.61025641
637,2,0,0.647302905
121,2,0,0.502645503
1027,4,0.5,0.709543568
1346,3,0.01,0.733686067
305,2,1.94,0.598019802
596,4,0,0.682539683
906,4,0.22,0.833663366
928,6,0,0.71031746
1529,2,0,0.651428571
811,3,0,0.778008299
2088,5,0.36,0.689108911
848,4,0.01,0.687830688
1188,2,0.17,0.685148515
1960,3,0.1,0.615079365
1452,4,0.02,0.786138614
1475,7,0.26,0.657142857
863,3,0.7,0.681904762
1316,5,0,0.62962963
651,7,0,0.562393162
1357,3,0.23,0.748962656
1679,6,0.19,0.603809524
987,7,1.44,0.68034188
1516,6,0.02,0.662698413
1140,1,0,0.752475248
299,1,0,0.617821782
1398,2,0.29,0.691089109
1944,2,0,0.655445545
2127,1,0.03,0.543589744
422,3,0.5,0.541446208
1683,4,0,0.502564103
1703,3,0.99,0.582857143
1184,4,0,0.657848325
1199,3,0,0.704761905
2077,4,0,0.641078838
130,7,0,0.655238095
1818,2,0,0.691089109
2125,5,0,0.643153527
1525,3,0,0.746887967
1393,2,0,0.686721992
1283,3,0,0.695238095
1405,4,0,0.699170124
1212,6,0.52,0.693069307
97,5,0,0.636684303
584,2,0.02,0.654320988
2164,2,0.02,0.593253968
224,6,0,0.502564103
284,2,0,0.509401709
1848,7,0.1,0.59009901
483,7,0,0.538461538
792,6,0.02,0.588118812
2093,5,0,0.643809524
1678,5,0.7,0.771825397
2134,4,0,0.609126984
1165,6,0,0.834024896
2018,3,0,0.627865961
911,4,0,0.817142857
1872,4,0,0.598019802
1364,6,0,0.643738977
680,4,0.03,0.617283951
1478,4,0,0.613756614
2046,5,0,0.62970297
1058,4,0.02,0.712522046
944,6,0,0.754850088
2021,7,0,0.596190476
577,6,0,0.726141079
1302,7,0,0.794059406
368,1,0.01,0.509700176
758,3,0,0.656084656
441,7,0,0.632478632
760,6,0,0.682539683
478,1,0,0.638888889
1979,7,0,0.592380952
2120,6,0,0.62962963
807,5,0.16,0.707692308
2053,7,0,0.622406639
411,2,0,0.644444444
131,1,0.4,0.665346535
1264,6,0.33,0.884920635
1660,2,0,0.652777778
2001,1,0,0.569230769
1173,3,0,0.632478632
748,4,0,0.615079365
1271,1,0,0.761904762
285,3,0.03,0.581349206
1193,2,0,0.702857143
934,7,0.03,0.712301587
1510,5,0.01,0.71031746
1299,3,0,0.618803419
1864,1,0,0.680555556
1111,4,0.01,0.728215768
557,1,0,0.620952381
1858,7,0,0.66468254
1541,4,0.07,0.632380952
1768,6,0,0.64484127
1676,2,0,0.627865961
1039,6,0,0.790456432
889,2,1.28,0.763485477
1441,3,0,0.709543568
836,2,0,0.633156966
1793,4,0,0.68952381
994,3,0,0.738095238
1926,6,0,0.586138614
943,4,0.01,0.697095436
1912,2,0,0.628968254
2129,4,0,0.636190476
1335,2,0.25,0.629059829
762,1,0,0.772277228
1396,7,1.01,0.746031746
1846,5,0,0.75
857,2,0.01,0.674285714
585,3,0.04,0.603418803
169,3,0,0.603174603
1776,2,0,0.687128713
1508,2,0.01,0.633156966
1778,5,0,0.693121693
711,3,0,0.615384615
1305,4,0,0.683760684
14,6,0.08,0.478632479
1821,6,0,0.547008547
486,4,0,0.641584158
1182,1,0,0.77029703
1780,1,0,0.712301587
198,6,0,0.643153527
921,3,0,0.666666667
665,5,0,0.72
1873,5,0,0.649377593
701,4,0.37,0.647619048
1831,5,0.02,0.798755187
1826,6,0.04,0.723104056
66,5,0,0.730290456
1372,3,0.04,0.833333333
1201,5,1.43,0.786307054
1331,4,0,0.67047619
988,2,0,0.755952381
339,5,0,0.674603175
1754,1,0,0.659611993
42,1,0,0.639004149
444,4,0,0.653465347
101,3,0,0.607920792
1390,6,0,0.763888889
176,5,0,0.582905983
1348,6,2.25,0.755952381
1636,5,0.72,0.694444444
1132,5,0.04,0.726190476
2112,2,0,0.615841584
1352,4,0,0.654320988
805,2,0,0.773858921
381,4,0,0.500854701
88,7,0,0.537142857
1728,1,0.17,0.627722772
1870,2,0.01,0.652777778
1447,4,0,0.838174274
659,4,0.06,0.681904762
366,5,0.32,0.702970297
524,6,0.02,0.643738977
1213,7,0.32,0.757261411
1514,3,1.04,0.647266314
1945,3,0.03,0.730290456
1131,3,0.05,0.569230769
1894,6,0,0.708333333
721,2,1.14,0.755186722
311,3,1.22,0.62970297
1700,6,0,0.636684303
561,6,0,0.582905983
591,4,0.21,0.553846154
165,4,0,0.678571429
1380,6,0.06,0.772277228
1852,6,0,0.670634921
1337,5,0,0.651428571
718,6,0,0.571428571
1110,3,0,0.740594059
1203,1,0,0.697435897
1534,2,0,0.71031746
1789,5,0,0.695020747
1198,2,0.01,0.833333333
1227,5,0,0.699145299
618,5,0.02,0.702970297
98,6,0,0.591452991
438,3,0,0.598019802
2182,5,0,0.686507937
757,1,0,0.821576763
1048,5,0,0.720238095
1690,7,0,0.601190476
1984,7,0,0.615079365
1716,6,0,0.63960396
1952,6,0.04,0.571428571
1929,3,0.44,0.562393162
1544,1,0,0.636684303
2042,7,0,0.537918871
1859,1,0.01,0.63047619
171,5,0,0.634920635
649,4,0.08,0.661825726
1056,1,0,0.78019802
1169,5,0,0.731428571
235,7,0.07,0.522045855
1737,6,0,0.536752137
786,5,0.04,0.669306931
2081,3,0,0.586666667
1138,6,0,0.674603175
1629,2,0,0.576068376
1721,6,0,0.554285714
2143,1,0,0.713692946
1217,6,1.21,0.681904762
2072,5,0,0.627865961
1009,1,0.09,0.755186722
684,2,0,0.643564356
796,5,1.03,0.692460317
2138,2,0.4,0.546737213
487,5,0,0.678423237
915,2,0,0.608547009
218,5,0,0.535042735
1187,1,0,0.796190476
1709,4,0.16,0.634285714
672,7,0,0.605940594
1943,1,0,0.653333333
523,4,0.08,0.67219917
1329,1,0,0.639316239
664,4,0.35,0.642857143
1654,1,0,0.716269841
1224,1,0.26,0.81980198
732,3,0,0.738613861
1229,1,0.03,0.700952381
406,3,0.06,0.654761905
1249,6,0,0.765560166
1262,3,0,0.627865961
1729,2,0,0.736514523
2106,1,0,0.621782178
1849,1,0,0.624481328
1175,6,0,0.782857143
606,3,0,0.76039604
869,4,0.01,0.725714286
244,5,0,0.664761905
2183,6,0.02,0.558095238
1120,3,0,0.702380952
1990,1,0.36,0.674603175
626,2,0.16,0.597883598
1077,1,0.02,0.617094017
1752,5,0,0.712871287
448,3,0.22,0.648809524
842,3,0.65,0.643738977
250,6,0,0.584761905
2049,2,0,0.576068376
1994,6,0,0.574955908
464,3,0.15,0.682539683
1543,6,0.01,0.757261411
92,5,0,0.581196581
2006,1,0,0.710758377
403,5,0,0.670124481
1904,5,0,0.624338624
363,1,0.01,0.535042735
862,2,0,0.761904762
1362,3,0,0.827722772
2004,5,0,0.689108911
1816,7,0.3,0.714285714
1696,1,0,0.692460317
640,7,0,0.64484127
2069,1,0,0.697142857
1921,6,0,0.636929461
1738,1,0,0.742063492
1292,1,0,0.693121693
699,1,0,0.6
154,4,0.02,0.592380952
629,6,0.15,0.704761905
389,1,0,0.628571429
616,3,0,0.658730159
279,2,0,0.569444444
1936,6,0.12,0.589285714
2145,4,0.84,0.548717949
1127,5,0,0.683809524
1413,1,0.09,0.579487179
1489,4,0,0.649377593
2054,2,0.1,0.552028219
2074,1,0.28,0.58531746
1477,2,0,0.636929461
87,5,0,0.700396825
2044,3,0,0.626984127
992,7,0,0.728395062
1688,4,0,0.555555556
474,2,0,0.633663366
1868,6,0,0.58377425
1843,7,0,0.742738589
1874,7,0,0.523809524
1261,1,0,0.798755187
454,4,0.13,0.64484127
867,1,0.43,0.582905983
1072,2,0,0.722222222
436,1,0.79,0.66468254
1154,6,0.18,0.710758377
559,3,0,0.634854772
777,7,0.18,0.567521368
432,2,0,0.60990099
1775,1,1.19,0.666666667
86,4,0,0.664957265
1568,5,0,0.710758377
129,5,0,0.64484127
1113,7,0,0.717948718
1250,1,0.04,0.733686067
416,2,0,0.604938272
1741,4,0,0.67219917
878,2,0.08,0.631393298
1517,7,0,0.643809524
2178,6,0.01,0.61980198
1091,6,0.01,0.80952381
546,7,0.05,0.673267327
634,6,0,0.654761905
554,4,0.42,0.594356261
767,1,0,0.607619048
514,7,0,0.593253968
1119,1,0,0.594871795
1962,5,0,0.673267327
1658,6,0.1,0.589065256
2176,4,0,0.626984127
1740,3,0,0.601980198
978,2,0,0.772277228
1040,1,0.08,0.686067019
228,4,0.33,0.695020747
2158,1,0.26,0.579365079
1889,6,0,0.607619048
582,6,0,0.6
614,7,0,0.590828924
1336,4,0,0.791666667
1645,2,0,0.875518672
840,7,0.01,0.697029703
2036,6,0,0.567901235
1978,6,0,0.638888889
2031,6,0,0.541880342
1932,7,0.15,0.596039604
1181,7,0,0.68952381
814,1,0,0.759920635
1078,3,0,0.78968254
413,5,0,0.588571429
2027,1,0,0.71047619
1681,1,0,0.692946058
946,2,0,0.660714286
1379,5,0.07,0.76952381
1779,6,0.04,0.577777778
942,3,0.01,0.752475248
316,3,0.05,0.615238095
599,1,0,0.601904762
734,6,0.04,0.622574956
317,4,0.11,0.675247525
1898,4,0,0.532627866
972,1,0.1,0.736633663
565,4,0.16,0.641078838
1008,7,0,0.742574257
360,4,0,0.702970297
849,5,0,0.673504274
18,4,0,0.753112033
964,5,0.06,0.626984127
158,2,0.04,0.586324786
301,4,0.27,0.590828924
1590,6,0,0.748514851
407,4,0,0.580952381
829,6,0.13,0.77593361
1799,5,0,0.752380952
2090,1,0,0.596119929
716,3,0.07,0.666666667
208,6,0,0.552380952
398,6,0,0.566137566
714,7,0,0.637623762
1916,7,0,0.552028219
801,4,0,0.641025641
1108,1,0,0.777777778
276,5,0,0.709543568
435,6,0,0.582905983
1026,3,0.03,0.930693069
1642,6,0.1,0.76984127
241,1,0,0.490299824
2008,4,0,0.716269841
755,6,0.07,0.634285714
794,2,0.17,0.64021164
1068,3,0.96,0.768316832
1098,1,0.01,0.835643564
266,6,0,0.47008547
1428,7,0.06,0.726732673
1707,1,0,0.582905983
567,7,0,0.538461538
201,3,0.74,0.654761905
265,5,0,0.587301587
1689,5,0,0.6
60,4,0,0.657676349
111,2,0,0.593253968
1384,5,1.2,0.704365079
1126,4,0.13,0.738095238
1781,2,0.51,0.651428571
2057,6,0.01,0.605714286
1673,5,0.13,0.624761905
1007,6,0.02,0.674285714
210,1,0,0.705394191
533,4,1.33,0.615238095
1626,5,0,0.714851485
439,4,0.32,0.676348548
1386,7,0,0.75049505
1074,4,0.04,0.807920792
798,7,0.43,0.625742574
1552,5,0,0.732142857
1880,1,0,0.62962963
696,4,0,0.695049505
1879,6,0,0.647302905
1975,1,0,0.680497925
845,7,0.4,0.63047619
91,4,0,0.557319224
1215,3,0,0.652991453
2003,4,0,0.662857143
1245,1,0,0.668376068
1092,7,0,0.885148515
1156,2,0,0.722222222
1968,6,0.17,0.59009901
886,6,0.14,0.736111111
429,5,0,0.663247863
1415,4,0,0.71047619
835,7,0.47,0.736514523
910,3,1.09,0.882936508
1719,3,0,0.641025641
1770,1,0,0.655445545
708,6,0.03,0.669306931
1735,3,0.01,0.751037344
2115,6,0,0.514529915
1401,6,0,0.699145299
313,6,0,0.507936508
1812,1,0.01,0.691089109
56,6,0,0.509401709
466,6,0,0.595238095
1210,4,0,0.724206349
1546,4,0,0.716269841
771,6,0.59,0.541880342
1359,6,0.29,0.617094017
1166,1,0.04,0.684303351
1311,5,0,0.700854701
1152,3,0,0.732673267
1701,7,0,0.598290598
687,6,0.29,0.567521368
1723,1,0,0.699170124
1086,6,0,0.801980198
1715,5,0,0.676190476
1343,6,0,0.72952381
1445,2,0.04,0.676190476
1400,5,4.22,0.701940035
1220,3,0.19,0.71957672
731,2,0.37,0.56952381
1326,4,0.01,0.718811881
558,2,0,0.584158416
756,7,0,0.631683168
1404,3,0.03,0.722772277
1542,5,0,0.75049505
897,6,0.23,0.565811966
1863,6,0,0.55042735
1931,6,0.53,0.611428571
491,4,0,0.596190476
572,7,0,0.574955908
712,5,0.05,0.654761905
1577,3,0.07,0.761904762
1593,3,0,0.663247863
280,4,0,0.552380952
1576,2,0,0.755952381
205,2,0,0.520282187
1906,1,0,0.623015873
21,1,0,0.615079365
1361,2,0,0.708571429
1123,6,0,0.821576763
1015,2,0,0.705394191
816,3,0,0.702970297
1134,7,0,0.76039604
1280,6,0.21,0.777777778
1421,5,0,0.622857143
1558,6,0.06,0.755952381
725,1,1.11,0.761904762
1149,6,0,0.618803419
185,3,0,0.659405941
1890,7,0,0.588118812
2170,3,0,0.654761905
612,4,0.02,0.702970297
729,6,0,0.521367521
971,7,0,0.68952381
1001,5,0.06,0.712380952
539,5,0.88,0.744761905
976,7,0,0.740079365
1222,6,0.01,0.748015873
936,2,0,0.706930693
136,1,0,0.691428571
907,5,0,0.778008299
953,4,0,0.672380952
695,3,0,0.685714286
656,7,0,0.560846561
1073,3,0,0.695238095
2168,7,0,0.497354497
125,7,0,0.627722772
281,5,0,0.621782178
527,3,0,0.626666667
1389,4,0,0.635897436
2070,2,0,0.60990099
962,2,0,0.564373898
1407,7,0,0.603418803
80,3,0,0.543589744
1881,2,0,0.531623932
2117,2,0.02,0.704761905
424,6,0,0.632936508
818,6,0.08,0.700176367
772,1,0,0.746031746
1860,2,0.29,0.738613861
957,2,0.1,0.637606838
269,3,0,0.588118812
1180,6,0.01,0.744047619
2135,5,0,0.678095238
2148,1,0,0.588118812
1248,5,0,0.764356436
268,2,0,0.651428571
1426,5,0.06,0.706349206
383,7,0,0.575238095
647,2,0,0.699047619
375,3,0.06,0.499145299
736,2,0,0.700396825
1406,6,3.17,0.707231041
79,2,0,0.578483245
1028,6,0.01,0.698412698
564,3,0.07,0.63960396
124,6,0.01,0.64952381
1635,3,0,0.572649573
1616,6,0,0.742504409
161,6,0,0.621782178
1360,1,0,0.744047619
1784,6,0,0.634920635
1639,1,0.1,0.736514523
337,3,0,0.57319224
860,6,0,0.64021164
1183,2,0.07,0.744813278
1791,1,0,0.651282051
783,1,0.05,0.625641026
1587,2,0,0.603418803
574,3,0.08,0.581349206
1628,1,0,0.64021164
806,4,0.24,0.597883598
1255,7,0,0.769709544
1857,5,0.47,0.642735043
2091,2,0.15,0.601709402
1666,3,0,0.714285714
1687,2,0,0.726141079
2089,6,0,0.670124481
745,6,0.02,0.657676349
706,4,0.63,0.712301587
1711,6,0.45,0.711618257
769,3,0.1,0.755186722
258,2,0.44,0.697095436
1592,2,0,0.689594356
1129,7,0,0.744813278
610,2,0,0.652777778
217,4,0.01,0.553791887
909,1,0.02,0.782905983
993,1,1.54,0.564102564
790,4,0.02,0.650793651
683,1,0,0.662857143
2156,5,0,0.520282187
1619,3,0,0.659047619
1267,2,0.68,0.778008299
1855,2,0,0.647302905
1692,2,0.12,0.710891089
1827,7,0.74,0.709401709
1924,4,0,0.736111111
1374,5,0.18,0.756435644
1151,2,0.22,0.681904762
1832,7,0,0.615520282
963,3,0.08,0.652991453
1375,6,0,0.738589212
973,2,0,0.796680498
1991,2,0,0.691428571
247,2,0,0.476190476
1680,7,0.19,0.62970297
343,4,0,0.546737213
1082,1,0.2,0.682539683
1844,2,0.02,0.636684303
16,2,0.09,0.617142857
109,7,0.04,0.546737213
933,5,0,0.635897436
2102,3,0.02,0.620811287
1556,3,0,0.714285714
688,1,0,0.71031746
2174,1,0,0.569664903
1948,1,0,0.636904762
1471,1,0.67,0.782157676
262,1,0,0.638095238
2063,7,0,0.556190476
1553,6,0,0.697142857
787,6,0,0.661825726
1451,3,0,0.699047619
1578,4,0,0.778217822
1487,2,0,0.622857143
823,5,0.28,0.771784232
774,3,0,0.756435644
1488,3,0,0.643564356
1939,2,0,0.738589212
1231,3,0,0.736514523
1454,7,0,0.641975309
1347,4,0,0.666666667
1128,6,0,0.742574257
1869,7,0,0.54017094
1808,3,0.03,0.675485009
624,6,0.29,0.586138614
854,5,0,0.670194004
2073,6,0,0.55042735
895,3,0.74,0.755186722
1418,1,0,0.677248677
1963,6,0,0.67219917
1383,3,0.94,0.618803419
1189,3,0.08,0.757261411
739,5,0.32,0.751037344
1614,3,0.24,0.693069307
146,7,0,0.535042735
1484,5,0.22,0.687830688
1783,4,0.01,0.717842324
838,5,0,0.753968254
1573,4,0,0.819502075
566,6,0.01,0.634920635
650,6,0,0.590828924
1117,5,0,0.877593361
122,3,0.01,0.6
749,5,0,0.691428571
740,7,0,0.603174603
663,2,0,0.547008547
1555,1,0.15,0.817427386
620,1,0.45,0.566137566
1655,2,0,0.619047619
1499,4,0,0.666666667
1480,7,0,0.702380952
1013,7,0.03,0.697142857
1381,7,0.07,0.755186722
509,7,0.48,0.64952381
2035,4,0,0.670124481
694,2,0.01,0.636904762
1901,1,0.09,0.636190476
76,5,0.03,0.681904762
459,3,0,0.521367521
73,1,0,0.659611993
1030,2,0,0.746031746
405,1,0,0.6
1330,3,0,0.658730159
1469,6,0,0.67047619
127,3,0,0.522045855
956,1,0.21,0.701940035
1399,3,0.17,0.697095436
5,1,0,0.83960396
1871,3,0,0.695238095
1378,4,0.22,0.68452381
371,5,0,0.582857143
872,1,0,0.619047619
717,4,0,0.548717949
1162,3,0,0.656746032
1397,1,0.06,0.662857143
861,7,0.01,0.555555556
1279,4,0,0.883817427
2064,1,0,0.695049505
641,1,0,0.643809524
319,7,0,0.513227513
479,2,0,0.619047619
1622,7,0,0.694885362
1796,1,0,0.626102293
1985,1,0,0.662857143
1718,2,0.48,0.633156966
1063,3,0,0.809128631
1265,7,0,0.708571429
576,5,0.09,0.631683168
844,6,0,0.746031746
1815,5,0,0.622222222
24,5,0,0.70746888
1854,1,0.36,0.691089109
1644,1,0.01,0.831683168
64,3,0.24,0.552380952
1563,5,0.26,0.67008547
932,4,0.1,0.698412698
1385,6,0,0.767619048
119,6,0,0.651485149
1911,7,0,0.555555556
347,2,0,0.645544554
2016,7,0.85,0.623762376
913,6,0,0.771784232
719,7,1.88,0.6
485,3,0,0.63047619
1179,4,0,0.531623932
1373,4,0.21,0.687619048
1363,4,0.45,0.742738589
134,5,0,0.675213675
690,3,0,0.695049505
482,6,0,0.617283951
1989,6,0.09,0.531623932
2015,6,0,0.659047619
947,3,0,0.716190476
307,5,0.5,0.567901235
1240,2,0,0.888888889
727,3,1.29,0.807053942
2114,5,0,0.67372134
1430,3,0,0.659611993
223,5,0,0.569664903
1382,2,0,0.64021164
348,3,0,0.645228216
800,3,0.14,0.677248677
804,1,0.37,0.798019802
147,1,0,0.686507937
387,5,0,0.558974359
636,1,0.33,0.669306931
1559,7,0,0.683809524
2085,1,0.95,0.593162393
503,6,0.5,0.613333333
1606,7,0,0.761904762
1905,6,0,0.555555556
1300,5,0,0.78968254
1293,2,0,0.581196581
979,3,0,0.736514523
592,6,0.08,0.597222222
1462,4,0,0.886904762
1442,5,0.02,0.731922399
181,5,0,0.589065256
1672,4,0.06,0.682539683
555,5,0.25,0.593162393
704,1,0.11,0.636684303
583,7,0,0.699170124
394,1,0,0.755952381
1511,6,0,0.60952381
1547,5,0,0.725714286
654,4,0.1,0.653465347
1845,3,0,0.673504274
935,1,0,0.67047619
1369,5,0,0.711618257
151,7,0.09,0.500881834
1341,3,0,0.635897436
103,6,0,0.552028219
504,7,0,0.611881188
888,1,0,0.823762376
1670,1,0.01,0.571428571
621,2,0.03,0.658119658
1506,6,0.08,0.621782178
1648,7,1.29,0.589285714
1705,5,0.11,0.680497925
2078,6,0,0.641975309
428,4,0.13,0.611992945
1052,3,1.1,0.671957672
1515,4,0,0.548717949
164,3,0,0.502564103
2058,7,0,0.655445545
681,5,0,0.67008547
1225,2,0,0.796680498
1998,4,0,0.621782178
1411,5,0,0.713692946
642,2,0,0.671287129
1996,2,0.65,0.668650794
1003,7,0.2,0.670124481
1234,1,0.17,0.78968254
1677,3,0,0.586324786
1875,1,0,0.564102564
271,6,0,0.479717813
1811,7,0.01,0.632380952
1526,5,0.01,0.647266314
1366,2,0.29,0.716269841
594,1,0.03,0.641584158
631,1,0.4,0.686721992
2020,6,0,0.718253968
1920,5,0.08,0.681188119
1006,5,0,0.718253968
48,2,0.38,0.682572614
1919,4,0.18,0.601904762
1743,7,0,0.509401709
595,2,0,0.649377593
639,5,0,0.632478632
1025,2,0.23,0.712380952
1888,5,0,0.676587302
1866,3,0.01,0.631683168
1957,5,0.31,0.665975104
1501,6,0,0.730290456
1232,5,0,0.765432099
1539,1,0,0.6
352,2,0.01,0.571428571
1574,6,0,0.682539683
236,1,0,0.488888889
179,2,0,0.588118812
1531,4,0.37,0.825726141
846,1,0.12,0.702970297
2017,1,0.06,0.661825726
1782,3,0,0.734653465
399,7,0,0.488888889
10,1,0,0.567619048
1295,5,0.66,0.887619048
297,5,0,0.66468254
2141,6,0,0.634285714
1087,7,0,0.713692946
573,1,0,0.560683761
2130,5,0.06,0.655445545
377,6,0,0.548571429
433,3,0.15,0.659751037
899,2,0,0.739047619
263,2,0,0.615841584
351,7,0,0.571428571
1196,6,0,0.677248677
1414,3,0,0.797619048
544,5,0.05,0.797619048
470,4,0.24,0.700176367
137,2,0.29,0.673267327
1435,2,0.45,0.701244813
1847,6,0,0.678095238
81,4,0,0.662698413
1237,4,0,0.786307054
1069,4,0.16,0.784232365
160,5,0,0.653333333
1191,6,0.03,0.613675214
1823,2,0,0.695238095
1611,6,0,0.618803419
1602,1,0,0.742574257
2179,7,0.76,0.701244813
611,3,0,0.672380952
556,7,0.01,0.615079365
1971,3,0,0.500854701
1583,4,0,0.647619048
999,2,1.75,0.700854701
326,2,0,0.557264957
256,7,0,0.571428571
1835,4,0.34,0.638095238
1788,4,0,0.633663366
1837,6,0,0.670124481
1466,2,0,0.677248677
123,4,0,0.617063492
1254,6,0,0.744554455
1016,4,0.84,0.724867725
1304,3,0.07,0.670194004
1805,6,0,0.56952381
2082,4,0,0.625742574
743,4,0,0.638095238
2107,2,0,0.653526971
502,5,1,0.670634921
813,6,0.03,0.765811966
1884,6,0.02,0.6
1486,1,0,0.75
1439,1,0.16,0.6
1309,2,0.27,0.746887967
1955,3,0.04,0.561904762
1107,6,0,0.705982906
1523,1,0,0.64952381
1959,1,0,0.52991453
2010,6,0,0.722772277
1809,4,0.06,0.533333333
669,3,0,0.51965812
1042,4,0.69,0.734126984
1790,7,0,0.626102293
1106,5,0.05,0.680776014
1518,1,0,0.683168317
1340,2,0.15,0.596119929
1444,1,0,0.831349206
551,7,0,0.580952381
1922,1,0,0.534391534
291,4,0,0.607142857
1067,2,0,0.746666667
1521,5,0.22,0.553846154
2103,4,0.09,0.588034188
113,5,0,0.635643564
2111,1,0,0.607619048
481,4,0.08,0.626556017
1598,3,0,0.717813051
1034,7,0.73,0.747795414
2040,4,0,0.631683168
506,3,0,0.608465608
526,2,0,0.726190476
1633,7,0.73,0.676348548
1588,4,0.24,0.740079365
1806,7,0.14,0.621782178
1634,2,0,0.661375661
1950,3,0,0.697029703
1425,3,0,0.596581197
196,4,0,0.571428571
1260,7,0,0.695049505
1882,4,0,0.619047619
779,3,0.03,0.615238095
658,3,0,0.676587302
870,5,0,0.772277228
1136,3,0,0.774250441
1794,5,0,0.75049505
1637,6,0,0.603809524
2013,3,0.03,0.577777778
633,4,0.34,0.572649573
1319,2,0,0.706666667
1607,1,0,0.733333333
344,5,0,0.492307692
177,6,0,0.619047619
705,2,0,0.564102564
587,6,0,0.594285714
1294,4,0,0.765873016
1306,6,0,0.751984127
871,6,0.05,0.794605809
418,5,0,0.648809524
662,1,0,0.611992945
984,3,0,0.742574257
983,2,0,0.742857143
1071,7,0,0.545299145
135,6,0.01,0.615079365
367,6,0,0.645228216
259,4,0,0.507936508
1536,4,0,0.617821782
1560,1,0,0.675247525
1564,7,0.03,0.670634921
1856,4,0,0.592592593
1204,3,0,0.779761905
1089,3,0,0.733333333
552,1,0,0.625742574
68,1,0.15,0.526495726
1422,6,0.11,0.76039604
808,7,0,0.712301587
931,2,0,0.790456432
581,5,0.36,0.619047619
1699,4,0,0.639004149
1807,1,0.03,0.690871369
623,5,0.15,0.702857143
513,5,0.01,0.601709402
773,2,0.3,0.643809524
421,1,0,0.678423237
1022,5,0.37,0.728395062
390,2,0.08,0.615841584
2024,4,0,0.592592593
1467,3,0,0.620512821
2032,1,0.45,0.678571429
532,3,0,0.71031746
851,1,0.07,0.718095238
1208,1,0,0.668430335
1710,5,0,0.592079208
1350,1,0,0.78019802
1570,1,0,0.662698413
1288,3,0,0.763888889
2116,1,0,0.571428571
1438,7,0.27,0.757936508
1951,4,0.18,0.680497925
261,6,0,0.589285714
803,7,0,0.668571429
622,4,0,0.692460317
447,1,0,0.637606838
1139,7,0,0.740952381
815,2,0,0.647619048
710,2,0.43,0.684303351
1161,1,0.06,0.687179487
1804,5,0,0.712301587
1732,7,0.54,0.712301587
1483,3,0.17,0.674273859
374,2,0,0.585537919
571,5,0.16,0.684647303
2121,7,0,0.552136752
1047,3,0,0.594871795
590,3,0,0.666666667
1669,6,0,0.709543568
602,5,0,0.60670194
1365,7,0.05,0.71965812
1465,7,0.78,0.817427386
172,7,0,0.586666667
442,2,0.11,0.726190476
2087,4,0,0.622857143
885,4,0.06,0.675213675
1992,3,0,0.663366337
753,3,0.01,0.579487179
1730,4,0.01,0.608465608
797,6,0,0.634285714
1376,1,0,0.647266314
1122,5,0.52,0.752475248
1057,2,0.05,0.807053942
518,5,0.1,0.633156966
941,2,0,0.740952381
192,5,0.03,0.773858921
989,3,0.05,0.72952381
1887,3,0,0.52991453
1011,4,0.33,0.661538462
960,6,0.28,0.700990099
2002,3,0,0.64484127
1402,1,0,0.716269841
508,6,0,0.640873016
443,3,0.02,0.579047619
1010,3,0,0.664902998
538,4,0.39,0.682539683
170,4,0.03,0.582905983
521,2,0,0.607619048
522,3,0.04,0.584158416
1050,7,0,0.805940594
1355,1,0,0.699047619
1566,2,0,0.706930693
1551,3,0,0.629059829
1786,2,0,0.694444444
873,2,0.06,0.625641026
304,1,0,0.64
1496,7,0,0.670194004
1839,2,0,0.598290598
560,5,0.66,0.652557319
530,7,0,0.624338624
632,3,0,0.67372134
274,3,0,0.596190476
905,3,0,0.628571429
1115,3,0,0.824761905
990,4,0,0.661386139
1012,6,0,0.636904762
754,5,0,0.698412698
148,3,0.03,0.664761905
1535,3,0,0.626666667
1125,2,0.76,0.594871795
2096,2,0.12,0.529100529
890,4,0.68,0.608465608
1051,1,0.13,0.794605809
1468,5,0,0.753968254
995,4,1.05,0.752380952
1167,2,0.66,0.58974359
1876,3,0.01,0.593253968
1325,3,0,0.725714286
1307,7,0,0.773333333
742,3,0.4,0.650793651
1766,3,0,0.590828924
1612,1,0.03,0.724206349
2123,3,0,0.681904762
600,2,0,0.659405941
1609,3,0,0.670124481
965,6,0.02,0.68
1216,5,0.74,0.75
376,5,0.01,0.632936508
2126,7,0,0.523809524
645,6,0,0.576068376
1423,7,0,0.699170124
1494,4,0.45,0.689108911
220,1,0,0.708571429
693,7,0.34,0.606837607
1972,5,0,0.640873016
1774,7,0,0.700396825
1797,2,0,0.552136752
1023,6,0,0.656410256
589,1,0.08,0.744813278
2097,3,0,0.564102564
722,4,0.13,0.756613757
1638,7,0.03,0.63960396
607,4,0.06,0.728215768
496,4,0.17,0.656746032
2030,5,0,0.686067019
1724,3,1.2,0.679012346
775,4,0.38,0.721991701
240,6,0,0.690871369
1801,7,2.29,0.657676349
1344,7,0,0.811881188
1064,5,0,0.770723104
1202,7,0,0.668430335
1748,7,0.02,0.615520282
531,1,0.04,0.611965812
1004,2,0,0.779541446
1054,6,0,0.726190476
788,1,0.41,0.701940035
1317,6,0,0.663247863
1615,4,0,0.668049793
2122,2,0,0.603174603
1197,7,0.03,0.608547009
1351,2,0.54,0.761410788
1176,7,0.22,0.702970297
1554,7,0,0.691089109
2172,5,0.52,0.685148515
2157,6,0,0.514529915
689,2,0,0.718095238
1830,4,0.26,0.853465347
1896,1,0,0.611881188
1324,2,0,0.668650794
822,4,0,0.714851485
1659,7,0.02,0.492307692
1540,3,0.01,0.700396825
1018,7,0,0.714285714
1170,6,0.01,0.669306931
516,2,0.39,0.64950495
1141,2,0,0.72406639
1755,2,0,0.618803419
1105,3,1.34,0.753112033
968,3,0.45,0.604938272
1284,4,0.04,0.861386139
1596,7,0,0.683168317
894,2,0,0.827722772
1391,7,0,0.672380952
112,4,0,0.660952381
1538,7,0.01,0.610229277
1146,2,0,0.758415842
1349,7,0,0.655238095
1429,1,0.13,0.72406639
2051,5,0,0.643809524
1219,1,0,0.744813278
1172,2,0.37,0.712522046
2048,1,0,0.599647266
286,5,0,0.76
1377,2,0.7,0.678632479
1746,4,0,0.64950495
456,6,0.14,0.691089109
1094,3,0.03,0.705467372
747,2,0.78,0.558974359
1977,4,0.26,0.499145299
67,7,0.07,0.555555556
1605,5,0,0.65982906
945,7,0,0.547008547
938,5,0,0.756613757
2086,3,0,0.557539683
682,7,0,0.662698413
937,3,0.53,0.755186722
1236,3,0,0.782178218
462,7,0,0.627722772
2132,1,0,0.536155203
2100,7,0,0.627722772
361,5,0,0.705394191
1157,3,0.05,0.60952381
1303,1,0,0.769709544
1200,4,0,0.724752475
1135,1,0,0.854771784
90,2,0,0.657676349
1070,6,0,0.708994709
615,1,0.11,0.625641026
349,5,0,0.553791887
1513,1,0.05,0.742738589
22,3,0.01,0.544761905
1032,4,0.11,0.663366337
1934,3,0,0.532627866
1109,2,0.01,0.740952381
1259,6,0,0.678095238
1623,1,0,0.611965812
627,3,0,0.647863248
837,3,0,0.635897436
1244,7,0,0.735449735
922,5,0,0.740079365
920,2,0.2,0.770723104
1749,1,0,0.652991453
1722,7,0,0.588118812
737,3,0.1,0.664761905
1802,2,0.05,0.675485009
1976,3,0,0.562610229
1603,2,0,0.721991701
1725,4,0,0.67008547
776,6,0.59,0.613756614
1459,6,0,0.701244813
1918,3,0,0.720238095
1243,5,0,0.798755187
542,2,0.03,0.78659612
887,7,0,0.643809524
1228,7,1.33,0.742063492
1116,4,0.15,0.776237624
475,3,0,0.653526971
1437,5,0,0.611965812
515,1,0.1,0.697142857
1685,7,0.44,0.617142857
359,3,1.5,0.664761905
1339,7,0,0.794605809
698,7,0.01,0.562610229
153,2,0.06,0.591269841
1033,5,0.01,0.765560166
901,4,0.13,0.697095436
827,4,0.48,0.67047619
1580,7,0.12,0.680776014
916,4,0.18,0.775793651
2162,6,0,0.57319224
446,7,0,0.51675485
864,4,0,0.805940594
12,3,0,0.630705394
802,6,0.66,0.662698413
434,5,0,0.661375661
1417,6,0,0.7593361
1850,3,0,0.671957672
312,4,0.03,0.711618257
547,1,0,0.782157676
617,4,0.04,0.615238095
809,1,0,0.820952381
1387,1,1.37,0.81120332
1537,5,0.63,0.757261411
764,4,0,0.641975309
401,3,0,0.584761905
1726,6,0,0.706349206
1333,6,0,0.734439834
2023,2,0,0.632780083
2079,7,0.05,0.502564103
881,6,0.26,0.723809524
500,2,0,0.596119929
1433,7,0,0.598095238
883,1,0.01,0.746887967
961,7,0,0.763485477
1158,4,0,0.746534653
1100,4,0.17,0.746031746
2140,5,0,0.662698413
342,2,0,0.628630705
1282,2,0,0.76984127
1833,1,0,0.687179487
318,5,0,0.697095436
1080,5,0,0.700990099
1084,4,0,0.746031746
13,5,0.01,0.48324515
1424,2,0.78,0.705467372
1500,5,0.46,0.665346535
1394,4,0.24,0.650793651
1076,7,0.2,0.693121693
1507,7,0,0.744813278
2012,2,0,0.564373898
549,4,0.02,0.615384615
1610,5,0,0.723104056
178,1,0,0.655238095
331,2,0,0.546737213
493,6,0,0.692946058
1310,4,0,0.767195767
380,3,0,0.57319224
1698,3,0.09,0.689108911
1651,3,0,0.709543568
1973,6,0,0.660952381
1493,3,0,0.548571429
982,1,0,0.742063492
545,6,0,0.723809524
675,4,0,0.629059829
1065,6,0.7,0.593162393
874,4,1.02,0.732142857
1296,6,0,0.906930693
1923,2,0.03,0.54017094
384,1,0,0.643564356
353,3,0,0.60990099
1443,6,0.22,0.611965812
1460,1,0,0.814814815
39,4,0,0.676587302
325,1,0,0.534391534
1252,4,0,0.742063492
1223,7,0.03,0.739047619
1627,6,1.54,0.649377593
752,2,0,0.689594356
414,6,0,0.594059406
207,4,0,0.650793651
2025,5,0,0.558974359
1840,4,0.3,0.716269841
646,1,0,0.676587302
445,5,0.32,0.699170124
490,3,0,0.652777778
1600,6,0,0.775793651
302,5,0,0.507692308
958,4,0,0.740079365
1520,4,0.57,0.624338624
1585,6,0,0.7406639
309,7,0,0.589285714
1691,1,0,0.693333333
1910,6,0,0.624338624
1142,4,0,0.698412698
356,6,0.02,0.582010582
1892,3,0.23,0.532627866
868,3,0,0.746031746
635,7,0.34,0.626666667
715,1,0.4,0.701244813
653,3,0,0.71047619
939,6,0,0.564102564
1949,2,0,0.651428571
724,7,0.71,0.742063492
1449,7,0.15,0.634188034
283,1,0,0.504409171
923,6,0,0.727619048
2118,3,0,0.679207921
1214,2,0,0.716049383
1727,7,5.2,0.563809524
408,5,0,0.732673267
488,7,0,0.537918871
1081,6,0.45,0.834024896
856,1,0,0.753968254
548,3,0,0.668430335
1186,7,0,0.676587302
778,2,0.58,0.68452381
1321,4,0,0.79253112
570,4,0,0.651485149
